url,label,source,collection_date
https://stackoverflow.com/blog/post-102?q=machine+learning,0,Tranco-TopDomains,2026-09-30
http://blog.cloudflare.com/about?category=engineering,0,Tranco-TopDomains,2026-09-30
https://www.apple.com/documentation/getting-started?id=108274,0,Tranco-TopDomains,2026-09-30
https://www.nature.com/download/release-v2.0?q=machine+learning,0,Tranco-TopDomains,2026-09-30
https://linkedin.com/articles/2026/technology?category=engineering,0,Tranco-TopDomains,2026-09-30
https://www.mozilla.org/terms-of-service,0,Tranco-TopDomains,2026-09-30
https://api.cloudflare.com/help/faq?lang=en,0,Tranco-TopDomains,2026-09-30
https://blog.docker.com/explore?category=engineering,0,Tranco-TopDomains,2026-09-30
https://app.salesforce.com/help/faq?q=machine+learning,0,Tranco-TopDomains,2026-09-30
https://www.github.com/legal/privacy-policy,0,Tranco-TopDomains,2026-09-30
https://support.cloudflare.com/blog/post-102?view=grid&filter=active,0,Tranco-TopDomains,2026-09-30
https://netflix.com/help/faq?page=2&sort=recent,0,Tranco-TopDomains,2026-09-30
https://linkedin.com/articles/2026/technology?id=108274,0,Tranco-TopDomains,2026-09-30
https://developer.nytimes.com/pricing?lang=en,0,Tranco-TopDomains,2026-09-30
https://www.nature.com/terms-of-service,0,Tranco-TopDomains,2026-09-30
https://api.github.com/pricing?lang=en,0,Tranco-TopDomains,2026-09-30
https://www.adobe.com/press/announcements?category=engineering,0,Tranco-TopDomains,2026-09-30
https://docker.com/blog/post-102,0,Tranco-TopDomains,2026-09-30
https://blog.nature.com/blog/post-102?category=engineering,0,Tranco-TopDomains,2026-09-30
https://api.slack.com/documentation/getting-started,0,Tranco-TopDomains,2026-09-30
https://apple.com/explore,0,Tranco-TopDomains,2026-09-30
https://app.digitalocean.com/about?category=engineering,0,Tranco-TopDomains,2026-09-30
https://blog.docker.com/blog/post-102?id=108274,0,Tranco-TopDomains,2026-09-30
https://google.com/blog/post-102?page=2&sort=recent,0,Tranco-TopDomains,2026-09-30
https://digitalocean.com/features/security-whitepaper,0,Tranco-TopDomains,2026-09-30
https://blog.medium.com/articles/2026/technology?id=108274,0,Tranco-TopDomains,2026-09-30
https://blog.oracle.com/projects/open-source,0,Tranco-TopDomains,2026-09-30
https://blog.nytimes.com?page=2&sort=recent,0,Tranco-TopDomains,2026-09-30
https://api.stackoverflow.com/legal/privacy-policy?q=machine+learning,0,Tranco-TopDomains,2026-09-30
https://apple.com/press/announcements,0,Tranco-TopDomains,2026-09-30
https://wsj.com/search?view=grid&filter=active,0,Tranco-TopDomains,2026-09-30
https://docs.nytimes.com/download/release-v2.0?q=machine+learning,0,Tranco-TopDomains,2026-09-30
https://docs.mit.edu/pricing?page=2&sort=recent,0,Tranco-TopDomains,2026-09-30
https://developer.reuters.com/explore?q=machine+learning,0,Tranco-TopDomains,2026-09-30
http://dropbox.com/documentation/getting-started?q=machine+learning,0,Tranco-TopDomains,2026-09-30
https://www.amazon.com/about,0,Tranco-TopDomains,2026-09-30
https://blog.wikipedia.org/documentation/getting-started?lang=en,0,Tranco-TopDomains,2026-09-30
https://blog.harvard.edu/search?view=grid&filter=active,0,Tranco-TopDomains,2026-09-30
https://support.reddit.com/projects/open-source,0,Tranco-TopDomains,2026-09-30
https://api.digitalocean.com/download/release-v2.0?category=engineering,0,Tranco-TopDomains,2026-09-30
https://amazon.com/?category=engineering,0,Tranco-TopDomains,2026-09-30
https://www.cloudflare.com/projects/open-source?q=machine+learning,0,Tranco-TopDomains,2026-09-30
https://support.python.org/articles/2026/technology?lang=en,0,Tranco-TopDomains,2026-09-30
https://developer.wikipedia.org/explore,0,Tranco-TopDomains,2026-09-30
https://wsj.com/about?q=machine+learning,0,Tranco-TopDomains,2026-09-30
https://developer.quora.com/projects/open-source?category=engineering,0,Tranco-TopDomains,2026-09-30
https://support.nytimes.com?category=engineering,0,Tranco-TopDomains,2026-09-30
https://docs.docker.com/download/release-v2.0?id=108274,0,Tranco-TopDomains,2026-09-30
https://quora.com/projects/open-source?lang=en,0,Tranco-TopDomains,2026-09-30
https://app.amazon.com/?page=2&sort=recent,0,Tranco-TopDomains,2026-09-30
https://blog.reddit.com/articles/2026/technology,0,Tranco-TopDomains,2026-09-30
https://apple.com/about,0,Tranco-TopDomains,2026-09-30
https://support.cnn.com/explore?q=machine+learning,0,Tranco-TopDomains,2026-09-30
https://app.github.com/about?category=engineering,0,Tranco-TopDomains,2026-09-30
https://api.reuters.com/blog/post-102?q=machine+learning,0,Tranco-TopDomains,2026-09-30
https://www.adobe.com/blog/post-102?category=engineering,0,Tranco-TopDomains,2026-09-30
http://developer.oracle.com/terms-of-service,0,Tranco-TopDomains,2026-09-30
https://cloudflare.com/projects/open-source?id=108274,0,Tranco-TopDomains,2026-09-30
https://spotify.com/documentation/getting-started?page=2&sort=recent,0,Tranco-TopDomains,2026-09-30
http://blog.gitlab.com/legal/privacy-policy?id=108274,0,Tranco-TopDomains,2026-09-30
https://docs.nature.com/explore,0,Tranco-TopDomains,2026-09-30
https://blog.cloudflare.com/search?lang=en,0,Tranco-TopDomains,2026-09-30
https://api.harvard.edu/projects/open-source?lang=en,0,Tranco-TopDomains,2026-09-30
https://medium.com/about?category=engineering,0,Tranco-TopDomains,2026-09-30
https://github.com/terms-of-service,0,Tranco-TopDomains,2026-09-30
https://medium.com/features/security-whitepaper?id=108274,0,Tranco-TopDomains,2026-09-30
https://nature.com/explore,0,Tranco-TopDomains,2026-09-30
https://blog.mozilla.org/?page=2&sort=recent,0,Tranco-TopDomains,2026-09-30
https://support.mozilla.org/search,0,Tranco-TopDomains,2026-09-30
https://api.github.com/projects/open-source?q=machine+learning,0,Tranco-TopDomains,2026-09-30
https://blog.spotify.com/download/release-v2.0,0,Tranco-TopDomains,2026-09-30
http://cnn.com/articles/2026/technology?category=engineering,0,Tranco-TopDomains,2026-09-30
https://support.dropbox.com/documentation/getting-started?lang=en,0,Tranco-TopDomains,2026-09-30
https://support.cloudflare.com/?view=grid&filter=active,0,Tranco-TopDomains,2026-09-30
https://api.docker.com/legal/privacy-policy?q=machine+learning,0,Tranco-TopDomains,2026-09-30
https://support.mit.edu/terms-of-service?lang=en,0,Tranco-TopDomains,2026-09-30
https://api.linkedin.com/pricing?id=108274,0,Tranco-TopDomains,2026-09-30
https://microsoft.com/blog/post-102,0,Tranco-TopDomains,2026-09-30
https://medium.com/explore?category=engineering,0,Tranco-TopDomains,2026-09-30
https://support.adobe.com/explore?category=engineering,0,Tranco-TopDomains,2026-09-30
http://docs.mit.edu/?category=engineering,0,Tranco-TopDomains,2026-09-30
https://www.wsj.com/help/faq?category=engineering,0,Tranco-TopDomains,2026-09-30
https://app.dropbox.com/terms-of-service,0,Tranco-TopDomains,2026-09-30
https://blog.oracle.com/legal/privacy-policy?category=engineering,0,Tranco-TopDomains,2026-09-30
https://blog.salesforce.com/search?q=machine+learning,0,Tranco-TopDomains,2026-09-30
https://zoom.us/legal/privacy-policy?category=engineering,0,Tranco-TopDomains,2026-09-30
https://docs.google.com/legal/privacy-policy?q=machine+learning,0,Tranco-TopDomains,2026-09-30
https://developer.adobe.com/features/security-whitepaper?view=grid&filter=active,0,Tranco-TopDomains,2026-09-30
https://developer.theguardian.com/articles/2026/technology,0,Tranco-TopDomains,2026-09-30
https://dropbox.com/documentation/getting-started?lang=en,0,Tranco-TopDomains,2026-09-30
https://mit.edu,0,Tranco-TopDomains,2026-09-30
https://app.reddit.com/about?view=grid&filter=active,0,Tranco-TopDomains,2026-09-30
https://support.mit.edu/press/announcements?category=engineering,0,Tranco-TopDomains,2026-09-30
https://google.com/download/release-v2.0?q=machine+learning,0,Tranco-TopDomains,2026-09-30
https://developer.reuters.com/?id=108274,0,Tranco-TopDomains,2026-09-30
https://developer.stackoverflow.com/search?view=grid&filter=active,0,Tranco-TopDomains,2026-09-30
https://app.nature.com/terms-of-service?view=grid&filter=active,0,Tranco-TopDomains,2026-09-30
https://support.theguardian.com/features/security-whitepaper,0,Tranco-TopDomains,2026-09-30
https://developer.reddit.com/blog/post-102?q=machine+learning,0,Tranco-TopDomains,2026-09-30
https://blog.linkedin.com/press/announcements?q=machine+learning,0,Tranco-TopDomains,2026-09-30
https://docs.wikipedia.org/documentation/getting-started?lang=en,0,Tranco-TopDomains,2026-09-30
https://wsj.com/search,0,Tranco-TopDomains,2026-09-30
https://www.mozilla.org/about?category=engineering,0,Tranco-TopDomains,2026-09-30
https://developer.wsj.com/download/release-v2.0,0,Tranco-TopDomains,2026-09-30
https://support.stripe.com?category=engineering,0,Tranco-TopDomains,2026-09-30
https://docs.spotify.com/pricing?category=engineering,0,Tranco-TopDomains,2026-09-30
https://app.wsj.com/documentation/getting-started?view=grid&filter=active,0,Tranco-TopDomains,2026-09-30
https://developer.digitalocean.com?category=engineering,0,Tranco-TopDomains,2026-09-30
https://slack.com/features/security-whitepaper,0,Tranco-TopDomains,2026-09-30
https://wsj.com/pricing,0,Tranco-TopDomains,2026-09-30
https://digitalocean.com/features/security-whitepaper,0,Tranco-TopDomains,2026-09-30
https://api.zoom.us/projects/open-source?view=grid&filter=active,0,Tranco-TopDomains,2026-09-30
https://docs.zoom.us/download/release-v2.0?lang=en,0,Tranco-TopDomains,2026-09-30
https://reddit.com/?page=2&sort=recent,0,Tranco-TopDomains,2026-09-30
https://wikipedia.org?q=machine+learning,0,Tranco-TopDomains,2026-09-30
https://app.microsoft.com/search?q=machine+learning,0,Tranco-TopDomains,2026-09-30
https://app.stackoverflow.com/projects/open-source?view=grid&filter=active,0,Tranco-TopDomains,2026-09-30
https://netflix.com/explore,0,Tranco-TopDomains,2026-09-30
https://app.cloudflare.com?lang=en,0,Tranco-TopDomains,2026-09-30
https://support.zoom.us/projects/open-source,0,Tranco-TopDomains,2026-09-30
https://cnn.com/legal/privacy-policy,0,Tranco-TopDomains,2026-09-30
https://api.github.com/download/release-v2.0?page=2&sort=recent,0,Tranco-TopDomains,2026-09-30
https://dropbox.com/download/release-v2.0?view=grid&filter=active,0,Tranco-TopDomains,2026-09-30
https://developer.netflix.com/search?category=engineering,0,Tranco-TopDomains,2026-09-30
https://docs.reuters.com/press/announcements?view=grid&filter=active,0,Tranco-TopDomains,2026-09-30
https://api.linkedin.com/documentation/getting-started,0,Tranco-TopDomains,2026-09-30
https://www.gitlab.com/features/security-whitepaper?category=engineering,0,Tranco-TopDomains,2026-09-30
https://api.quora.com/articles/2026/technology?view=grid&filter=active,0,Tranco-TopDomains,2026-09-30
https://api.medium.com/blog/post-102?lang=en,0,Tranco-TopDomains,2026-09-30
https://www.reuters.com/about?q=machine+learning,0,Tranco-TopDomains,2026-09-30
https://blog.quora.com/documentation/getting-started?view=grid&filter=active,0,Tranco-TopDomains,2026-09-30
https://developer.quora.com,0,Tranco-TopDomains,2026-09-30
https://www.slack.com/legal/privacy-policy?page=2&sort=recent,0,Tranco-TopDomains,2026-09-30
https://api.reuters.com/download/release-v2.0?id=108274,0,Tranco-TopDomains,2026-09-30
https://docs.docker.com/legal/privacy-policy?lang=en,0,Tranco-TopDomains,2026-09-30
https://api.mit.edu/explore?id=108274,0,Tranco-TopDomains,2026-09-30
https://www.bbc.co.uk/projects/open-source?view=grid&filter=active,0,Tranco-TopDomains,2026-09-30
https://app.reuters.com/legal/privacy-policy,0,Tranco-TopDomains,2026-09-30
https://www.salesforce.com/help/faq,0,Tranco-TopDomains,2026-09-30
https://wsj.com/blog/post-102,0,Tranco-TopDomains,2026-09-30
https://docs.nature.com/search?view=grid&filter=active,0,Tranco-TopDomains,2026-09-30
https://app.google.com/legal/privacy-policy?view=grid&filter=active,0,Tranco-TopDomains,2026-09-30
https://dropbox.com/?lang=en,0,Tranco-TopDomains,2026-09-30
https://reddit.com/about?category=engineering,0,Tranco-TopDomains,2026-09-30
https://amazon.com/search?lang=en,0,Tranco-TopDomains,2026-09-30
https://cnn.com/download/release-v2.0?q=machine+learning,0,Tranco-TopDomains,2026-09-30
https://developer.zoom.us/features/security-whitepaper?lang=en,0,Tranco-TopDomains,2026-09-30
https://docs.digitalocean.com/,0,Tranco-TopDomains,2026-09-30
https://www.harvard.edu/blog/post-102,0,Tranco-TopDomains,2026-09-30
http://blog.bbc.co.uk/about,0,Tranco-TopDomains,2026-09-30
http://app.gitlab.com/press/announcements?lang=en,0,Tranco-TopDomains,2026-09-30
https://docs.salesforce.com/features/security-whitepaper,0,Tranco-TopDomains,2026-09-30
https://app.medium.com/projects/open-source?category=engineering,0,Tranco-TopDomains,2026-09-30
https://nih.gov/blog/post-102,0,Tranco-TopDomains,2026-09-30
https://docs.nytimes.com/legal/privacy-policy?view=grid&filter=active,0,Tranco-TopDomains,2026-09-30
https://support.oracle.com/blog/post-102?id=108274,0,Tranco-TopDomains,2026-09-30
https://gitlab.com/?category=engineering,0,Tranco-TopDomains,2026-09-30
https://medium.com/about?q=machine+learning,0,Tranco-TopDomains,2026-09-30
https://docs.microsoft.com/,0,Tranco-TopDomains,2026-09-30
https://docs.gitlab.com/articles/2026/technology?category=engineering,0,Tranco-TopDomains,2026-09-30
https://quora.com/press/announcements?page=2&sort=recent,0,Tranco-TopDomains,2026-09-30
https://adobe.com/articles/2026/technology?page=2&sort=recent,0,Tranco-TopDomains,2026-09-30
http://docs.quora.com/pricing?id=108274,0,Tranco-TopDomains,2026-09-30
https://api.apple.com/blog/post-102?page=2&sort=recent,0,Tranco-TopDomains,2026-09-30
https://blog.slack.com?id=108274,0,Tranco-TopDomains,2026-09-30
https://www.amazon.com/help/faq?view=grid&filter=active,0,Tranco-TopDomains,2026-09-30
https://www.amazon.com/blog/post-102?id=108274,0,Tranco-TopDomains,2026-09-30
http://developer.salesforce.com/press/announcements,0,Tranco-TopDomains,2026-09-30
http://cnn.com/legal/privacy-policy?id=108274,0,Tranco-TopDomains,2026-09-30
https://stripe.com/documentation/getting-started,0,Tranco-TopDomains,2026-09-30
https://stackoverflow.com/press/announcements?lang=en,0,Tranco-TopDomains,2026-09-30
https://support.linkedin.com/press/announcements?view=grid&filter=active,0,Tranco-TopDomains,2026-09-30
https://nature.com/pricing?q=machine+learning,0,Tranco-TopDomains,2026-09-30
https://theguardian.com/about?lang=en,0,Tranco-TopDomains,2026-09-30
https://api.stripe.com/blog/post-102,0,Tranco-TopDomains,2026-09-30
https://app.oracle.com/press/announcements,0,Tranco-TopDomains,2026-09-30
https://api.reddit.com/terms-of-service?id=108274,0,Tranco-TopDomains,2026-09-30
https://developer.zoom.us/terms-of-service?q=machine+learning,0,Tranco-TopDomains,2026-09-30
https://app.cnn.com/pricing?q=machine+learning,0,Tranco-TopDomains,2026-09-30
https://stripe.com/terms-of-service?view=grid&filter=active,0,Tranco-TopDomains,2026-09-30
https://support.zoom.us/search?view=grid&filter=active,0,Tranco-TopDomains,2026-09-30
https://blog.python.org/terms-of-service,0,Tranco-TopDomains,2026-09-30
https://gitlab.com/features/security-whitepaper,0,Tranco-TopDomains,2026-09-30
https://stripe.com/about?view=grid&filter=active,0,Tranco-TopDomains,2026-09-30
https://api.medium.com/pricing,0,Tranco-TopDomains,2026-09-30
https://support.wsj.com/terms-of-service?view=grid&filter=active,0,Tranco-TopDomains,2026-09-30
https://app.github.com/about?q=machine+learning,0,Tranco-TopDomains,2026-09-30
https://www.salesforce.com/about?category=engineering,0,Tranco-TopDomains,2026-09-30
https://developer.cloudflare.com/articles/2026/technology?lang=en,0,Tranco-TopDomains,2026-09-30
https://api.github.com/?lang=en,0,Tranco-TopDomains,2026-09-30
https://digitalocean.com/documentation/getting-started?id=108274,0,Tranco-TopDomains,2026-09-30
https://bbc.co.uk/articles/2026/technology,0,Tranco-TopDomains,2026-09-30
https://app.zoom.us/documentation/getting-started?view=grid&filter=active,0,Tranco-TopDomains,2026-09-30
https://www.mozilla.org/features/security-whitepaper?lang=en,0,Tranco-TopDomains,2026-09-30
https://developer.google.com/legal/privacy-policy?id=108274,0,Tranco-TopDomains,2026-09-30
https://api.gitlab.com/legal/privacy-policy?category=engineering,0,Tranco-TopDomains,2026-09-30
https://docs.docker.com/projects/open-source?category=engineering,0,Tranco-TopDomains,2026-09-30
https://www.cloudflare.com/pricing?page=2&sort=recent,0,Tranco-TopDomains,2026-09-30
http://salesforce.com/pricing?lang=en,0,Tranco-TopDomains,2026-09-30
https://app.amazon.com/press/announcements?lang=en,0,Tranco-TopDomains,2026-09-30
https://app.nih.gov/help/faq?q=machine+learning,0,Tranco-TopDomains,2026-09-30
https://medium.com/explore,0,Tranco-TopDomains,2026-09-30
https://gitlab.com/help/faq,0,Tranco-TopDomains,2026-09-30
https://api.salesforce.com/download/release-v2.0,0,Tranco-TopDomains,2026-09-30
https://api.wsj.com/blog/post-102,0,Tranco-TopDomains,2026-09-30
https://docs.reddit.com/terms-of-service,0,Tranco-TopDomains,2026-09-30
https://wikipedia.org/documentation/getting-started?category=engineering,0,Tranco-TopDomains,2026-09-30
http://api.nature.com/about?category=engineering,0,Tranco-TopDomains,2026-09-30
https://wsj.com/features/security-whitepaper?page=2&sort=recent,0,Tranco-TopDomains,2026-09-30
https://app.medium.com/pricing?page=2&sort=recent,0,Tranco-TopDomains,2026-09-30
https://developer.nih.gov?id=108274,0,Tranco-TopDomains,2026-09-30
https://nih.gov/features/security-whitepaper?lang=en,0,Tranco-TopDomains,2026-09-30
https://stackoverflow.com/,0,Tranco-TopDomains,2026-09-30
https://quora.com/explore?q=machine+learning,0,Tranco-TopDomains,2026-09-30
https://support.python.org/features/security-whitepaper?page=2&sort=recent,0,Tranco-TopDomains,2026-09-30
https://support.wsj.com/search?category=engineering,0,Tranco-TopDomains,2026-09-30
http://app.quora.com/download/release-v2.0?lang=en,0,Tranco-TopDomains,2026-09-30
https://www.netflix.com/features/security-whitepaper?view=grid&filter=active,0,Tranco-TopDomains,2026-09-30
https://netflix.com/help/faq?id=108274,0,Tranco-TopDomains,2026-09-30
https://spotify.com/pricing?lang=en,0,Tranco-TopDomains,2026-09-30
https://developer.stackoverflow.com/about?q=machine+learning,0,Tranco-TopDomains,2026-09-30
https://microsoft.com/terms-of-service?q=machine+learning,0,Tranco-TopDomains,2026-09-30
https://harvard.edu/projects/open-source?q=machine+learning,0,Tranco-TopDomains,2026-09-30
https://api.nih.gov/search,0,Tranco-TopDomains,2026-09-30
https://mozilla.org/blog/post-102,0,Tranco-TopDomains,2026-09-30
https://microsoft.com?page=2&sort=recent,0,Tranco-TopDomains,2026-09-30
https://app.cnn.com/terms-of-service,0,Tranco-TopDomains,2026-09-30
https://amazon.com/download/release-v2.0?id=108274,0,Tranco-TopDomains,2026-09-30
https://developer.wikipedia.org/features/security-whitepaper?page=2&sort=recent,0,Tranco-TopDomains,2026-09-30
https://developer.cloudflare.com/documentation/getting-started,0,Tranco-TopDomains,2026-09-30
https://docs.reuters.com/features/security-whitepaper,0,Tranco-TopDomains,2026-09-30
https://support.reddit.com/download/release-v2.0,0,Tranco-TopDomains,2026-09-30
https://gitlab.com/about?page=2&sort=recent,0,Tranco-TopDomains,2026-09-30
https://wikipedia.org/blog/post-102?id=108274,0,Tranco-TopDomains,2026-09-30
https://app.zoom.us/legal/privacy-policy?view=grid&filter=active,0,Tranco-TopDomains,2026-09-30
https://digitalocean.com/explore?id=108274,0,Tranco-TopDomains,2026-09-30
https://support.harvard.edu/features/security-whitepaper?q=machine+learning,0,Tranco-TopDomains,2026-09-30
https://support.docker.com/download/release-v2.0,0,Tranco-TopDomains,2026-09-30
https://docs.adobe.com/help/faq,0,Tranco-TopDomains,2026-09-30
https://reddit.com/about,0,Tranco-TopDomains,2026-09-30
https://api.cloudflare.com/search?id=108274,0,Tranco-TopDomains,2026-09-30
https://blog.nature.com/terms-of-service,0,Tranco-TopDomains,2026-09-30
https://digitalocean.com/legal/privacy-policy?lang=en,0,Tranco-TopDomains,2026-09-30
https://www.theguardian.com/search?view=grid&filter=active,0,Tranco-TopDomains,2026-09-30
https://api.cloudflare.com/help/faq,0,Tranco-TopDomains,2026-09-30
http://support.nih.gov?lang=en,0,Tranco-TopDomains,2026-09-30
http://docs.linkedin.com/terms-of-service?page=2&sort=recent,0,Tranco-TopDomains,2026-09-30
https://app.mozilla.org/pricing,0,Tranco-TopDomains,2026-09-30
https://microsoft.com/projects/open-source?category=engineering,0,Tranco-TopDomains,2026-09-30
https://dropbox.com/help/faq?lang=en,0,Tranco-TopDomains,2026-09-30
https://apple.com/search,0,Tranco-TopDomains,2026-09-30
https://amazon.com/blog/post-102?view=grid&filter=active,0,Tranco-TopDomains,2026-09-30
https://app.quora.com/features/security-whitepaper?category=engineering,0,Tranco-TopDomains,2026-09-30
https://theguardian.com/help/faq?category=engineering,0,Tranco-TopDomains,2026-09-30
https://blog.quora.com/legal/privacy-policy,0,Tranco-TopDomains,2026-09-30
https://amazon.com/projects/open-source?lang=en,0,Tranco-TopDomains,2026-09-30
https://docs.python.org/legal/privacy-policy?page=2&sort=recent,0,Tranco-TopDomains,2026-09-30
https://support.quora.com/articles/2026/technology,0,Tranco-TopDomains,2026-09-30
https://blog.nih.gov/help/faq,0,Tranco-TopDomains,2026-09-30
https://support.github.com?view=grid&filter=active,0,Tranco-TopDomains,2026-09-30
https://app.adobe.com/download/release-v2.0?category=engineering,0,Tranco-TopDomains,2026-09-30
http://docs.stripe.com/explore?category=engineering,0,Tranco-TopDomains,2026-09-30
https://adobe.com/features/security-whitepaper?page=2&sort=recent,0,Tranco-TopDomains,2026-09-30
https://www.cloudflare.com/download/release-v2.0?category=engineering,0,Tranco-TopDomains,2026-09-30
https://docs.slack.com/terms-of-service?q=machine+learning,0,Tranco-TopDomains,2026-09-30
https://nytimes.com/explore?id=108274,0,Tranco-TopDomains,2026-09-30
https://api.spotify.com/search?q=machine+learning,0,Tranco-TopDomains,2026-09-30
https://www.medium.com/articles/2026/technology,0,Tranco-TopDomains,2026-09-30
https://wikipedia.org/press/announcements?view=grid&filter=active,0,Tranco-TopDomains,2026-09-30
https://app.gitlab.com/terms-of-service?page=2&sort=recent,0,Tranco-TopDomains,2026-09-30
https://developer.wikipedia.org/features/security-whitepaper?lang=en,0,Tranco-TopDomains,2026-09-30
https://api.amazon.com/about?lang=en,0,Tranco-TopDomains,2026-09-30
https://github.com/help/faq?lang=en,0,Tranco-TopDomains,2026-09-30
https://app.apple.com/pricing?view=grid&filter=active,0,Tranco-TopDomains,2026-09-30
https://developer.github.com/projects/open-source?page=2&sort=recent,0,Tranco-TopDomains,2026-09-30
https://theguardian.com/?view=grid&filter=active,0,Tranco-TopDomains,2026-09-30
https://dropbox.com/articles/2026/technology,0,Tranco-TopDomains,2026-09-30
https://developer.gitlab.com/articles/2026/technology?page=2&sort=recent,0,Tranco-TopDomains,2026-09-30
https://support.salesforce.com/download/release-v2.0?page=2&sort=recent,0,Tranco-TopDomains,2026-09-30
https://api.amazon.com/about?page=2&sort=recent,0,Tranco-TopDomains,2026-09-30
https://docs.zoom.us/blog/post-102,0,Tranco-TopDomains,2026-09-30
https://api.mozilla.org/legal/privacy-policy?category=engineering,0,Tranco-TopDomains,2026-09-30
https://docs.apple.com/pricing?page=2&sort=recent,0,Tranco-TopDomains,2026-09-30
https://reuters.com/download/release-v2.0?id=108274,0,Tranco-TopDomains,2026-09-30
https://docs.netflix.com/articles/2026/technology?q=machine+learning,0,Tranco-TopDomains,2026-09-30
https://www.quora.com/documentation/getting-started,0,Tranco-TopDomains,2026-09-30
https://salesforce.com/?page=2&sort=recent,0,Tranco-TopDomains,2026-09-30
https://app.python.org/pricing,0,Tranco-TopDomains,2026-09-30
https://developer.nytimes.com/?category=engineering,0,Tranco-TopDomains,2026-09-30
https://developer.cnn.com/legal/privacy-policy?view=grid&filter=active,0,Tranco-TopDomains,2026-09-30
https://docs.cnn.com/press/announcements?q=machine+learning,0,Tranco-TopDomains,2026-09-30
https://developer.gitlab.com/legal/privacy-policy?category=engineering,0,Tranco-TopDomains,2026-09-30
https://stripe.com/projects/open-source,0,Tranco-TopDomains,2026-09-30
https://developer.amazon.com/help/faq?id=108274,0,Tranco-TopDomains,2026-09-30
https://reuters.com/legal/privacy-policy,0,Tranco-TopDomains,2026-09-30
https://developer.linkedin.com/search?category=engineering,0,Tranco-TopDomains,2026-09-30
https://developer.nih.gov/help/faq,0,Tranco-TopDomains,2026-09-30
https://blog.slack.com/help/faq?q=machine+learning,0,Tranco-TopDomains,2026-09-30
https://api.apple.com/documentation/getting-started,0,Tranco-TopDomains,2026-09-30
http://api.cloudflare.com/search,0,Tranco-TopDomains,2026-09-30
https://reddit.com/press/announcements?view=grid&filter=active,0,Tranco-TopDomains,2026-09-30
https://apple.com/blog/post-102?q=machine+learning,0,Tranco-TopDomains,2026-09-30
https://app.nature.com/download/release-v2.0,0,Tranco-TopDomains,2026-09-30
https://docs.cnn.com/explore,0,Tranco-TopDomains,2026-09-30
https://docker.com/explore?view=grid&filter=active,0,Tranco-TopDomains,2026-09-30
https://blog.microsoft.com/documentation/getting-started,0,Tranco-TopDomains,2026-09-30
https://app.google.com/help/faq?q=machine+learning,0,Tranco-TopDomains,2026-09-30
https://bbc.co.uk/help/faq,0,Tranco-TopDomains,2026-09-30
https://blog.wsj.com?category=engineering,0,Tranco-TopDomains,2026-09-30
https://support.github.com/help/faq?lang=en,0,Tranco-TopDomains,2026-09-30
https://spotify.com/help/faq?q=machine+learning,0,Tranco-TopDomains,2026-09-30
http://app.cloudflare.com/terms-of-service,0,Tranco-TopDomains,2026-09-30
https://api.wsj.com/articles/2026/technology?view=grid&filter=active,0,Tranco-TopDomains,2026-09-30
https://reddit.com/search,0,Tranco-TopDomains,2026-09-30
http://docker.com/legal/privacy-policy?q=machine+learning,0,Tranco-TopDomains,2026-09-30
https://mit.edu/terms-of-service?lang=en,0,Tranco-TopDomains,2026-09-30
https://developer.wsj.com/blog/post-102,0,Tranco-TopDomains,2026-09-30
https://docs.mit.edu/help/faq,0,Tranco-TopDomains,2026-09-30
https://docs.dropbox.com/explore?page=2&sort=recent,0,Tranco-TopDomains,2026-09-30
https://developer.slack.com/pricing?page=2&sort=recent,0,Tranco-TopDomains,2026-09-30
https://developer.quora.com/help/faq?id=108274,0,Tranco-TopDomains,2026-09-30
https://support.apple.com/about?category=engineering,0,Tranco-TopDomains,2026-09-30
https://blog.bbc.co.uk/legal/privacy-policy?page=2&sort=recent,0,Tranco-TopDomains,2026-09-30
https://docs.adobe.com/legal/privacy-policy?view=grid&filter=active,0,Tranco-TopDomains,2026-09-30
https://digitalocean.com/features/security-whitepaper?page=2&sort=recent,0,Tranco-TopDomains,2026-09-30
https://app.spotify.com/download/release-v2.0?lang=en,0,Tranco-TopDomains,2026-09-30
https://amazon.com/pricing?page=2&sort=recent,0,Tranco-TopDomains,2026-09-30
http://nytimes.com/search?view=grid&filter=active,0,Tranco-TopDomains,2026-09-30
https://www.wikipedia.org/help/faq?page=2&sort=recent,0,Tranco-TopDomains,2026-09-30
https://app.github.com/search?view=grid&filter=active,0,Tranco-TopDomains,2026-09-30
https://developer.netflix.com/about,0,Tranco-TopDomains,2026-09-30
https://api.slack.com/blog/post-102?q=machine+learning,0,Tranco-TopDomains,2026-09-30
https://microsoft.com/press/announcements?id=108274,0,Tranco-TopDomains,2026-09-30
https://nature.com/blog/post-102?lang=en,0,Tranco-TopDomains,2026-09-30
https://app.harvard.edu/legal/privacy-policy?view=grid&filter=active,0,Tranco-TopDomains,2026-09-30
https://python.org/features/security-whitepaper,0,Tranco-TopDomains,2026-09-30
https://gitlab.com/terms-of-service?page=2&sort=recent,0,Tranco-TopDomains,2026-09-30
https://blog.nature.com/legal/privacy-policy?lang=en,0,Tranco-TopDomains,2026-09-30
https://api.bbc.co.uk/documentation/getting-started,0,Tranco-TopDomains,2026-09-30
https://www.python.org/press/announcements,0,Tranco-TopDomains,2026-09-30
https://developer.netflix.com/search,0,Tranco-TopDomains,2026-09-30
https://developer.slack.com/download/release-v2.0?category=engineering,0,Tranco-TopDomains,2026-09-30
https://wikipedia.org/terms-of-service,0,Tranco-TopDomains,2026-09-30
https://api.reuters.com/search?id=108274,0,Tranco-TopDomains,2026-09-30
https://bbc.co.uk/download/release-v2.0?id=108274,0,Tranco-TopDomains,2026-09-30
https://amazon.com/search?lang=en,0,Tranco-TopDomains,2026-09-30
https://www.adobe.com/help/faq?id=108274,0,Tranco-TopDomains,2026-09-30
https://docs.apple.com/projects/open-source?id=108274,0,Tranco-TopDomains,2026-09-30
https://app.oracle.com/about?id=108274,0,Tranco-TopDomains,2026-09-30
https://mozilla.org/terms-of-service,0,Tranco-TopDomains,2026-09-30
https://microsoft.com/?lang=en,0,Tranco-TopDomains,2026-09-30
https://app.stripe.com?view=grid&filter=active,0,Tranco-TopDomains,2026-09-30
https://docs.wsj.com/legal/privacy-policy?view=grid&filter=active,0,Tranco-TopDomains,2026-09-30
https://docs.slack.com/features/security-whitepaper,0,Tranco-TopDomains,2026-09-30
https://developer.nytimes.com/download/release-v2.0?view=grid&filter=active,0,Tranco-TopDomains,2026-09-30
https://app.dropbox.com/search?page=2&sort=recent,0,Tranco-TopDomains,2026-09-30
https://api.adobe.com/pricing,0,Tranco-TopDomains,2026-09-30
https://blog.theguardian.com/explore?page=2&sort=recent,0,Tranco-TopDomains,2026-09-30
https://docs.stackoverflow.com/features/security-whitepaper?q=machine+learning,0,Tranco-TopDomains,2026-09-30
https://docs.amazon.com/pricing?category=engineering,0,Tranco-TopDomains,2026-09-30
https://api.nytimes.com/terms-of-service?q=machine+learning,0,Tranco-TopDomains,2026-09-30
https://blog.quora.com/features/security-whitepaper?view=grid&filter=active,0,Tranco-TopDomains,2026-09-30
https://quora.com/about?category=engineering,0,Tranco-TopDomains,2026-09-30
https://www.cnn.com/help/faq,0,Tranco-TopDomains,2026-09-30
https://app.quora.com/press/announcements?lang=en,0,Tranco-TopDomains,2026-09-30
https://support.cloudflare.com/search?lang=en,0,Tranco-TopDomains,2026-09-30
https://api.slack.com/?category=engineering,0,Tranco-TopDomains,2026-09-30
https://www.nature.com/help/faq?id=108274,0,Tranco-TopDomains,2026-09-30
https://blog.zoom.us/features/security-whitepaper?id=108274,0,Tranco-TopDomains,2026-09-30
https://stackoverflow.com/explore?category=engineering,0,Tranco-TopDomains,2026-09-30
https://blog.dropbox.com/help/faq,0,Tranco-TopDomains,2026-09-30
http://support.theguardian.com/,0,Tranco-TopDomains,2026-09-30
https://developer.dropbox.com/features/security-whitepaper,0,Tranco-TopDomains,2026-09-30
https://theguardian.com/terms-of-service?page=2&sort=recent,0,Tranco-TopDomains,2026-09-30
https://app.oracle.com/terms-of-service?id=108274,0,Tranco-TopDomains,2026-09-30
https://developer.wsj.com/legal/privacy-policy?view=grid&filter=active,0,Tranco-TopDomains,2026-09-30
https://api.netflix.com/explore?category=engineering,0,Tranco-TopDomains,2026-09-30
https://app.microsoft.com/press/announcements?lang=en,0,Tranco-TopDomains,2026-09-30
https://nih.gov/press/announcements,0,Tranco-TopDomains,2026-09-30
https://zoom.us/documentation/getting-started,0,Tranco-TopDomains,2026-09-30
https://www.stackoverflow.com?view=grid&filter=active,0,Tranco-TopDomains,2026-09-30
https://support.mozilla.org/projects/open-source?category=engineering,0,Tranco-TopDomains,2026-09-30
https://reddit.com/search?id=108274,0,Tranco-TopDomains,2026-09-30
https://developer.adobe.com/pricing?page=2&sort=recent,0,Tranco-TopDomains,2026-09-30
https://blog.docker.com/terms-of-service?id=108274,0,Tranco-TopDomains,2026-09-30
https://app.medium.com/press/announcements?q=machine+learning,0,Tranco-TopDomains,2026-09-30
https://blog.linkedin.com/legal/privacy-policy?q=machine+learning,0,Tranco-TopDomains,2026-09-30
https://docs.oracle.com/projects/open-source?view=grid&filter=active,0,Tranco-TopDomains,2026-09-30
https://blog.spotify.com/blog/post-102?lang=en,0,Tranco-TopDomains,2026-09-30
https://support.wsj.com/pricing?page=2&sort=recent,0,Tranco-TopDomains,2026-09-30
https://docs.mozilla.org/?lang=en,0,Tranco-TopDomains,2026-09-30
https://api.apple.com/features/security-whitepaper?lang=en,0,Tranco-TopDomains,2026-09-30
https://www.harvard.edu/blog/post-102?id=108274,0,Tranco-TopDomains,2026-09-30
https://python.org/documentation/getting-started?q=machine+learning,0,Tranco-TopDomains,2026-09-30
https://www.reuters.com/documentation/getting-started,0,Tranco-TopDomains,2026-09-30
http://developer.dropbox.com/explore,0,Tranco-TopDomains,2026-09-30
https://nature.com/download/release-v2.0?view=grid&filter=active,0,Tranco-TopDomains,2026-09-30
https://docs.mit.edu/terms-of-service?lang=en,0,Tranco-TopDomains,2026-09-30
https://app.apple.com/documentation/getting-started?id=108274,0,Tranco-TopDomains,2026-09-30
https://github.com/download/release-v2.0,0,Tranco-TopDomains,2026-09-30
https://support.github.com/press/announcements,0,Tranco-TopDomains,2026-09-30
https://salesforce.com?lang=en,0,Tranco-TopDomains,2026-09-30
https://api.cloudflare.com/legal/privacy-policy?view=grid&filter=active,0,Tranco-TopDomains,2026-09-30
https://blog.wsj.com/press/announcements,0,Tranco-TopDomains,2026-09-30
https://docs.docker.com/projects/open-source,0,Tranco-TopDomains,2026-09-30
https://docs.docker.com/articles/2026/technology,0,Tranco-TopDomains,2026-09-30
https://app.salesforce.com/projects/open-source,0,Tranco-TopDomains,2026-09-30
https://support.slack.com/terms-of-service,0,Tranco-TopDomains,2026-09-30
https://cloudflare.com/search?view=grid&filter=active,0,Tranco-TopDomains,2026-09-30
https://cnn.com/blog/post-102?category=engineering,0,Tranco-TopDomains,2026-09-30
https://api.linkedin.com/legal/privacy-policy,0,Tranco-TopDomains,2026-09-30
https://www.netflix.com/,0,Tranco-TopDomains,2026-09-30
https://support.nytimes.com/legal/privacy-policy,0,Tranco-TopDomains,2026-09-30
https://api.salesforce.com/documentation/getting-started?q=machine+learning,0,Tranco-TopDomains,2026-09-30
https://reddit.com/features/security-whitepaper?page=2&sort=recent,0,Tranco-TopDomains,2026-09-30
https://developer.nature.com/projects/open-source?q=machine+learning,0,Tranco-TopDomains,2026-09-30
https://blog.apple.com/features/security-whitepaper?id=108274,0,Tranco-TopDomains,2026-09-30
https://app.wikipedia.org/explore,0,Tranco-TopDomains,2026-09-30
https://www.theguardian.com/search,0,Tranco-TopDomains,2026-09-30
https://developer.reuters.com/explore?q=machine+learning,0,Tranco-TopDomains,2026-09-30
https://quora.com/features/security-whitepaper,0,Tranco-TopDomains,2026-09-30
https://support.theguardian.com/features/security-whitepaper,0,Tranco-TopDomains,2026-09-30
https://oracle.com/pricing?lang=en,0,Tranco-TopDomains,2026-09-30
https://app.harvard.edu/about,0,Tranco-TopDomains,2026-09-30
https://blog.wikipedia.org/,0,Tranco-TopDomains,2026-09-30
https://reddit.com/legal/privacy-policy?category=engineering,0,Tranco-TopDomains,2026-09-30
https://support.python.org/help/faq?category=engineering,0,Tranco-TopDomains,2026-09-30
https://support.zoom.us/about?id=108274,0,Tranco-TopDomains,2026-09-30
https://spotify.com/articles/2026/technology?id=108274,0,Tranco-TopDomains,2026-09-30
https://www.python.org,0,Tranco-TopDomains,2026-09-30
https://blog.docker.com/download/release-v2.0?id=108274,0,Tranco-TopDomains,2026-09-30
https://www.nih.gov/features/security-whitepaper?page=2&sort=recent,0,Tranco-TopDomains,2026-09-30
https://mit.edu/?category=engineering,0,Tranco-TopDomains,2026-09-30
https://www.microsoft.com/projects/open-source,0,Tranco-TopDomains,2026-09-30
https://developer.github.com/?q=machine+learning,0,Tranco-TopDomains,2026-09-30
https://developer.slack.com/documentation/getting-started?id=108274,0,Tranco-TopDomains,2026-09-30
https://amazon.com/legal/privacy-policy?q=machine+learning,0,Tranco-TopDomains,2026-09-30
https://app.adobe.com/terms-of-service?q=machine+learning,0,Tranco-TopDomains,2026-09-30
https://blog.mozilla.org/documentation/getting-started?category=engineering,0,Tranco-TopDomains,2026-09-30
https://blog.amazon.com/articles/2026/technology?category=engineering,0,Tranco-TopDomains,2026-09-30
https://api.amazon.com/pricing?id=108274,0,Tranco-TopDomains,2026-09-30
https://support.stripe.com/search?lang=en,0,Tranco-TopDomains,2026-09-30
https://developer.wsj.com/documentation/getting-started?q=machine+learning,0,Tranco-TopDomains,2026-09-30
https://developer.mozilla.org/?id=108274,0,Tranco-TopDomains,2026-09-30
https://blog.stripe.com/search?category=engineering,0,Tranco-TopDomains,2026-09-30
https://api.harvard.edu/about?view=grid&filter=active,0,Tranco-TopDomains,2026-09-30
https://blog.apple.com/projects/open-source,0,Tranco-TopDomains,2026-09-30
https://github.com/projects/open-source?id=108274,0,Tranco-TopDomains,2026-09-30
https://api.harvard.edu/legal/privacy-policy,0,Tranco-TopDomains,2026-09-30
https://mit.edu/press/announcements?q=machine+learning,0,Tranco-TopDomains,2026-09-30
https://support.harvard.edu/documentation/getting-started?id=108274,0,Tranco-TopDomains,2026-09-30
https://support.salesforce.com/features/security-whitepaper?id=108274,0,Tranco-TopDomains,2026-09-30
https://docs.oracle.com/help/faq?id=108274,0,Tranco-TopDomains,2026-09-30
https://docker.com/press/announcements?page=2&sort=recent,0,Tranco-TopDomains,2026-09-30
https://api.netflix.com/download/release-v2.0,0,Tranco-TopDomains,2026-09-30
https://nih.gov?lang=en,0,Tranco-TopDomains,2026-09-30
https://docs.stripe.com/search?q=machine+learning,0,Tranco-TopDomains,2026-09-30
https://app.zoom.us/documentation/getting-started?view=grid&filter=active,0,Tranco-TopDomains,2026-09-30
https://docs.dropbox.com/press/announcements?view=grid&filter=active,0,Tranco-TopDomains,2026-09-30
https://spotify.com/search?id=108274,0,Tranco-TopDomains,2026-09-30
https://wsj.com/,0,Tranco-TopDomains,2026-09-30
https://amazon.com/download/release-v2.0,0,Tranco-TopDomains,2026-09-30
https://nih.gov/search,0,Tranco-TopDomains,2026-09-30
https://api.docker.com/?view=grid&filter=active,0,Tranco-TopDomains,2026-09-30
http://microsoft.com/download/release-v2.0,0,Tranco-TopDomains,2026-09-30
https://blog.linkedin.com/legal/privacy-policy,0,Tranco-TopDomains,2026-09-30
https://digitalocean.com/explore,0,Tranco-TopDomains,2026-09-30
https://www.cnn.com/blog/post-102?page=2&sort=recent,0,Tranco-TopDomains,2026-09-30
https://slack.com/help/faq?category=engineering,0,Tranco-TopDomains,2026-09-30
https://www.cnn.com/legal/privacy-policy,0,Tranco-TopDomains,2026-09-30
https://github.com/pricing?category=engineering,0,Tranco-TopDomains,2026-09-30
https://reddit.com,0,Tranco-TopDomains,2026-09-30
https://api.digitalocean.com/explore?id=108274,0,Tranco-TopDomains,2026-09-30
http://www.nih.gov/press/announcements?lang=en,0,Tranco-TopDomains,2026-09-30
https://docs.wikipedia.org/,0,Tranco-TopDomains,2026-09-30
https://adobe.com/projects/open-source,0,Tranco-TopDomains,2026-09-30
https://slack.com/legal/privacy-policy,0,Tranco-TopDomains,2026-09-30
https://blog.zoom.us/terms-of-service?category=engineering,0,Tranco-TopDomains,2026-09-30
https://python.org/help/faq,0,Tranco-TopDomains,2026-09-30
https://nih.gov/terms-of-service?category=engineering,0,Tranco-TopDomains,2026-09-30
https://adobe.com/blog/post-102?view=grid&filter=active,0,Tranco-TopDomains,2026-09-30
https://blog.spotify.com/pricing?category=engineering,0,Tranco-TopDomains,2026-09-30
https://zoom.us/legal/privacy-policy?q=machine+learning,0,Tranco-TopDomains,2026-09-30
https://docs.apple.com/search?category=engineering,0,Tranco-TopDomains,2026-09-30
https://support.mozilla.org/terms-of-service?page=2&sort=recent,0,Tranco-TopDomains,2026-09-30
https://docs.google.com/features/security-whitepaper?page=2&sort=recent,0,Tranco-TopDomains,2026-09-30
https://cloudflare.com/about,0,Tranco-TopDomains,2026-09-30
http://blog.nature.com/download/release-v2.0,0,Tranco-TopDomains,2026-09-30
https://blog.spotify.com/about?page=2&sort=recent,0,Tranco-TopDomains,2026-09-30
https://docs.google.com/download/release-v2.0?category=engineering,0,Tranco-TopDomains,2026-09-30
https://www.nature.com/articles/2026/technology?category=engineering,0,Tranco-TopDomains,2026-09-30
https://docs.linkedin.com/blog/post-102?view=grid&filter=active,0,Tranco-TopDomains,2026-09-30
https://support.nytimes.com/blog/post-102?category=engineering,0,Tranco-TopDomains,2026-09-30
https://api.wikipedia.org/blog/post-102?q=machine+learning,0,Tranco-TopDomains,2026-09-30
https://app.quora.com/projects/open-source?view=grid&filter=active,0,Tranco-TopDomains,2026-09-30
https://oracle.com/pricing?page=2&sort=recent,0,Tranco-TopDomains,2026-09-30
https://api.zoom.us/features/security-whitepaper?page=2&sort=recent,0,Tranco-TopDomains,2026-09-30
https://docs.python.org/terms-of-service?q=machine+learning,0,Tranco-TopDomains,2026-09-30
https://support.bbc.co.uk/terms-of-service?lang=en,0,Tranco-TopDomains,2026-09-30
https://app.quora.com/documentation/getting-started?page=2&sort=recent,0,Tranco-TopDomains,2026-09-30
https://api.slack.com/explore?q=machine+learning,0,Tranco-TopDomains,2026-09-30
https://wsj.com?view=grid&filter=active,0,Tranco-TopDomains,2026-09-30
https://developer.harvard.edu/legal/privacy-policy,0,Tranco-TopDomains,2026-09-30
https://developer.stripe.com/search?lang=en,0,Tranco-TopDomains,2026-09-30
https://support.mozilla.org/pricing,0,Tranco-TopDomains,2026-09-30
https://app.reddit.com/pricing?id=108274,0,Tranco-TopDomains,2026-09-30
https://blog.stripe.com/?page=2&sort=recent,0,Tranco-TopDomains,2026-09-30
https://app.wsj.com/about,0,Tranco-TopDomains,2026-09-30
https://spotify.com/?category=engineering,0,Tranco-TopDomains,2026-09-30
https://support.dropbox.com/explore,0,Tranco-TopDomains,2026-09-30
https://blog.nih.gov/documentation/getting-started?view=grid&filter=active,0,Tranco-TopDomains,2026-09-30
https://app.docker.com/search?page=2&sort=recent,0,Tranco-TopDomains,2026-09-30
https://reddit.com/legal/privacy-policy?category=engineering,0,Tranco-TopDomains,2026-09-30
https://apple.com/search?page=2&sort=recent,0,Tranco-TopDomains,2026-09-30
https://www.docker.com/press/announcements?page=2&sort=recent,0,Tranco-TopDomains,2026-09-30
https://developer.gitlab.com/terms-of-service,0,Tranco-TopDomains,2026-09-30
https://stackoverflow.com/terms-of-service,0,Tranco-TopDomains,2026-09-30
https://www.nytimes.com/articles/2026/technology?id=108274,0,Tranco-TopDomains,2026-09-30
https://support.nature.com/features/security-whitepaper?q=machine+learning,0,Tranco-TopDomains,2026-09-30
http://bbc.co.uk/download/release-v2.0?category=engineering,0,Tranco-TopDomains,2026-09-30
http://developer.mit.edu/download/release-v2.0?category=engineering,0,Tranco-TopDomains,2026-09-30
https://www.harvard.edu/blog/post-102,0,Tranco-TopDomains,2026-09-30
https://wsj.com/help/faq?page=2&sort=recent,0,Tranco-TopDomains,2026-09-30
https://docs.stackoverflow.com/press/announcements?id=108274,0,Tranco-TopDomains,2026-09-30
https://app.adobe.com/pricing?category=engineering,0,Tranco-TopDomains,2026-09-30
https://api.spotify.com/features/security-whitepaper,0,Tranco-TopDomains,2026-09-30
https://app.oracle.com/about,0,Tranco-TopDomains,2026-09-30
https://docs.cnn.com/explore,0,Tranco-TopDomains,2026-09-30
https://blog.mozilla.org/pricing?category=engineering,0,Tranco-TopDomains,2026-09-30
https://support.zoom.us/articles/2026/technology?view=grid&filter=active,0,Tranco-TopDomains,2026-09-30
https://blog.bbc.co.uk/articles/2026/technology?view=grid&filter=active,0,Tranco-TopDomains,2026-09-30
https://api.bbc.co.uk/features/security-whitepaper,0,Tranco-TopDomains,2026-09-30
https://developer.google.com/search?q=machine+learning,0,Tranco-TopDomains,2026-09-30
https://blog.nature.com/press/announcements?category=engineering,0,Tranco-TopDomains,2026-09-30
https://developer.stripe.com/press/announcements,0,Tranco-TopDomains,2026-09-30
https://www.microsoft.com/legal/privacy-policy,0,Tranco-TopDomains,2026-09-30
https://docs.wsj.com/articles/2026/technology?view=grid&filter=active,0,Tranco-TopDomains,2026-09-30
https://blog.quora.com/explore,0,Tranco-TopDomains,2026-09-30
https://api.wsj.com/?view=grid&filter=active,0,Tranco-TopDomains,2026-09-30
https://digitalocean.com/documentation/getting-started?lang=en,0,Tranco-TopDomains,2026-09-30
https://developer.github.com/blog/post-102?page=2&sort=recent,0,Tranco-TopDomains,2026-09-30
https://developer.apple.com/explore?q=machine+learning,0,Tranco-TopDomains,2026-09-30
https://app.spotify.com/download/release-v2.0,0,Tranco-TopDomains,2026-09-30
https://www.harvard.edu/?page=2&sort=recent,0,Tranco-TopDomains,2026-09-30
https://wsj.com/terms-of-service?lang=en,0,Tranco-TopDomains,2026-09-30
https://blog.linkedin.com/explore,0,Tranco-TopDomains,2026-09-30
https://stripe.com/blog/post-102,0,Tranco-TopDomains,2026-09-30
https://www.python.org/search?page=2&sort=recent,0,Tranco-TopDomains,2026-09-30
https://developer.slack.com/search?lang=en,0,Tranco-TopDomains,2026-09-30
https://developer.zoom.us/about,0,Tranco-TopDomains,2026-09-30
https://api.linkedin.com/features/security-whitepaper?view=grid&filter=active,0,Tranco-TopDomains,2026-09-30
https://google.com/features/security-whitepaper?page=2&sort=recent,0,Tranco-TopDomains,2026-09-30
https://support.wsj.com/projects/open-source?category=engineering,0,Tranco-TopDomains,2026-09-30
https://docs.quora.com/terms-of-service?lang=en,0,Tranco-TopDomains,2026-09-30
https://app.python.org/press/announcements?page=2&sort=recent,0,Tranco-TopDomains,2026-09-30
http://amazon.com/explore?view=grid&filter=active,0,Tranco-TopDomains,2026-09-30
https://developer.nytimes.com/features/security-whitepaper,0,Tranco-TopDomains,2026-09-30
https://www.digitalocean.com/search?lang=en,0,Tranco-TopDomains,2026-09-30
https://linkedin.com/help/faq?lang=en,0,Tranco-TopDomains,2026-09-30
https://nytimes.com/pricing?lang=en,0,Tranco-TopDomains,2026-09-30
http://support.nih.gov/about,0,Tranco-TopDomains,2026-09-30
https://reddit.com/search?q=machine+learning,0,Tranco-TopDomains,2026-09-30
https://gitlab.com?page=2&sort=recent,0,Tranco-TopDomains,2026-09-30
https://digitalocean.com/press/announcements,0,Tranco-TopDomains,2026-09-30
https://apple.com/explore?page=2&sort=recent,0,Tranco-TopDomains,2026-09-30
https://oracle.com/pricing,0,Tranco-TopDomains,2026-09-30
https://mozilla.org,0,Tranco-TopDomains,2026-09-30
https://harvard.edu/download/release-v2.0?view=grid&filter=active,0,Tranco-TopDomains,2026-09-30
https://apple.com/search,0,Tranco-TopDomains,2026-09-30
https://api.zoom.us/download/release-v2.0?page=2&sort=recent,0,Tranco-TopDomains,2026-09-30
https://docs.cnn.com/about?q=machine+learning,0,Tranco-TopDomains,2026-09-30
https://salesforce.com/legal/privacy-policy?q=machine+learning,0,Tranco-TopDomains,2026-09-30
https://www.theguardian.com/pricing?lang=en,0,Tranco-TopDomains,2026-09-30
https://developer.cnn.com/pricing,0,Tranco-TopDomains,2026-09-30
https://blog.wikipedia.org?page=2&sort=recent,0,Tranco-TopDomains,2026-09-30
https://support.python.org/download/release-v2.0?page=2&sort=recent,0,Tranco-TopDomains,2026-09-30
https://developer.bbc.co.uk/about,0,Tranco-TopDomains,2026-09-30
https://docs.google.com/projects/open-source,0,Tranco-TopDomains,2026-09-30
https://blog.slack.com/legal/privacy-policy?id=108274,0,Tranco-TopDomains,2026-09-30
https://support.digitalocean.com/about?id=108274,0,Tranco-TopDomains,2026-09-30
https://docs.mozilla.org/about?lang=en,0,Tranco-TopDomains,2026-09-30
https://harvard.edu/terms-of-service?category=engineering,0,Tranco-TopDomains,2026-09-30
https://docs.wikipedia.org/download/release-v2.0?q=machine+learning,0,Tranco-TopDomains,2026-09-30
https://support.apple.com/explore?view=grid&filter=active,0,Tranco-TopDomains,2026-09-30
http://docs.amazon.com/articles/2026/technology,0,Tranco-TopDomains,2026-09-30
https://python.org/articles/2026/technology?view=grid&filter=active,0,Tranco-TopDomains,2026-09-30
https://blog.reuters.com/blog/post-102,0,Tranco-TopDomains,2026-09-30
https://linkedin.com?page=2&sort=recent,0,Tranco-TopDomains,2026-09-30
https://blog.linkedin.com/about?lang=en,0,Tranco-TopDomains,2026-09-30
https://developer.wikipedia.org/features/security-whitepaper?id=108274,0,Tranco-TopDomains,2026-09-30
https://app.quora.com/articles/2026/technology?page=2&sort=recent,0,Tranco-TopDomains,2026-09-30
https://app.cloudflare.com/explore?q=machine+learning,0,Tranco-TopDomains,2026-09-30
http://google.com?q=machine+learning,0,Tranco-TopDomains,2026-09-30
https://support.netflix.com/search,0,Tranco-TopDomains,2026-09-30
https://blog.github.com/download/release-v2.0?q=machine+learning,0,Tranco-TopDomains,2026-09-30
https://api.stripe.com/blog/post-102,0,Tranco-TopDomains,2026-09-30
https://blog.stackoverflow.com/,0,Tranco-TopDomains,2026-09-30
https://reuters.com/pricing,0,Tranco-TopDomains,2026-09-30
https://docs.salesforce.com/terms-of-service,0,Tranco-TopDomains,2026-09-30
https://api.google.com/projects/open-source?lang=en,0,Tranco-TopDomains,2026-09-30
https://app.oracle.com/documentation/getting-started?view=grid&filter=active,0,Tranco-TopDomains,2026-09-30
http://www.quora.com/documentation/getting-started,0,Tranco-TopDomains,2026-09-30
https://stripe.com/documentation/getting-started?id=108274,0,Tranco-TopDomains,2026-09-30
https://api.google.com?category=engineering,0,Tranco-TopDomains,2026-09-30
https://oracle.com/projects/open-source?id=108274,0,Tranco-TopDomains,2026-09-30
https://developer.stripe.com/,0,Tranco-TopDomains,2026-09-30
https://apple.com/documentation/getting-started?id=108274,0,Tranco-TopDomains,2026-09-30
https://developer.netflix.com/about,0,Tranco-TopDomains,2026-09-30
https://slack.com/?category=engineering,0,Tranco-TopDomains,2026-09-30
https://www.python.org/legal/privacy-policy?lang=en,0,Tranco-TopDomains,2026-09-30
https://api.slack.com/terms-of-service?view=grid&filter=active,0,Tranco-TopDomains,2026-09-30
https://www.wikipedia.org/search,0,Tranco-TopDomains,2026-09-30
https://developer.nytimes.com/features/security-whitepaper?page=2&sort=recent,0,Tranco-TopDomains,2026-09-30
https://api.wsj.com/projects/open-source?view=grid&filter=active,0,Tranco-TopDomains,2026-09-30
https://medium.com/about,0,Tranco-TopDomains,2026-09-30
https://app.oracle.com/?q=machine+learning,0,Tranco-TopDomains,2026-09-30
https://adobe.com/about?q=machine+learning,0,Tranco-TopDomains,2026-09-30
https://blog.slack.com/?lang=en,0,Tranco-TopDomains,2026-09-30
https://bbc.co.uk/pricing?view=grid&filter=active,0,Tranco-TopDomains,2026-09-30
https://www.nature.com/explore?view=grid&filter=active,0,Tranco-TopDomains,2026-09-30
https://python.org,0,Tranco-TopDomains,2026-09-30
https://nih.gov/projects/open-source?category=engineering,0,Tranco-TopDomains,2026-09-30
http://app.apple.com/blog/post-102,0,Tranco-TopDomains,2026-09-30
https://www.wikipedia.org/features/security-whitepaper,0,Tranco-TopDomains,2026-09-30
https://dropbox.com/?view=grid&filter=active,0,Tranco-TopDomains,2026-09-30
https://support.digitalocean.com/press/announcements,0,Tranco-TopDomains,2026-09-30
https://digitalocean.com/help/faq?q=machine+learning,0,Tranco-TopDomains,2026-09-30
http://docs.linkedin.com/features/security-whitepaper,0,Tranco-TopDomains,2026-09-30
https://docs.cnn.com/press/announcements?category=engineering,0,Tranco-TopDomains,2026-09-30
https://reddit.com/about?lang=en,0,Tranco-TopDomains,2026-09-30
https://www.stripe.com/documentation/getting-started?id=108274,0,Tranco-TopDomains,2026-09-30
https://api.zoom.us/press/announcements?id=108274,0,Tranco-TopDomains,2026-09-30
https://app.spotify.com/terms-of-service?category=engineering,0,Tranco-TopDomains,2026-09-30
https://api.microsoft.com/documentation/getting-started,0,Tranco-TopDomains,2026-09-30
https://linkedin.com/press/announcements?id=108274,0,Tranco-TopDomains,2026-09-30
https://nih.gov/explore?q=machine+learning,0,Tranco-TopDomains,2026-09-30
https://blog.linkedin.com/?q=machine+learning,0,Tranco-TopDomains,2026-09-30
https://api.zoom.us/articles/2026/technology,0,Tranco-TopDomains,2026-09-30
https://api.adobe.com?page=2&sort=recent,0,Tranco-TopDomains,2026-09-30
https://app.mozilla.org/projects/open-source?view=grid&filter=active,0,Tranco-TopDomains,2026-09-30
https://developer.bbc.co.uk/,0,Tranco-TopDomains,2026-09-30
https://nih.gov/press/announcements,0,Tranco-TopDomains,2026-09-30
https://mit.edu/terms-of-service,0,Tranco-TopDomains,2026-09-30
https://adobe.com,0,Tranco-TopDomains,2026-09-30
https://mozilla.org/help/faq,0,Tranco-TopDomains,2026-09-30
https://app.slack.com/explore?page=2&sort=recent,0,Tranco-TopDomains,2026-09-30
https://python.org/download/release-v2.0?view=grid&filter=active,0,Tranco-TopDomains,2026-09-30
https://blog.bbc.co.uk/help/faq?q=machine+learning,0,Tranco-TopDomains,2026-09-30
https://support.bbc.co.uk/legal/privacy-policy?lang=en,0,Tranco-TopDomains,2026-09-30
https://app.google.com/pricing,0,Tranco-TopDomains,2026-09-30
https://app.adobe.com/documentation/getting-started,0,Tranco-TopDomains,2026-09-30
https://api.mozilla.org/about?q=machine+learning,0,Tranco-TopDomains,2026-09-30
https://adobe.com/about?page=2&sort=recent,0,Tranco-TopDomains,2026-09-30
https://www.medium.com/documentation/getting-started,0,Tranco-TopDomains,2026-09-30
https://cloudflare.com/?category=engineering,0,Tranco-TopDomains,2026-09-30
https://stripe.com/download/release-v2.0?view=grid&filter=active,0,Tranco-TopDomains,2026-09-30
https://blog.spotify.com/pricing,0,Tranco-TopDomains,2026-09-30
https://nih.gov/features/security-whitepaper,0,Tranco-TopDomains,2026-09-30
https://docs.github.com?page=2&sort=recent,0,Tranco-TopDomains,2026-09-30
https://cloudflare.com/terms-of-service,0,Tranco-TopDomains,2026-09-30
https://nytimes.com/about?page=2&sort=recent,0,Tranco-TopDomains,2026-09-30
https://reddit.com/download/release-v2.0,0,Tranco-TopDomains,2026-09-30
https://digitalocean.com/,0,Tranco-TopDomains,2026-09-30
https://support.mit.edu/blog/post-102?lang=en,0,Tranco-TopDomains,2026-09-30
https://cloudflare.com/pricing?id=108274,0,Tranco-TopDomains,2026-09-30
https://mozilla.org/help/faq,0,Tranco-TopDomains,2026-09-30
https://app.salesforce.com/press/announcements?q=machine+learning,0,Tranco-TopDomains,2026-09-30
https://harvard.edu/legal/privacy-policy,0,Tranco-TopDomains,2026-09-30
https://docs.stackoverflow.com/pricing?view=grid&filter=active,0,Tranco-TopDomains,2026-09-30
https://medium.com/pricing,0,Tranco-TopDomains,2026-09-30
http://api.zoom.us/articles/2026/technology?view=grid&filter=active,0,Tranco-TopDomains,2026-09-30
https://developer.gitlab.com/blog/post-102?q=machine+learning,0,Tranco-TopDomains,2026-09-30
https://amazon.com/explore,0,Tranco-TopDomains,2026-09-30
https://support.wsj.com/documentation/getting-started?id=108274,0,Tranco-TopDomains,2026-09-30
https://blog.zoom.us/download/release-v2.0?id=108274,0,Tranco-TopDomains,2026-09-30
https://app.reddit.com/documentation/getting-started?view=grid&filter=active,0,Tranco-TopDomains,2026-09-30
https://slack.com/search,0,Tranco-TopDomains,2026-09-30
https://gitlab.com/articles/2026/technology?q=machine+learning,0,Tranco-TopDomains,2026-09-30
https://python.org/download/release-v2.0,0,Tranco-TopDomains,2026-09-30
https://www.digitalocean.com/search?lang=en,0,Tranco-TopDomains,2026-09-30
https://wikipedia.org/pricing?id=108274,0,Tranco-TopDomains,2026-09-30
https://docs.adobe.com/features/security-whitepaper,0,Tranco-TopDomains,2026-09-30
https://support.reuters.com/explore?category=engineering,0,Tranco-TopDomains,2026-09-30
https://cloudflare.com/explore?lang=en,0,Tranco-TopDomains,2026-09-30
https://support.spotify.com/blog/post-102?category=engineering,0,Tranco-TopDomains,2026-09-30
https://reddit.com/articles/2026/technology?lang=en,0,Tranco-TopDomains,2026-09-30
https://slack.com/pricing?page=2&sort=recent,0,Tranco-TopDomains,2026-09-30
http://developer.amazon.com/blog/post-102?page=2&sort=recent,0,Tranco-TopDomains,2026-09-30
https://docs.oracle.com/blog/post-102?view=grid&filter=active,0,Tranco-TopDomains,2026-09-30
https://www.cloudflare.com/search?lang=en,0,Tranco-TopDomains,2026-09-30
https://api.gitlab.com/blog/post-102?category=engineering,0,Tranco-TopDomains,2026-09-30
https://www.apple.com/features/security-whitepaper?q=machine+learning,0,Tranco-TopDomains,2026-09-30
https://developer.stripe.com/help/faq,0,Tranco-TopDomains,2026-09-30
https://nytimes.com/legal/privacy-policy?id=108274,0,Tranco-TopDomains,2026-09-30
https://app.reuters.com,0,Tranco-TopDomains,2026-09-30
https://mit.edu/documentation/getting-started,0,Tranco-TopDomains,2026-09-30
https://www.netflix.com/blog/post-102?page=2&sort=recent,0,Tranco-TopDomains,2026-09-30
https://support.theguardian.com/explore,0,Tranco-TopDomains,2026-09-30
https://app.quora.com/features/security-whitepaper,0,Tranco-TopDomains,2026-09-30
https://app.reddit.com/help/faq?page=2&sort=recent,0,Tranco-TopDomains,2026-09-30
https://medium.com/legal/privacy-policy,0,Tranco-TopDomains,2026-09-30
https://app.nytimes.com/projects/open-source?q=machine+learning,0,Tranco-TopDomains,2026-09-30
http://docs.harvard.edu/download/release-v2.0?id=108274,0,Tranco-TopDomains,2026-09-30
https://developer.google.com/search,0,Tranco-TopDomains,2026-09-30
https://www.google.com/blog/post-102?lang=en,0,Tranco-TopDomains,2026-09-30
https://support.linkedin.com/pricing?page=2&sort=recent,0,Tranco-TopDomains,2026-09-30
https://developer.harvard.edu/legal/privacy-policy?id=108274,0,Tranco-TopDomains,2026-09-30
https://app.slack.com/explore,0,Tranco-TopDomains,2026-09-30
https://blog.netflix.com/legal/privacy-policy?lang=en,0,Tranco-TopDomains,2026-09-30
https://reddit.com/terms-of-service?lang=en,0,Tranco-TopDomains,2026-09-30
https://docs.linkedin.com/legal/privacy-policy?q=machine+learning,0,Tranco-TopDomains,2026-09-30
https://cnn.com/pricing?page=2&sort=recent,0,Tranco-TopDomains,2026-09-30
https://developer.microsoft.com/legal/privacy-policy?lang=en,0,Tranco-TopDomains,2026-09-30
https://support.slack.com/?q=machine+learning,0,Tranco-TopDomains,2026-09-30
https://blog.nih.gov/press/announcements?page=2&sort=recent,0,Tranco-TopDomains,2026-09-30
https://blog.nytimes.com/articles/2026/technology?lang=en,0,Tranco-TopDomains,2026-09-30
https://docs.python.org/articles/2026/technology?page=2&sort=recent,0,Tranco-TopDomains,2026-09-30
https://api.nih.gov/documentation/getting-started?lang=en,0,Tranco-TopDomains,2026-09-30
https://api.dropbox.com/blog/post-102?lang=en,0,Tranco-TopDomains,2026-09-30
https://developer.stackoverflow.com/,0,Tranco-TopDomains,2026-09-30
https://blog.mit.edu/explore?category=engineering,0,Tranco-TopDomains,2026-09-30
https://stripe.com/search,0,Tranco-TopDomains,2026-09-30
https://support.dropbox.com/features/security-whitepaper,0,Tranco-TopDomains,2026-09-30
https://bbc.co.uk/press/announcements?page=2&sort=recent,0,Tranco-TopDomains,2026-09-30
https://api.bbc.co.uk/,0,Tranco-TopDomains,2026-09-30
https://harvard.edu/articles/2026/technology?view=grid&filter=active,0,Tranco-TopDomains,2026-09-30
https://apple.com/download/release-v2.0?category=engineering,0,Tranco-TopDomains,2026-09-30
https://support.reddit.com,0,Tranco-TopDomains,2026-09-30
https://netflix.com/terms-of-service?id=108274,0,Tranco-TopDomains,2026-09-30
https://www.google.com/documentation/getting-started?page=2&sort=recent,0,Tranco-TopDomains,2026-09-30
https://support.cloudflare.com/legal/privacy-policy,0,Tranco-TopDomains,2026-09-30
https://docs.github.com/legal/privacy-policy?view=grid&filter=active,0,Tranco-TopDomains,2026-09-30
https://api.reuters.com/download/release-v2.0,0,Tranco-TopDomains,2026-09-30
https://api.quora.com/projects/open-source,0,Tranco-TopDomains,2026-09-30
https://slack.com/documentation/getting-started?q=machine+learning,0,Tranco-TopDomains,2026-09-30
https://www.python.org?id=108274,0,Tranco-TopDomains,2026-09-30
https://netflix.com/pricing?lang=en,0,Tranco-TopDomains,2026-09-30
https://app.amazon.com/,0,Tranco-TopDomains,2026-09-30
https://microsoft.com/explore?category=engineering,0,Tranco-TopDomains,2026-09-30
https://blog.stackoverflow.com/blog/post-102?view=grid&filter=active,0,Tranco-TopDomains,2026-09-30
https://harvard.edu/legal/privacy-policy?category=engineering,0,Tranco-TopDomains,2026-09-30
https://docs.reuters.com/search?category=engineering,0,Tranco-TopDomains,2026-09-30
https://blog.cloudflare.com/explore?lang=en,0,Tranco-TopDomains,2026-09-30
https://developer.cloudflare.com/projects/open-source?q=machine+learning,0,Tranco-TopDomains,2026-09-30
https://www.reuters.com/help/faq?category=engineering,0,Tranco-TopDomains,2026-09-30
https://blog.github.com/press/announcements?q=machine+learning,0,Tranco-TopDomains,2026-09-30
http://api.reddit.com/documentation/getting-started,0,Tranco-TopDomains,2026-09-30
https://apple.com/press/announcements,0,Tranco-TopDomains,2026-09-30
https://theguardian.com/explore?lang=en,0,Tranco-TopDomains,2026-09-30
https://docs.docker.com/blog/post-102?view=grid&filter=active,0,Tranco-TopDomains,2026-09-30
https://bbc.co.uk/legal/privacy-policy?page=2&sort=recent,0,Tranco-TopDomains,2026-09-30
https://support.adobe.com/explore,0,Tranco-TopDomains,2026-09-30
https://github.com/search,0,Tranco-TopDomains,2026-09-30
https://app.gitlab.com/blog/post-102,0,Tranco-TopDomains,2026-09-30
https://dropbox.com/explore?category=engineering,0,Tranco-TopDomains,2026-09-30
https://docs.docker.com/pricing?view=grid&filter=active,0,Tranco-TopDomains,2026-09-30
https://nytimes.com/search,0,Tranco-TopDomains,2026-09-30
https://nytimes.com/download/release-v2.0?view=grid&filter=active,0,Tranco-TopDomains,2026-09-30
https://gitlab.com/pricing?page=2&sort=recent,0,Tranco-TopDomains,2026-09-30
https://developer.python.org/press/announcements,0,Tranco-TopDomains,2026-09-30
https://gitlab.com/about?lang=en,0,Tranco-TopDomains,2026-09-30
https://blog.google.com/documentation/getting-started?page=2&sort=recent,0,Tranco-TopDomains,2026-09-30
https://support.cloudflare.com/documentation/getting-started?view=grid&filter=active,0,Tranco-TopDomains,2026-09-30
https://zoom.us/,0,Tranco-TopDomains,2026-09-30
https://blog.nytimes.com/press/announcements?view=grid&filter=active,0,Tranco-TopDomains,2026-09-30
https://developer.wikipedia.org/terms-of-service?q=machine+learning,0,Tranco-TopDomains,2026-09-30
https://linkedin.com/documentation/getting-started?id=108274,0,Tranco-TopDomains,2026-09-30
https://www.slack.com/about?view=grid&filter=active,0,Tranco-TopDomains,2026-09-30
https://gitlab.com/press/announcements?view=grid&filter=active,0,Tranco-TopDomains,2026-09-30
https://quora.com/explore?category=engineering,0,Tranco-TopDomains,2026-09-30
https://blog.nature.com,0,Tranco-TopDomains,2026-09-30
https://blog.oracle.com/projects/open-source?view=grid&filter=active,0,Tranco-TopDomains,2026-09-30
https://netflix.com/documentation/getting-started?view=grid&filter=active,0,Tranco-TopDomains,2026-09-30
https://api.reddit.com/features/security-whitepaper,0,Tranco-TopDomains,2026-09-30
https://nih.gov/terms-of-service?page=2&sort=recent,0,Tranco-TopDomains,2026-09-30
http://blog.salesforce.com/help/faq,0,Tranco-TopDomains,2026-09-30
https://developer.nytimes.com/search?category=engineering,0,Tranco-TopDomains,2026-09-30
https://www.mit.edu/explore?category=engineering,0,Tranco-TopDomains,2026-09-30
http://api.mit.edu/explore?category=engineering,0,Tranco-TopDomains,2026-09-30
https://developer.stackoverflow.com/features/security-whitepaper?id=108274,0,Tranco-TopDomains,2026-09-30
https://quora.com/?id=108274,0,Tranco-TopDomains,2026-09-30
https://blog.reddit.com/articles/2026/technology,0,Tranco-TopDomains,2026-09-30
https://python.org/pricing?page=2&sort=recent,0,Tranco-TopDomains,2026-09-30
https://support.zoom.us/documentation/getting-started?lang=en,0,Tranco-TopDomains,2026-09-30
https://docs.dropbox.com/features/security-whitepaper,0,Tranco-TopDomains,2026-09-30
https://docs.theguardian.com/terms-of-service?id=108274,0,Tranco-TopDomains,2026-09-30
https://www.mit.edu/legal/privacy-policy?page=2&sort=recent,0,Tranco-TopDomains,2026-09-30
https://python.org/terms-of-service,0,Tranco-TopDomains,2026-09-30
https://developer.nature.com/download/release-v2.0?id=108274,0,Tranco-TopDomains,2026-09-30
https://digitalocean.com/explore,0,Tranco-TopDomains,2026-09-30
https://amazon.com/projects/open-source?lang=en,0,Tranco-TopDomains,2026-09-30
https://docs.nytimes.com/blog/post-102,0,Tranco-TopDomains,2026-09-30
https://www.salesforce.com/?page=2&sort=recent,0,Tranco-TopDomains,2026-09-30
https://app.cloudflare.com/documentation/getting-started?id=108274,0,Tranco-TopDomains,2026-09-30
https://docs.theguardian.com/?category=engineering,0,Tranco-TopDomains,2026-09-30
https://blog.adobe.com/,0,Tranco-TopDomains,2026-09-30
https://app.mit.edu/features/security-whitepaper?q=machine+learning,0,Tranco-TopDomains,2026-09-30
https://app.netflix.com/projects/open-source?q=machine+learning,0,Tranco-TopDomains,2026-09-30
https://bbc.co.uk/articles/2026/technology,0,Tranco-TopDomains,2026-09-30
https://support.stackoverflow.com/?category=engineering,0,Tranco-TopDomains,2026-09-30
http://medium.com/articles/2026/technology?lang=en,0,Tranco-TopDomains,2026-09-30
https://docker.com/,0,Tranco-TopDomains,2026-09-30
https://app.amazon.com/legal/privacy-policy?view=grid&filter=active,0,Tranco-TopDomains,2026-09-30
https://api.nature.com/about?page=2&sort=recent,0,Tranco-TopDomains,2026-09-30
https://blog.bbc.co.uk/about?id=108274,0,Tranco-TopDomains,2026-09-30
https://blog.wsj.com/pricing,0,Tranco-TopDomains,2026-09-30
https://api.harvard.edu/terms-of-service?page=2&sort=recent,0,Tranco-TopDomains,2026-09-30
https://developer.reuters.com,0,Tranco-TopDomains,2026-09-30
https://www.gitlab.com/documentation/getting-started,0,Tranco-TopDomains,2026-09-30
https://support.adobe.com/explore?category=engineering,0,Tranco-TopDomains,2026-09-30
https://salesforce.com/help/faq?id=108274,0,Tranco-TopDomains,2026-09-30
https://developer.gitlab.com/?lang=en,0,Tranco-TopDomains,2026-09-30
https://api.mit.edu/about,0,Tranco-TopDomains,2026-09-30
https://blog.wsj.com,0,Tranco-TopDomains,2026-09-30
https://support.harvard.edu/explore?q=machine+learning,0,Tranco-TopDomains,2026-09-30
https://digitalocean.com/search,0,Tranco-TopDomains,2026-09-30
https://dropbox.com/about,0,Tranco-TopDomains,2026-09-30
https://blog.medium.com/about?q=machine+learning,0,Tranco-TopDomains,2026-09-30
https://support.stripe.com/features/security-whitepaper?category=engineering,0,Tranco-TopDomains,2026-09-30
http://support.microsoft.com/explore?id=108274,0,Tranco-TopDomains,2026-09-30
https://app.wikipedia.org/,0,Tranco-TopDomains,2026-09-30
https://theguardian.com/legal/privacy-policy?lang=en,0,Tranco-TopDomains,2026-09-30
https://developer.salesforce.com/pricing?category=engineering,0,Tranco-TopDomains,2026-09-30
https://developer.microsoft.com/articles/2026/technology?id=108274,0,Tranco-TopDomains,2026-09-30
https://blog.slack.com/legal/privacy-policy,0,Tranco-TopDomains,2026-09-30
http://netflix.com/search,0,Tranco-TopDomains,2026-09-30
https://blog.slack.com/about?lang=en,0,Tranco-TopDomains,2026-09-30
https://www.spotify.com/download/release-v2.0?id=108274,0,Tranco-TopDomains,2026-09-30
https://www.bbc.co.uk/blog/post-102?q=machine+learning,0,Tranco-TopDomains,2026-09-30
https://blog.amazon.com/features/security-whitepaper?id=108274,0,Tranco-TopDomains,2026-09-30
https://docs.wikipedia.org/explore?q=machine+learning,0,Tranco-TopDomains,2026-09-30
https://api.quora.com/help/faq,0,Tranco-TopDomains,2026-09-30
https://cnn.com/legal/privacy-policy,0,Tranco-TopDomains,2026-09-30
https://developer.adobe.com/features/security-whitepaper?page=2&sort=recent,0,Tranco-TopDomains,2026-09-30
https://app.oracle.com/search?page=2&sort=recent,0,Tranco-TopDomains,2026-09-30
https://digitalocean.com?page=2&sort=recent,0,Tranco-TopDomains,2026-09-30
https://support.nih.gov/blog/post-102?page=2&sort=recent,0,Tranco-TopDomains,2026-09-30
https://developer.dropbox.com/features/security-whitepaper?view=grid&filter=active,0,Tranco-TopDomains,2026-09-30
https://developer.oracle.com/explore,0,Tranco-TopDomains,2026-09-30
https://docs.apple.com/search?id=108274,0,Tranco-TopDomains,2026-09-30
https://wikipedia.org?id=108274,0,Tranco-TopDomains,2026-09-30
https://app.slack.com/projects/open-source,0,Tranco-TopDomains,2026-09-30
https://blog.wsj.com/press/announcements,0,Tranco-TopDomains,2026-09-30
https://app.nih.gov/legal/privacy-policy,0,Tranco-TopDomains,2026-09-30
https://theguardian.com/pricing?page=2&sort=recent,0,Tranco-TopDomains,2026-09-30
https://app.cnn.com/articles/2026/technology?id=108274,0,Tranco-TopDomains,2026-09-30
https://nytimes.com/search?view=grid&filter=active,0,Tranco-TopDomains,2026-09-30
https://www.github.com/press/announcements?q=machine+learning,0,Tranco-TopDomains,2026-09-30
https://www.netflix.com/?q=machine+learning,0,Tranco-TopDomains,2026-09-30
https://support.netflix.com/press/announcements?view=grid&filter=active,0,Tranco-TopDomains,2026-09-30
https://api.github.com/explore?id=108274,0,Tranco-TopDomains,2026-09-30
https://docs.linkedin.com/articles/2026/technology?category=engineering,0,Tranco-TopDomains,2026-09-30
https://app.netflix.com/about?id=108274,0,Tranco-TopDomains,2026-09-30
https://blog.nih.gov/pricing?page=2&sort=recent,0,Tranco-TopDomains,2026-09-30
https://developer.spotify.com/press/announcements,0,Tranco-TopDomains,2026-09-30
https://developer.python.org/articles/2026/technology?q=machine+learning,0,Tranco-TopDomains,2026-09-30
https://www.linkedin.com/search,0,Tranco-TopDomains,2026-09-30
https://www.stackoverflow.com/download/release-v2.0?page=2&sort=recent,0,Tranco-TopDomains,2026-09-30
https://developer.reddit.com/press/announcements?q=machine+learning,0,Tranco-TopDomains,2026-09-30
https://stripe.com/documentation/getting-started,0,Tranco-TopDomains,2026-09-30
https://nytimes.com/,0,Tranco-TopDomains,2026-09-30
https://medium.com/pricing,0,Tranco-TopDomains,2026-09-30
https://salesforce.com/projects/open-source?view=grid&filter=active,0,Tranco-TopDomains,2026-09-30
https://developer.reddit.com/articles/2026/technology?q=machine+learning,0,Tranco-TopDomains,2026-09-30
https://app.mozilla.org/articles/2026/technology?id=108274,0,Tranco-TopDomains,2026-09-30
https://developer.dropbox.com/about?q=machine+learning,0,Tranco-TopDomains,2026-09-30
https://python.org?q=machine+learning,0,Tranco-TopDomains,2026-09-30
https://support.theguardian.com/search,0,Tranco-TopDomains,2026-09-30
https://blog.github.com/explore,0,Tranco-TopDomains,2026-09-30
https://app.python.org?category=engineering,0,Tranco-TopDomains,2026-09-30
https://netflix.com/download/release-v2.0?q=machine+learning,0,Tranco-TopDomains,2026-09-30
https://support.reddit.com/help/faq,0,Tranco-TopDomains,2026-09-30
https://developer.medium.com/documentation/getting-started,0,Tranco-TopDomains,2026-09-30
http://support.wsj.com/blog/post-102?q=machine+learning,0,Tranco-TopDomains,2026-09-30
http://app.google.com/explore?id=108274,0,Tranco-TopDomains,2026-09-30
https://api.harvard.edu/download/release-v2.0?page=2&sort=recent,0,Tranco-TopDomains,2026-09-30
https://app.digitalocean.com/blog/post-102?lang=en,0,Tranco-TopDomains,2026-09-30
https://app.digitalocean.com/help/faq?lang=en,0,Tranco-TopDomains,2026-09-30
https://www.slack.com/download/release-v2.0?id=108274,0,Tranco-TopDomains,2026-09-30
https://reddit.com/help/faq?id=108274,0,Tranco-TopDomains,2026-09-30
https://docs.medium.com/help/faq?category=engineering,0,Tranco-TopDomains,2026-09-30
https://www.stackoverflow.com/features/security-whitepaper,0,Tranco-TopDomains,2026-09-30
https://support.theguardian.com/terms-of-service?id=108274,0,Tranco-TopDomains,2026-09-30
https://amazon.com/pricing,0,Tranco-TopDomains,2026-09-30
https://developer.mozilla.org/download/release-v2.0,0,Tranco-TopDomains,2026-09-30
https://api.nih.gov/about,0,Tranco-TopDomains,2026-09-30
https://app.slack.com/legal/privacy-policy,0,Tranco-TopDomains,2026-09-30
https://developer.bbc.co.uk/features/security-whitepaper,0,Tranco-TopDomains,2026-09-30
https://docs.reuters.com/projects/open-source,0,Tranco-TopDomains,2026-09-30
https://blog.theguardian.com/documentation/getting-started,0,Tranco-TopDomains,2026-09-30
https://www.netflix.com,0,Tranco-TopDomains,2026-09-30
https://support.linkedin.com/help/faq?category=engineering,0,Tranco-TopDomains,2026-09-30
https://blog.mit.edu,0,Tranco-TopDomains,2026-09-30
https://docs.nature.com/help/faq?page=2&sort=recent,0,Tranco-TopDomains,2026-09-30
https://www.linkedin.com/projects/open-source?view=grid&filter=active,0,Tranco-TopDomains,2026-09-30
https://docs.google.com/articles/2026/technology?category=engineering,0,Tranco-TopDomains,2026-09-30
https://nature.com/legal/privacy-policy?page=2&sort=recent,0,Tranco-TopDomains,2026-09-30
https://docs.theguardian.com/blog/post-102?view=grid&filter=active,0,Tranco-TopDomains,2026-09-30
https://www.reddit.com/terms-of-service?view=grid&filter=active,0,Tranco-TopDomains,2026-09-30
https://developer.microsoft.com/explore?lang=en,0,Tranco-TopDomains,2026-09-30
https://www.nih.gov/terms-of-service?category=engineering,0,Tranco-TopDomains,2026-09-30
https://blog.reuters.com?lang=en,0,Tranco-TopDomains,2026-09-30
https://support.apple.com/terms-of-service,0,Tranco-TopDomains,2026-09-30
https://developer.bbc.co.uk/terms-of-service?page=2&sort=recent,0,Tranco-TopDomains,2026-09-30
https://linkedin.com/projects/open-source?view=grid&filter=active,0,Tranco-TopDomains,2026-09-30
https://www.cnn.com/blog/post-102?q=machine+learning,0,Tranco-TopDomains,2026-09-30
https://app.cnn.com/help/faq,0,Tranco-TopDomains,2026-09-30
https://stackoverflow.com/press/announcements,0,Tranco-TopDomains,2026-09-30
https://wsj.com/press/announcements?page=2&sort=recent,0,Tranco-TopDomains,2026-09-30
https://app.quora.com/blog/post-102?view=grid&filter=active,0,Tranco-TopDomains,2026-09-30
https://docs.theguardian.com/pricing?q=machine+learning,0,Tranco-TopDomains,2026-09-30
https://python.org/download/release-v2.0?view=grid&filter=active,0,Tranco-TopDomains,2026-09-30
https://blog.github.com/help/faq?category=engineering,0,Tranco-TopDomains,2026-09-30
https://developer.bbc.co.uk/explore?id=108274,0,Tranco-TopDomains,2026-09-30
https://google.com/projects/open-source?category=engineering,0,Tranco-TopDomains,2026-09-30
https://api.adobe.com/blog/post-102,0,Tranco-TopDomains,2026-09-30
https://docs.cnn.com/press/announcements?page=2&sort=recent,0,Tranco-TopDomains,2026-09-30
https://support.quora.com/projects/open-source?category=engineering,0,Tranco-TopDomains,2026-09-30
https://api.netflix.com/pricing?lang=en,0,Tranco-TopDomains,2026-09-30
https://app.python.org/documentation/getting-started,0,Tranco-TopDomains,2026-09-30
https://blog.cnn.com/download/release-v2.0?category=engineering,0,Tranco-TopDomains,2026-09-30
https://developer.mozilla.org,0,Tranco-TopDomains,2026-09-30
https://blog.python.org/terms-of-service?view=grid&filter=active,0,Tranco-TopDomains,2026-09-30
https://app.nature.com/?category=engineering,0,Tranco-TopDomains,2026-09-30
https://nytimes.com/projects/open-source?lang=en,0,Tranco-TopDomains,2026-09-30
https://developer.cloudflare.com/terms-of-service?lang=en,0,Tranco-TopDomains,2026-09-30
http://blog.nature.com/blog/post-102?page=2&sort=recent,0,Tranco-TopDomains,2026-09-30
https://api.stackoverflow.com/projects/open-source?id=108274,0,Tranco-TopDomains,2026-09-30
https://api.salesforce.com/terms-of-service?id=108274,0,Tranco-TopDomains,2026-09-30
https://gitlab.com/pricing?lang=en,0,Tranco-TopDomains,2026-09-30
https://mozilla.org/terms-of-service?category=engineering,0,Tranco-TopDomains,2026-09-30
https://slack.com/about,0,Tranco-TopDomains,2026-09-30
https://api.adobe.com/legal/privacy-policy?lang=en,0,Tranco-TopDomains,2026-09-30
https://docs.slack.com/features/security-whitepaper?page=2&sort=recent,0,Tranco-TopDomains,2026-09-30
https://developer.reuters.com/download/release-v2.0,0,Tranco-TopDomains,2026-09-30
https://microsoft.com/documentation/getting-started?lang=en,0,Tranco-TopDomains,2026-09-30
https://www.apple.com/articles/2026/technology?category=engineering,0,Tranco-TopDomains,2026-09-30
https://developer.wikipedia.org/,0,Tranco-TopDomains,2026-09-30
https://reuters.com/explore?lang=en,0,Tranco-TopDomains,2026-09-30
https://support.apple.com/legal/privacy-policy?q=machine+learning,0,Tranco-TopDomains,2026-09-30
https://developer.salesforce.com/search,0,Tranco-TopDomains,2026-09-30
https://nytimes.com/?page=2&sort=recent,0,Tranco-TopDomains,2026-09-30
https://developer.adobe.com/features/security-whitepaper?id=108274,0,Tranco-TopDomains,2026-09-30
https://developer.nature.com/search?id=108274,0,Tranco-TopDomains,2026-09-30
https://app.docker.com/download/release-v2.0?id=108274,0,Tranco-TopDomains,2026-09-30
https://docs.wsj.com/help/faq?view=grid&filter=active,0,Tranco-TopDomains,2026-09-30
https://developer.apple.com/legal/privacy-policy?page=2&sort=recent,0,Tranco-TopDomains,2026-09-30
https://docs.mozilla.org,0,Tranco-TopDomains,2026-09-30
https://api.python.org/legal/privacy-policy?view=grid&filter=active,0,Tranco-TopDomains,2026-09-30
https://developer.quora.com/legal/privacy-policy,0,Tranco-TopDomains,2026-09-30
https://app.salesforce.com/documentation/getting-started,0,Tranco-TopDomains,2026-09-30
https://support.mit.edu/download/release-v2.0?category=engineering,0,Tranco-TopDomains,2026-09-30
https://support.zoom.us/documentation/getting-started?lang=en,0,Tranco-TopDomains,2026-09-30
https://blog.cnn.com/blog/post-102?lang=en,0,Tranco-TopDomains,2026-09-30
https://docs.wsj.com/download/release-v2.0?q=machine+learning,0,Tranco-TopDomains,2026-09-30
https://bbc.co.uk/legal/privacy-policy,0,Tranco-TopDomains,2026-09-30
https://docs.gitlab.com/press/announcements?q=machine+learning,0,Tranco-TopDomains,2026-09-30
https://mozilla.org,0,Tranco-TopDomains,2026-09-30
https://docs.salesforce.com/search?view=grid&filter=active,0,Tranco-TopDomains,2026-09-30
https://nih.gov/search,0,Tranco-TopDomains,2026-09-30
https://support.dropbox.com/legal/privacy-policy?view=grid&filter=active,0,Tranco-TopDomains,2026-09-30
https://docker.com/terms-of-service,0,Tranco-TopDomains,2026-09-30
https://mozilla.org/blog/post-102?category=engineering,0,Tranco-TopDomains,2026-09-30
https://reddit.com/projects/open-source?lang=en,0,Tranco-TopDomains,2026-09-30
https://google.com/documentation/getting-started?category=engineering,0,Tranco-TopDomains,2026-09-30
https://www.gitlab.com/?q=machine+learning,0,Tranco-TopDomains,2026-09-30
https://blog.cloudflare.com/projects/open-source?view=grid&filter=active,0,Tranco-TopDomains,2026-09-30
https://api.oracle.com/articles/2026/technology,0,Tranco-TopDomains,2026-09-30
https://blog.nature.com/explore?lang=en,0,Tranco-TopDomains,2026-09-30
https://www.oracle.com/help/faq,0,Tranco-TopDomains,2026-09-30
https://harvard.edu/documentation/getting-started?category=engineering,0,Tranco-TopDomains,2026-09-30
https://docs.nytimes.com/explore?category=engineering,0,Tranco-TopDomains,2026-09-30
https://google.com/press/announcements,0,Tranco-TopDomains,2026-09-30
https://www.apple.com/articles/2026/technology?view=grid&filter=active,0,Tranco-TopDomains,2026-09-30
https://dropbox.com/?page=2&sort=recent,0,Tranco-TopDomains,2026-09-30
https://wsj.com/search?view=grid&filter=active,0,Tranco-TopDomains,2026-09-30
http://api.nature.com/features/security-whitepaper?q=machine+learning,0,Tranco-TopDomains,2026-09-30
https://api.zoom.us/search?lang=en,0,Tranco-TopDomains,2026-09-30
https://developer.quora.com/legal/privacy-policy?id=108274,0,Tranco-TopDomains,2026-09-30
https://app.mit.edu/articles/2026/technology?id=108274,0,Tranco-TopDomains,2026-09-30
https://docs.docker.com/articles/2026/technology,0,Tranco-TopDomains,2026-09-30
https://docs.gitlab.com/blog/post-102?id=108274,0,Tranco-TopDomains,2026-09-30
https://blog.google.com/pricing,0,Tranco-TopDomains,2026-09-30
https://app.netflix.com/documentation/getting-started?page=2&sort=recent,0,Tranco-TopDomains,2026-09-30
https://support.wsj.com/projects/open-source?id=108274,0,Tranco-TopDomains,2026-09-30
https://nature.com/legal/privacy-policy?page=2&sort=recent,0,Tranco-TopDomains,2026-09-30
https://adobe.com/explore?id=108274,0,Tranco-TopDomains,2026-09-30
https://github.com/articles/2026/technology,0,Tranco-TopDomains,2026-09-30
https://www.quora.com/explore,0,Tranco-TopDomains,2026-09-30
https://developer.zoom.us/blog/post-102,0,Tranco-TopDomains,2026-09-30
https://wikipedia.org/projects/open-source?view=grid&filter=active,0,Tranco-TopDomains,2026-09-30
https://developer.apple.com/?page=2&sort=recent,0,Tranco-TopDomains,2026-09-30
https://api.stripe.com/?lang=en,0,Tranco-TopDomains,2026-09-30
https://docs.wikipedia.org/about?q=machine+learning,0,Tranco-TopDomains,2026-09-30
https://cloudflare.com/documentation/getting-started?id=108274,0,Tranco-TopDomains,2026-09-30
https://blog.mit.edu/documentation/getting-started,0,Tranco-TopDomains,2026-09-30
https://support.nature.com/explore?page=2&sort=recent,0,Tranco-TopDomains,2026-09-30
https://digitalocean.com/articles/2026/technology,0,Tranco-TopDomains,2026-09-30
https://api.theguardian.com/articles/2026/technology?id=108274,0,Tranco-TopDomains,2026-09-30
https://api.gitlab.com/terms-of-service?id=108274,0,Tranco-TopDomains,2026-09-30
https://api.adobe.com/download/release-v2.0?category=engineering,0,Tranco-TopDomains,2026-09-30
https://app.adobe.com/documentation/getting-started?id=108274,0,Tranco-TopDomains,2026-09-30
https://docs.nature.com/help/faq?view=grid&filter=active,0,Tranco-TopDomains,2026-09-30
https://slack.com/?lang=en,0,Tranco-TopDomains,2026-09-30
https://reuters.com/legal/privacy-policy,0,Tranco-TopDomains,2026-09-30
https://www.nih.gov/terms-of-service,0,Tranco-TopDomains,2026-09-30
http://blog.linkedin.com/search,0,Tranco-TopDomains,2026-09-30
https://spotify.com/search?lang=en,0,Tranco-TopDomains,2026-09-30
https://www.cnn.com/blog/post-102?lang=en,0,Tranco-TopDomains,2026-09-30
https://app.slack.com/projects/open-source,0,Tranco-TopDomains,2026-09-30
https://reddit.com/press/announcements,0,Tranco-TopDomains,2026-09-30
https://oracle.com/pricing,0,Tranco-TopDomains,2026-09-30
https://api.dropbox.com/download/release-v2.0?category=engineering,0,Tranco-TopDomains,2026-09-30
https://www.stackoverflow.com?category=engineering,0,Tranco-TopDomains,2026-09-30
https://reuters.com/terms-of-service?id=108274,0,Tranco-TopDomains,2026-09-30
https://blog.adobe.com/documentation/getting-started,0,Tranco-TopDomains,2026-09-30
https://developer.slack.com/about?q=machine+learning,0,Tranco-TopDomains,2026-09-30
https://slack.com/search?page=2&sort=recent,0,Tranco-TopDomains,2026-09-30
https://blog.amazon.com/pricing?lang=en,0,Tranco-TopDomains,2026-09-30
https://support.theguardian.com/search,0,Tranco-TopDomains,2026-09-30
https://developer.mit.edu/pricing?q=machine+learning,0,Tranco-TopDomains,2026-09-30
https://www.reuters.com/documentation/getting-started,0,Tranco-TopDomains,2026-09-30
https://api.digitalocean.com/about,0,Tranco-TopDomains,2026-09-30
https://api.digitalocean.com/help/faq?q=machine+learning,0,Tranco-TopDomains,2026-09-30
https://docs.microsoft.com/articles/2026/technology?page=2&sort=recent,0,Tranco-TopDomains,2026-09-30
http://app.gitlab.com/search?view=grid&filter=active,0,Tranco-TopDomains,2026-09-30
https://www.nih.gov/help/faq,0,Tranco-TopDomains,2026-09-30
https://apple.com/?q=machine+learning,0,Tranco-TopDomains,2026-09-30
https://docs.mozilla.org?page=2&sort=recent,0,Tranco-TopDomains,2026-09-30
http://docs.stackoverflow.com/features/security-whitepaper?view=grid&filter=active,0,Tranco-TopDomains,2026-09-30
https://blog.harvard.edu/projects/open-source?q=machine+learning,0,Tranco-TopDomains,2026-09-30
https://blog.medium.com/press/announcements,0,Tranco-TopDomains,2026-09-30
https://support.microsoft.com/?lang=en,0,Tranco-TopDomains,2026-09-30
https://www.salesforce.com/blog/post-102,0,Tranco-TopDomains,2026-09-30
https://google.com/pricing?lang=en,0,Tranco-TopDomains,2026-09-30
https://netflix.com?lang=en,0,Tranco-TopDomains,2026-09-30
https://www.zoom.us/pricing?id=108274,0,Tranco-TopDomains,2026-09-30
https://api.cloudflare.com/press/announcements?id=108274,0,Tranco-TopDomains,2026-09-30
https://blog.mit.edu/features/security-whitepaper?id=108274,0,Tranco-TopDomains,2026-09-30
https://microsoft.com/documentation/getting-started?id=108274,0,Tranco-TopDomains,2026-09-30
https://support.quora.com/articles/2026/technology,0,Tranco-TopDomains,2026-09-30
https://api.spotify.com/legal/privacy-policy?q=machine+learning,0,Tranco-TopDomains,2026-09-30
https://docs.theguardian.com/?lang=en,0,Tranco-TopDomains,2026-09-30
https://blog.microsoft.com/blog/post-102?q=machine+learning,0,Tranco-TopDomains,2026-09-30
https://slack.com/about?category=engineering,0,Tranco-TopDomains,2026-09-30
https://support.nih.gov/documentation/getting-started,0,Tranco-TopDomains,2026-09-30
https://app.oracle.com/terms-of-service?view=grid&filter=active,0,Tranco-TopDomains,2026-09-30
https://harvard.edu/projects/open-source,0,Tranco-TopDomains,2026-09-30
https://reuters.com/download/release-v2.0,0,Tranco-TopDomains,2026-09-30
https://api.nytimes.com/about?id=108274,0,Tranco-TopDomains,2026-09-30
https://stackoverflow.com/terms-of-service,0,Tranco-TopDomains,2026-09-30
https://support.adobe.com/download/release-v2.0?lang=en,0,Tranco-TopDomains,2026-09-30
https://linkedin.com/projects/open-source,0,Tranco-TopDomains,2026-09-30
https://app.microsoft.com/blog/post-102?q=machine+learning,0,Tranco-TopDomains,2026-09-30
https://nih.gov/help/faq,0,Tranco-TopDomains,2026-09-30
https://reddit.com/press/announcements?page=2&sort=recent,0,Tranco-TopDomains,2026-09-30
https://developer.zoom.us/press/announcements,0,Tranco-TopDomains,2026-09-30
https://nih.gov/download/release-v2.0,0,Tranco-TopDomains,2026-09-30
https://www.stripe.com/projects/open-source?q=machine+learning,0,Tranco-TopDomains,2026-09-30
https://app.gitlab.com/press/announcements?page=2&sort=recent,0,Tranco-TopDomains,2026-09-30
https://support.cnn.com/pricing,0,Tranco-TopDomains,2026-09-30
https://api.zoom.us/pricing?id=108274,0,Tranco-TopDomains,2026-09-30
https://blog.github.com/explore?view=grid&filter=active,0,Tranco-TopDomains,2026-09-30
https://www.github.com/pricing,0,Tranco-TopDomains,2026-09-30
https://reuters.com/projects/open-source?lang=en,0,Tranco-TopDomains,2026-09-30
https://docs.oracle.com/features/security-whitepaper,0,Tranco-TopDomains,2026-09-30
https://blog.amazon.com/search?view=grid&filter=active,0,Tranco-TopDomains,2026-09-30
https://gitlab.com/explore,0,Tranco-TopDomains,2026-09-30
https://wsj.com/pricing?category=engineering,0,Tranco-TopDomains,2026-09-30
https://microsoft.com/features/security-whitepaper?q=machine+learning,0,Tranco-TopDomains,2026-09-30
https://docs.apple.com/terms-of-service,0,Tranco-TopDomains,2026-09-30
https://stackoverflow.com/explore?view=grid&filter=active,0,Tranco-TopDomains,2026-09-30
https://blog.apple.com/pricing?id=108274,0,Tranco-TopDomains,2026-09-30
https://support.nytimes.com/pricing,0,Tranco-TopDomains,2026-09-30
https://app.dropbox.com/search,0,Tranco-TopDomains,2026-09-30
https://bbc.co.uk/download/release-v2.0?lang=en,0,Tranco-TopDomains,2026-09-30
https://docs.gitlab.com/articles/2026/technology,0,Tranco-TopDomains,2026-09-30
https://mit.edu/blog/post-102,0,Tranco-TopDomains,2026-09-30
https://blog.quora.com?view=grid&filter=active,0,Tranco-TopDomains,2026-09-30
https://developer.reddit.com/download/release-v2.0?view=grid&filter=active,0,Tranco-TopDomains,2026-09-30
https://www.google.com/blog/post-102?id=108274,0,Tranco-TopDomains,2026-09-30
https://harvard.edu/articles/2026/technology,0,Tranco-TopDomains,2026-09-30
https://spotify.com/search,0,Tranco-TopDomains,2026-09-30
https://api.oracle.com/about,0,Tranco-TopDomains,2026-09-30
https://bbc.co.uk/legal/privacy-policy?id=108274,0,Tranco-TopDomains,2026-09-30
https://app.docker.com/help/faq,0,Tranco-TopDomains,2026-09-30
https://api.oracle.com/help/faq?category=engineering,0,Tranco-TopDomains,2026-09-30
https://blog.digitalocean.com/about?lang=en,0,Tranco-TopDomains,2026-09-30
https://docs.stackoverflow.com/terms-of-service?id=108274,0,Tranco-TopDomains,2026-09-30
https://www.harvard.edu/,0,Tranco-TopDomains,2026-09-30
https://reuters.com/press/announcements?lang=en,0,Tranco-TopDomains,2026-09-30
https://docs.adobe.com/help/faq,0,Tranco-TopDomains,2026-09-30
https://blog.quora.com/press/announcements?view=grid&filter=active,0,Tranco-TopDomains,2026-09-30
https://docs.nih.gov/projects/open-source,0,Tranco-TopDomains,2026-09-30
https://docker.com/projects/open-source?category=engineering,0,Tranco-TopDomains,2026-09-30
https://api.dropbox.com/projects/open-source,0,Tranco-TopDomains,2026-09-30
https://docs.salesforce.com/about?lang=en,0,Tranco-TopDomains,2026-09-30
https://api.nature.com,0,Tranco-TopDomains,2026-09-30
https://support.dropbox.com,0,Tranco-TopDomains,2026-09-30
https://developer.dropbox.com/press/announcements,0,Tranco-TopDomains,2026-09-30
https://reddit.com/features/security-whitepaper?id=108274,0,Tranco-TopDomains,2026-09-30
https://support.docker.com/?id=108274,0,Tranco-TopDomains,2026-09-30
https://blog.adobe.com?q=machine+learning,0,Tranco-TopDomains,2026-09-30
https://api.dropbox.com/about,0,Tranco-TopDomains,2026-09-30
https://api.microsoft.com/pricing?id=108274,0,Tranco-TopDomains,2026-09-30
https://zoom.us/explore?lang=en,0,Tranco-TopDomains,2026-09-30
https://adobe.com/blog/post-102?category=engineering,0,Tranco-TopDomains,2026-09-30
https://api.cnn.com/features/security-whitepaper?lang=en,0,Tranco-TopDomains,2026-09-30
https://oracle.com/explore?page=2&sort=recent,0,Tranco-TopDomains,2026-09-30
http://mit.edu/features/security-whitepaper?id=108274,0,Tranco-TopDomains,2026-09-30
https://blog.reddit.com/search?q=machine+learning,0,Tranco-TopDomains,2026-09-30
https://blog.reddit.com/legal/privacy-policy?page=2&sort=recent,0,Tranco-TopDomains,2026-09-30
https://blog.cloudflare.com/search?q=machine+learning,0,Tranco-TopDomains,2026-09-30
https://support.docker.com/explore,0,Tranco-TopDomains,2026-09-30
https://app.github.com/about?page=2&sort=recent,0,Tranco-TopDomains,2026-09-30
https://github.com/legal/privacy-policy,0,Tranco-TopDomains,2026-09-30
https://www.oracle.com/terms-of-service?q=machine+learning,0,Tranco-TopDomains,2026-09-30
https://blog.linkedin.com/terms-of-service?view=grid&filter=active,0,Tranco-TopDomains,2026-09-30
https://linkedin.com/articles/2026/technology?lang=en,0,Tranco-TopDomains,2026-09-30
https://blog.nature.com/explore?q=machine+learning,0,Tranco-TopDomains,2026-09-30
https://api.nature.com/blog/post-102,0,Tranco-TopDomains,2026-09-30
https://app.salesforce.com/documentation/getting-started,0,Tranco-TopDomains,2026-09-30
https://blog.dropbox.com/features/security-whitepaper,0,Tranco-TopDomains,2026-09-30
https://reddit.com/explore?category=engineering,0,Tranco-TopDomains,2026-09-30
https://support.digitalocean.com/articles/2026/technology?view=grid&filter=active,0,Tranco-TopDomains,2026-09-30
https://api.oracle.com/projects/open-source?id=108274,0,Tranco-TopDomains,2026-09-30
https://app.docker.com/search,0,Tranco-TopDomains,2026-09-30
https://docker.com/features/security-whitepaper?lang=en,0,Tranco-TopDomains,2026-09-30
https://developer.docker.com/documentation/getting-started?q=machine+learning,0,Tranco-TopDomains,2026-09-30
https://api.medium.com/pricing,0,Tranco-TopDomains,2026-09-30
http://api.dropbox.com/features/security-whitepaper?view=grid&filter=active,0,Tranco-TopDomains,2026-09-30
https://reddit.com/help/faq?view=grid&filter=active,0,Tranco-TopDomains,2026-09-30
https://docs.nytimes.com/help/faq,0,Tranco-TopDomains,2026-09-30
https://slack.com/terms-of-service?id=108274,0,Tranco-TopDomains,2026-09-30
https://blog.oracle.com/features/security-whitepaper?category=engineering,0,Tranco-TopDomains,2026-09-30
https://app.cnn.com/documentation/getting-started?id=108274,0,Tranco-TopDomains,2026-09-30
https://support.reddit.com/about?page=2&sort=recent,0,Tranco-TopDomains,2026-09-30
https://support.digitalocean.com/terms-of-service?id=108274,0,Tranco-TopDomains,2026-09-30
https://bbc.co.uk/press/announcements,0,Tranco-TopDomains,2026-09-30
https://api.docker.com/explore?view=grid&filter=active,0,Tranco-TopDomains,2026-09-30
https://slack.com/explore?category=engineering,0,Tranco-TopDomains,2026-09-30
https://amazon.com/projects/open-source,0,Tranco-TopDomains,2026-09-30
https://google.com/search?view=grid&filter=active,0,Tranco-TopDomains,2026-09-30
https://app.zoom.us/features/security-whitepaper?q=machine+learning,0,Tranco-TopDomains,2026-09-30
https://docs.adobe.com/legal/privacy-policy?category=engineering,0,Tranco-TopDomains,2026-09-30
https://spotify.com?id=108274,0,Tranco-TopDomains,2026-09-30
https://docs.python.org/?page=2&sort=recent,0,Tranco-TopDomains,2026-09-30
https://amazon.com/help/faq,0,Tranco-TopDomains,2026-09-30
https://www.microsoft.com/download/release-v2.0?category=engineering,0,Tranco-TopDomains,2026-09-30
https://support.zoom.us/pricing?category=engineering,0,Tranco-TopDomains,2026-09-30
https://developer.bbc.co.uk/search?q=machine+learning,0,Tranco-TopDomains,2026-09-30
https://support.netflix.com/search?lang=en,0,Tranco-TopDomains,2026-09-30
https://python.org,0,Tranco-TopDomains,2026-09-30
https://developer.mozilla.org/download/release-v2.0,0,Tranco-TopDomains,2026-09-30
https://developer.stripe.com/download/release-v2.0,0,Tranco-TopDomains,2026-09-30
https://blog.digitalocean.com/features/security-whitepaper?category=engineering,0,Tranco-TopDomains,2026-09-30
https://support.bbc.co.uk?view=grid&filter=active,0,Tranco-TopDomains,2026-09-30
https://blog.cnn.com/blog/post-102?category=engineering,0,Tranco-TopDomains,2026-09-30
https://netflix.com/?view=grid&filter=active,0,Tranco-TopDomains,2026-09-30
https://app.stackoverflow.com/press/announcements,0,Tranco-TopDomains,2026-09-30
https://docs.reuters.com/features/security-whitepaper?id=108274,0,Tranco-TopDomains,2026-09-30
https://www.apple.com/press/announcements,0,Tranco-TopDomains,2026-09-30
https://app.wsj.com/legal/privacy-policy,0,Tranco-TopDomains,2026-09-30
https://wsj.com/press/announcements?view=grid&filter=active,0,Tranco-TopDomains,2026-09-30
https://app.reddit.com/terms-of-service?category=engineering,0,Tranco-TopDomains,2026-09-30
https://docs.salesforce.com/articles/2026/technology,0,Tranco-TopDomains,2026-09-30
https://app.oracle.com/blog/post-102,0,Tranco-TopDomains,2026-09-30
https://app.nytimes.com/?lang=en,0,Tranco-TopDomains,2026-09-30
https://docs.microsoft.com/press/announcements,0,Tranco-TopDomains,2026-09-30
https://docs.wikipedia.org/blog/post-102,0,Tranco-TopDomains,2026-09-30
https://docs.linkedin.com,0,Tranco-TopDomains,2026-09-30
https://developer.mozilla.org/help/faq,0,Tranco-TopDomains,2026-09-30
https://developer.cnn.com/articles/2026/technology?id=108274,0,Tranco-TopDomains,2026-09-30
https://dropbox.com/search,0,Tranco-TopDomains,2026-09-30
https://support.stripe.com/documentation/getting-started?view=grid&filter=active,0,Tranco-TopDomains,2026-09-30
https://www.nytimes.com/help/faq,0,Tranco-TopDomains,2026-09-30
https://stackoverflow.com/articles/2026/technology?view=grid&filter=active,0,Tranco-TopDomains,2026-09-30
https://developer.oracle.com/documentation/getting-started?category=engineering,0,Tranco-TopDomains,2026-09-30
https://developer.zoom.us/blog/post-102,0,Tranco-TopDomains,2026-09-30
https://digitalocean.com/legal/privacy-policy?view=grid&filter=active,0,Tranco-TopDomains,2026-09-30
https://blog.adobe.com/,0,Tranco-TopDomains,2026-09-30
https://support.spotify.com/blog/post-102?page=2&sort=recent,0,Tranco-TopDomains,2026-09-30
https://docs.cloudflare.com/pricing?view=grid&filter=active,0,Tranco-TopDomains,2026-09-30
https://app.cnn.com/projects/open-source?id=108274,0,Tranco-TopDomains,2026-09-30
https://api.bbc.co.uk,0,Tranco-TopDomains,2026-09-30
https://support.google.com/explore?id=108274,0,Tranco-TopDomains,2026-09-30
https://api.gitlab.com/documentation/getting-started?lang=en,0,Tranco-TopDomains,2026-09-30
https://github.com/about,0,Tranco-TopDomains,2026-09-30
https://app.harvard.edu/explore,0,Tranco-TopDomains,2026-09-30
https://support.python.org/articles/2026/technology,0,Tranco-TopDomains,2026-09-30
https://docs.medium.com/features/security-whitepaper,0,Tranco-TopDomains,2026-09-30
https://support.linkedin.com/terms-of-service?lang=en,0,Tranco-TopDomains,2026-09-30
https://docs.wikipedia.org/?category=engineering,0,Tranco-TopDomains,2026-09-30
https://docs.amazon.com/blog/post-102,0,Tranco-TopDomains,2026-09-30
https://www.quora.com/pricing,0,Tranco-TopDomains,2026-09-30
https://cloudflare.com/download/release-v2.0?q=machine+learning,0,Tranco-TopDomains,2026-09-30
http://developer.cloudflare.com/blog/post-102,0,Tranco-TopDomains,2026-09-30
http://app.wikipedia.org/blog/post-102?view=grid&filter=active,0,Tranco-TopDomains,2026-09-30
https://quora.com,0,Tranco-TopDomains,2026-09-30
https://linkedin.com/terms-of-service?category=engineering,0,Tranco-TopDomains,2026-09-30
https://developer.theguardian.com/press/announcements?category=engineering,0,Tranco-TopDomains,2026-09-30
https://blog.wikipedia.org/documentation/getting-started,0,Tranco-TopDomains,2026-09-30
https://reddit.com/help/faq?page=2&sort=recent,0,Tranco-TopDomains,2026-09-30
https://slack.com/about?page=2&sort=recent,0,Tranco-TopDomains,2026-09-30
https://dropbox.com/features/security-whitepaper?lang=en,0,Tranco-TopDomains,2026-09-30
https://blog.bbc.co.uk/?category=engineering,0,Tranco-TopDomains,2026-09-30
https://support.oracle.com/explore?page=2&sort=recent,0,Tranco-TopDomains,2026-09-30
https://www.gitlab.com/search,0,Tranco-TopDomains,2026-09-30
https://developer.cnn.com/pricing,0,Tranco-TopDomains,2026-09-30
http://developer.oracle.com/features/security-whitepaper,0,Tranco-TopDomains,2026-09-30
https://api.amazon.com/?category=engineering,0,Tranco-TopDomains,2026-09-30
https://developer.reuters.com/search?q=machine+learning,0,Tranco-TopDomains,2026-09-30
https://github.com/press/announcements,0,Tranco-TopDomains,2026-09-30
https://www.github.com/search,0,Tranco-TopDomains,2026-09-30
https://docs.amazon.com/explore?view=grid&filter=active,0,Tranco-TopDomains,2026-09-30
https://wikipedia.org/explore?view=grid&filter=active,0,Tranco-TopDomains,2026-09-30
https://nih.gov/projects/open-source?category=engineering,0,Tranco-TopDomains,2026-09-30
https://api.slack.com/explore?id=108274,0,Tranco-TopDomains,2026-09-30
https://harvard.edu/articles/2026/technology?page=2&sort=recent,0,Tranco-TopDomains,2026-09-30
https://linkedin.com/download/release-v2.0,0,Tranco-TopDomains,2026-09-30
https://nature.com/features/security-whitepaper?q=machine+learning,0,Tranco-TopDomains,2026-09-30
https://github.com/explore?category=engineering,0,Tranco-TopDomains,2026-09-30
http://developer.microsoft.com/about,0,Tranco-TopDomains,2026-09-30
https://app.apple.com/legal/privacy-policy?category=engineering,0,Tranco-TopDomains,2026-09-30
https://reddit.com/projects/open-source,0,Tranco-TopDomains,2026-09-30
https://developer.reuters.com/download/release-v2.0?q=machine+learning,0,Tranco-TopDomains,2026-09-30
https://app.github.com/articles/2026/technology?view=grid&filter=active,0,Tranco-TopDomains,2026-09-30
http://docs.apple.com/help/faq?category=engineering,0,Tranco-TopDomains,2026-09-30
https://www.cnn.com/explore?id=108274,0,Tranco-TopDomains,2026-09-30
https://blog.netflix.com/documentation/getting-started?view=grid&filter=active,0,Tranco-TopDomains,2026-09-30
https://docs.harvard.edu/?q=machine+learning,0,Tranco-TopDomains,2026-09-30
https://developer.mozilla.org/press/announcements,0,Tranco-TopDomains,2026-09-30
https://github.com/help/faq?lang=en,0,Tranco-TopDomains,2026-09-30
https://api.medium.com/features/security-whitepaper,0,Tranco-TopDomains,2026-09-30
https://blog.amazon.com/articles/2026/technology,0,Tranco-TopDomains,2026-09-30
https://blog.quora.com/explore,0,Tranco-TopDomains,2026-09-30
https://app.gitlab.com/terms-of-service?category=engineering,0,Tranco-TopDomains,2026-09-30
https://www.adobe.com/explore?page=2&sort=recent,0,Tranco-TopDomains,2026-09-30
https://support.cnn.com/projects/open-source?category=engineering,0,Tranco-TopDomains,2026-09-30
https://developer.wikipedia.org/press/announcements,0,Tranco-TopDomains,2026-09-30
https://www.mozilla.org/features/security-whitepaper,0,Tranco-TopDomains,2026-09-30
https://developer.python.org/projects/open-source?page=2&sort=recent,0,Tranco-TopDomains,2026-09-30
https://api.mit.edu/search,0,Tranco-TopDomains,2026-09-30
https://docs.amazon.com/search,0,Tranco-TopDomains,2026-09-30
https://support.docker.com/articles/2026/technology?page=2&sort=recent,0,Tranco-TopDomains,2026-09-30
https://app.salesforce.com/articles/2026/technology,0,Tranco-TopDomains,2026-09-30
https://www.nature.com/about?category=engineering,0,Tranco-TopDomains,2026-09-30
https://www.quora.com/press/announcements?view=grid&filter=active,0,Tranco-TopDomains,2026-09-30
https://www.digitalocean.com/documentation/getting-started?page=2&sort=recent,0,Tranco-TopDomains,2026-09-30
https://app.nih.gov/search,0,Tranco-TopDomains,2026-09-30
http://github.com/press/announcements?id=108274,0,Tranco-TopDomains,2026-09-30
https://support.reuters.com/press/announcements,0,Tranco-TopDomains,2026-09-30
https://cnn.com?category=engineering,0,Tranco-TopDomains,2026-09-30
https://api.python.org/legal/privacy-policy?q=machine+learning,0,Tranco-TopDomains,2026-09-30
https://apple.com/press/announcements?lang=en,0,Tranco-TopDomains,2026-09-30
https://app.docker.com?view=grid&filter=active,0,Tranco-TopDomains,2026-09-30
https://support.python.org/articles/2026/technology?page=2&sort=recent,0,Tranco-TopDomains,2026-09-30
https://google.com/pricing?page=2&sort=recent,0,Tranco-TopDomains,2026-09-30
https://support.salesforce.com/blog/post-102?id=108274,0,Tranco-TopDomains,2026-09-30
https://harvard.edu/terms-of-service,0,Tranco-TopDomains,2026-09-30
https://netflix.com/explore?category=engineering,0,Tranco-TopDomains,2026-09-30
https://api.github.com/help/faq,0,Tranco-TopDomains,2026-09-30
https://blog.wikipedia.org/projects/open-source,0,Tranco-TopDomains,2026-09-30
https://blog.cnn.com/explore?view=grid&filter=active,0,Tranco-TopDomains,2026-09-30
https://www.harvard.edu/terms-of-service?page=2&sort=recent,0,Tranco-TopDomains,2026-09-30
https://support.theguardian.com/blog/post-102,0,Tranco-TopDomains,2026-09-30
https://developer.spotify.com/press/announcements?id=108274,0,Tranco-TopDomains,2026-09-30
https://developer.stackoverflow.com/legal/privacy-policy?view=grid&filter=active,0,Tranco-TopDomains,2026-09-30
https://www.wikipedia.org/features/security-whitepaper,0,Tranco-TopDomains,2026-09-30
https://docs.bbc.co.uk/about,0,Tranco-TopDomains,2026-09-30
https://stackoverflow.com/press/announcements,0,Tranco-TopDomains,2026-09-30
https://reuters.com/legal/privacy-policy?category=engineering,0,Tranco-TopDomains,2026-09-30
https://wsj.com/press/announcements?page=2&sort=recent,0,Tranco-TopDomains,2026-09-30
http://docs.microsoft.com/projects/open-source,0,Tranco-TopDomains,2026-09-30
https://blog.nih.gov/terms-of-service?category=engineering,0,Tranco-TopDomains,2026-09-30
https://developer.adobe.com/features/security-whitepaper?view=grid&filter=active,0,Tranco-TopDomains,2026-09-30
https://docs.python.org/articles/2026/technology?lang=en,0,Tranco-TopDomains,2026-09-30
https://docs.netflix.com/,0,Tranco-TopDomains,2026-09-30
https://docker.com/articles/2026/technology?id=108274,0,Tranco-TopDomains,2026-09-30
https://bbc.co.uk/articles/2026/technology?q=machine+learning,0,Tranco-TopDomains,2026-09-30
https://app.adobe.com/search?view=grid&filter=active,0,Tranco-TopDomains,2026-09-30
https://www.bbc.co.uk/?page=2&sort=recent,0,Tranco-TopDomains,2026-09-30
https://api.mozilla.org/features/security-whitepaper?id=108274,0,Tranco-TopDomains,2026-09-30
https://docs.wsj.com/explore,0,Tranco-TopDomains,2026-09-30
https://quora.com/features/security-whitepaper?page=2&sort=recent,0,Tranco-TopDomains,2026-09-30
https://blog.wsj.com/terms-of-service?lang=en,0,Tranco-TopDomains,2026-09-30
https://app.salesforce.com/search?view=grid&filter=active,0,Tranco-TopDomains,2026-09-30
https://developer.stackoverflow.com/,0,Tranco-TopDomains,2026-09-30
https://docs.stackoverflow.com?category=engineering,0,Tranco-TopDomains,2026-09-30
https://developer.nih.gov/help/faq,0,Tranco-TopDomains,2026-09-30
https://app.mit.edu/documentation/getting-started?lang=en,0,Tranco-TopDomains,2026-09-30
https://blog.apple.com/features/security-whitepaper,0,Tranco-TopDomains,2026-09-30
https://www.slack.com/press/announcements?page=2&sort=recent,0,Tranco-TopDomains,2026-09-30
https://theguardian.com/help/faq?category=engineering,0,Tranco-TopDomains,2026-09-30
http://api.digitalocean.com/pricing?page=2&sort=recent,0,Tranco-TopDomains,2026-09-30
https://api.spotify.com/legal/privacy-policy?view=grid&filter=active,0,Tranco-TopDomains,2026-09-30
https://www.apple.com/features/security-whitepaper?category=engineering,0,Tranco-TopDomains,2026-09-30
https://salesforce.com/download/release-v2.0?category=engineering,0,Tranco-TopDomains,2026-09-30
https://apple.com/projects/open-source?lang=en,0,Tranco-TopDomains,2026-09-30
https://api.reuters.com/about?category=engineering,0,Tranco-TopDomains,2026-09-30
https://docs.stripe.com/download/release-v2.0,0,Tranco-TopDomains,2026-09-30
https://www.python.org/articles/2026/technology?category=engineering,0,Tranco-TopDomains,2026-09-30
https://quora.com/legal/privacy-policy?lang=en,0,Tranco-TopDomains,2026-09-30
https://www.docker.com,0,Tranco-TopDomains,2026-09-30
https://developer.oracle.com/explore?lang=en,0,Tranco-TopDomains,2026-09-30
https://www.quora.com,0,Tranco-TopDomains,2026-09-30
https://quora.com/help/faq?view=grid&filter=active,0,Tranco-TopDomains,2026-09-30
https://developer.medium.com/explore?page=2&sort=recent,0,Tranco-TopDomains,2026-09-30
https://docs.microsoft.com/articles/2026/technology,0,Tranco-TopDomains,2026-09-30
https://docker.com/help/faq,0,Tranco-TopDomains,2026-09-30
https://support.netflix.com/help/faq,0,Tranco-TopDomains,2026-09-30
https://reuters.com/projects/open-source,0,Tranco-TopDomains,2026-09-30
https://blog.nytimes.com/terms-of-service?page=2&sort=recent,0,Tranco-TopDomains,2026-09-30
https://docs.oracle.com/help/faq,0,Tranco-TopDomains,2026-09-30
https://spotify.com,0,Tranco-TopDomains,2026-09-30
https://developer.netflix.com/download/release-v2.0?page=2&sort=recent,0,Tranco-TopDomains,2026-09-30
https://nytimes.com/projects/open-source,0,Tranco-TopDomains,2026-09-30
https://blog.mit.edu/explore?category=engineering,0,Tranco-TopDomains,2026-09-30
https://wikipedia.org/search,0,Tranco-TopDomains,2026-09-30
https://api.oracle.com/search?view=grid&filter=active,0,Tranco-TopDomains,2026-09-30
http://api.reuters.com/articles/2026/technology?lang=en,0,Tranco-TopDomains,2026-09-30
https://www.stackoverflow.com/search,0,Tranco-TopDomains,2026-09-30
https://oracle.com/projects/open-source,0,Tranco-TopDomains,2026-09-30
https://digitalocean.com/about,0,Tranco-TopDomains,2026-09-30
http://digitalocean.com/projects/open-source,0,Tranco-TopDomains,2026-09-30
https://app.theguardian.com/?view=grid&filter=active,0,Tranco-TopDomains,2026-09-30
https://medium.com/about?lang=en,0,Tranco-TopDomains,2026-09-30
https://cloudflare.com/projects/open-source?q=machine+learning,0,Tranco-TopDomains,2026-09-30
https://spotify.com/about,0,Tranco-TopDomains,2026-09-30
https://app.linkedin.com/help/faq?page=2&sort=recent,0,Tranco-TopDomains,2026-09-30
https://app.theguardian.com/documentation/getting-started?id=108274,0,Tranco-TopDomains,2026-09-30
https://app.cloudflare.com?id=108274,0,Tranco-TopDomains,2026-09-30
http://docs.mit.edu/articles/2026/technology?id=108274,0,Tranco-TopDomains,2026-09-30
https://www.cloudflare.com/press/announcements?page=2&sort=recent,0,Tranco-TopDomains,2026-09-30
https://developer.bbc.co.uk/explore,0,Tranco-TopDomains,2026-09-30
https://support.zoom.us/projects/open-source?id=108274,0,Tranco-TopDomains,2026-09-30
https://api.stackoverflow.com/explore?view=grid&filter=active,0,Tranco-TopDomains,2026-09-30
https://developer.python.org/help/faq?lang=en,0,Tranco-TopDomains,2026-09-30
https://github.com/terms-of-service?view=grid&filter=active,0,Tranco-TopDomains,2026-09-30
https://developer.salesforce.com/legal/privacy-policy?view=grid&filter=active,0,Tranco-TopDomains,2026-09-30
https://docs.stripe.com/download/release-v2.0?q=machine+learning,0,Tranco-TopDomains,2026-09-30
https://api.reddit.com/articles/2026/technology,0,Tranco-TopDomains,2026-09-30
https://quora.com/pricing?view=grid&filter=active,0,Tranco-TopDomains,2026-09-30
https://apple.com/search?category=engineering,0,Tranco-TopDomains,2026-09-30
https://cloudflare.com/about?page=2&sort=recent,0,Tranco-TopDomains,2026-09-30
https://www.dropbox.com/pricing,0,Tranco-TopDomains,2026-09-30
https://developer.digitalocean.com/blog/post-102?lang=en,0,Tranco-TopDomains,2026-09-30
https://api.slack.com/press/announcements?category=engineering,0,Tranco-TopDomains,2026-09-30
https://docs.theguardian.com/search?view=grid&filter=active,0,Tranco-TopDomains,2026-09-30
https://developer.medium.com/press/announcements?q=machine+learning,0,Tranco-TopDomains,2026-09-30
https://python.org/explore,0,Tranco-TopDomains,2026-09-30
https://quora.com/articles/2026/technology?category=engineering,0,Tranco-TopDomains,2026-09-30
https://adobe.com/legal/privacy-policy,0,Tranco-TopDomains,2026-09-30
https://developer.reuters.com/features/security-whitepaper?q=machine+learning,0,Tranco-TopDomains,2026-09-30
https://developer.quora.com/blog/post-102?id=108274,0,Tranco-TopDomains,2026-09-30
https://blog.wsj.com,0,Tranco-TopDomains,2026-09-30
https://support.stackoverflow.com/features/security-whitepaper?page=2&sort=recent,0,Tranco-TopDomains,2026-09-30
https://developer.gitlab.com/,0,Tranco-TopDomains,2026-09-30
https://oracle.com/press/announcements?category=engineering,0,Tranco-TopDomains,2026-09-30
https://developer.zoom.us/explore?view=grid&filter=active,0,Tranco-TopDomains,2026-09-30
https://app.wsj.com/press/announcements?view=grid&filter=active,0,Tranco-TopDomains,2026-09-30
https://blog.nytimes.com/?category=engineering,0,Tranco-TopDomains,2026-09-30
https://app.zoom.us/help/faq?lang=en,0,Tranco-TopDomains,2026-09-30
https://app.microsoft.com/,0,Tranco-TopDomains,2026-09-30
https://app.spotify.com?page=2&sort=recent,0,Tranco-TopDomains,2026-09-30
https://api.digitalocean.com/help/faq?category=engineering,0,Tranco-TopDomains,2026-09-30
https://www.cnn.com/documentation/getting-started?lang=en,0,Tranco-TopDomains,2026-09-30
https://docs.wikipedia.org/explore?page=2&sort=recent,0,Tranco-TopDomains,2026-09-30
https://api.wsj.com/?view=grid&filter=active,0,Tranco-TopDomains,2026-09-30
http://app.digitalocean.com/download/release-v2.0?lang=en,0,Tranco-TopDomains,2026-09-30
https://app.reddit.com?page=2&sort=recent,0,Tranco-TopDomains,2026-09-30
https://api.zoom.us/explore?view=grid&filter=active,0,Tranco-TopDomains,2026-09-30
https://api.harvard.edu/press/announcements?id=108274,0,Tranco-TopDomains,2026-09-30
https://dropbox.com/legal/privacy-policy?page=2&sort=recent,0,Tranco-TopDomains,2026-09-30
https://developer.mit.edu/about?id=108274,0,Tranco-TopDomains,2026-09-30
https://medium.com/legal/privacy-policy?category=engineering,0,Tranco-TopDomains,2026-09-30
https://app.apple.com/explore?page=2&sort=recent,0,Tranco-TopDomains,2026-09-30
https://developer.reuters.com/download/release-v2.0?q=machine+learning,0,Tranco-TopDomains,2026-09-30
https://docs.wikipedia.org/legal/privacy-policy?category=engineering,0,Tranco-TopDomains,2026-09-30
https://www.adobe.com/download/release-v2.0?category=engineering,0,Tranco-TopDomains,2026-09-30
https://developer.theguardian.com/articles/2026/technology,0,Tranco-TopDomains,2026-09-30
https://reuters.com/press/announcements?q=machine+learning,0,Tranco-TopDomains,2026-09-30
https://docs.docker.com/download/release-v2.0,0,Tranco-TopDomains,2026-09-30
https://developer.netflix.com/search?q=machine+learning,0,Tranco-TopDomains,2026-09-30
https://support.oracle.com/download/release-v2.0?page=2&sort=recent,0,Tranco-TopDomains,2026-09-30
https://www.wikipedia.org/download/release-v2.0?lang=en,0,Tranco-TopDomains,2026-09-30
https://docs.nytimes.com/documentation/getting-started?category=engineering,0,Tranco-TopDomains,2026-09-30
https://www.mozilla.org?q=machine+learning,0,Tranco-TopDomains,2026-09-30
https://developer.oracle.com/press/announcements?id=108274,0,Tranco-TopDomains,2026-09-30
https://digitalocean.com/projects/open-source,0,Tranco-TopDomains,2026-09-30
https://docs.microsoft.com/blog/post-102?id=108274,0,Tranco-TopDomains,2026-09-30
https://developer.github.com,0,Tranco-TopDomains,2026-09-30
https://api.apple.com/legal/privacy-policy,0,Tranco-TopDomains,2026-09-30
https://api.stripe.com/about?category=engineering,0,Tranco-TopDomains,2026-09-30
https://www.python.org/explore?id=108274,0,Tranco-TopDomains,2026-09-30
https://app.reuters.com/blog/post-102?view=grid&filter=active,0,Tranco-TopDomains,2026-09-30
https://app.cnn.com/explore?page=2&sort=recent,0,Tranco-TopDomains,2026-09-30
https://www.zoom.us/download/release-v2.0?q=machine+learning,0,Tranco-TopDomains,2026-09-30
https://www.bbc.co.uk/blog/post-102?view=grid&filter=active,0,Tranco-TopDomains,2026-09-30
https://developer.amazon.com/help/faq,0,Tranco-TopDomains,2026-09-30
https://developer.digitalocean.com/documentation/getting-started?lang=en,0,Tranco-TopDomains,2026-09-30
https://api.mozilla.org/press/announcements?page=2&sort=recent,0,Tranco-TopDomains,2026-09-30
https://app.microsoft.com/,0,Tranco-TopDomains,2026-09-30
https://docs.cnn.com/pricing?lang=en,0,Tranco-TopDomains,2026-09-30
https://netflix.com/documentation/getting-started?view=grid&filter=active,0,Tranco-TopDomains,2026-09-30
https://docs.slack.com/legal/privacy-policy,0,Tranco-TopDomains,2026-09-30
https://docs.cnn.com/projects/open-source,0,Tranco-TopDomains,2026-09-30
https://support.adobe.com/?lang=en,0,Tranco-TopDomains,2026-09-30
https://developer.quora.com/download/release-v2.0?page=2&sort=recent,0,Tranco-TopDomains,2026-09-30
https://cloudflare.com/blog/post-102?id=108274,0,Tranco-TopDomains,2026-09-30
https://app.stripe.com/terms-of-service?view=grid&filter=active,0,Tranco-TopDomains,2026-09-30
http://amazon.com/features/security-whitepaper,0,Tranco-TopDomains,2026-09-30
https://docs.mit.edu/terms-of-service,0,Tranco-TopDomains,2026-09-30
https://blog.cnn.com/search?category=engineering,0,Tranco-TopDomains,2026-09-30
https://developer.adobe.com/press/announcements,0,Tranco-TopDomains,2026-09-30
https://docs.adobe.com/projects/open-source,0,Tranco-TopDomains,2026-09-30
http://support.bbc.co.uk/pricing?q=machine+learning,0,Tranco-TopDomains,2026-09-30
https://blog.microsoft.com/documentation/getting-started,0,Tranco-TopDomains,2026-09-30
https://docs.mit.edu/articles/2026/technology,0,Tranco-TopDomains,2026-09-30
https://app.digitalocean.com/blog/post-102,0,Tranco-TopDomains,2026-09-30
https://netflix.com/explore,0,Tranco-TopDomains,2026-09-30
https://developer.digitalocean.com/press/announcements,0,Tranco-TopDomains,2026-09-30
https://www.harvard.edu/blog/post-102?lang=en,0,Tranco-TopDomains,2026-09-30
https://zoom.us/download/release-v2.0?q=machine+learning,0,Tranco-TopDomains,2026-09-30
https://www.salesforce.com/download/release-v2.0,0,Tranco-TopDomains,2026-09-30
https://mozilla.org/legal/privacy-policy?lang=en,0,Tranco-TopDomains,2026-09-30
https://www.gitlab.com/help/faq?view=grid&filter=active,0,Tranco-TopDomains,2026-09-30
https://reddit.com/terms-of-service?category=engineering,0,Tranco-TopDomains,2026-09-30
https://support.zoom.us/blog/post-102,0,Tranco-TopDomains,2026-09-30
https://amazon.com/terms-of-service?q=machine+learning,0,Tranco-TopDomains,2026-09-30
https://app.spotify.com/,0,Tranco-TopDomains,2026-09-30
https://docs.zoom.us/pricing?page=2&sort=recent,0,Tranco-TopDomains,2026-09-30
https://nature.com/articles/2026/technology?lang=en,0,Tranco-TopDomains,2026-09-30
https://api.quora.com/features/security-whitepaper,0,Tranco-TopDomains,2026-09-30
https://support.reuters.com/search?lang=en,0,Tranco-TopDomains,2026-09-30
https://github.com/press/announcements?lang=en,0,Tranco-TopDomains,2026-09-30
https://docs.digitalocean.com/blog/post-102?lang=en,0,Tranco-TopDomains,2026-09-30
https://digitalocean.com/terms-of-service?view=grid&filter=active,0,Tranco-TopDomains,2026-09-30
https://blog.mozilla.org/features/security-whitepaper,0,Tranco-TopDomains,2026-09-30
https://www.amazon.com/articles/2026/technology,0,Tranco-TopDomains,2026-09-30
https://developer.nytimes.com/download/release-v2.0,0,Tranco-TopDomains,2026-09-30
https://quora.com/features/security-whitepaper?page=2&sort=recent,0,Tranco-TopDomains,2026-09-30
https://developer.nature.com/features/security-whitepaper?view=grid&filter=active,0,Tranco-TopDomains,2026-09-30
https://mozilla.org/help/faq,0,Tranco-TopDomains,2026-09-30
https://salesforce.com/articles/2026/technology?id=108274,0,Tranco-TopDomains,2026-09-30
https://app.harvard.edu?id=108274,0,Tranco-TopDomains,2026-09-30
https://support.bbc.co.uk/about?q=machine+learning,0,Tranco-TopDomains,2026-09-30
https://api.cloudflare.com?lang=en,0,Tranco-TopDomains,2026-09-30
https://support.stackoverflow.com/help/faq,0,Tranco-TopDomains,2026-09-30
https://mozilla.org/about?view=grid&filter=active,0,Tranco-TopDomains,2026-09-30
https://developer.reddit.com/blog/post-102,0,Tranco-TopDomains,2026-09-30
https://app.github.com/features/security-whitepaper?page=2&sort=recent,0,Tranco-TopDomains,2026-09-30
https://www.python.org/?lang=en,0,Tranco-TopDomains,2026-09-30
https://amazon.com/pricing,0,Tranco-TopDomains,2026-09-30
http://www.bbc.co.uk/pricing,0,Tranco-TopDomains,2026-09-30
https://harvard.edu/pricing?category=engineering,0,Tranco-TopDomains,2026-09-30
https://mozilla.org/legal/privacy-policy?view=grid&filter=active,0,Tranco-TopDomains,2026-09-30
https://app.oracle.com/search?page=2&sort=recent,0,Tranco-TopDomains,2026-09-30
https://blog.netflix.com/projects/open-source?view=grid&filter=active,0,Tranco-TopDomains,2026-09-30
https://developer.zoom.us/blog/post-102?category=engineering,0,Tranco-TopDomains,2026-09-30
https://api.digitalocean.com/articles/2026/technology?category=engineering,0,Tranco-TopDomains,2026-09-30
https://apple.com/terms-of-service?view=grid&filter=active,0,Tranco-TopDomains,2026-09-30
https://developer.mozilla.org/about?lang=en,0,Tranco-TopDomains,2026-09-30
https://developer.apple.com/legal/privacy-policy,0,Tranco-TopDomains,2026-09-30
https://www.oracle.com/download/release-v2.0?lang=en,0,Tranco-TopDomains,2026-09-30
https://nature.com/?id=108274,0,Tranco-TopDomains,2026-09-30
https://support.digitalocean.com/explore?view=grid&filter=active,0,Tranco-TopDomains,2026-09-30
https://api.medium.com/blog/post-102,0,Tranco-TopDomains,2026-09-30
https://microsoft.com/features/security-whitepaper,0,Tranco-TopDomains,2026-09-30
https://slack.com/about?category=engineering,0,Tranco-TopDomains,2026-09-30
https://api.oracle.com/features/security-whitepaper?view=grid&filter=active,0,Tranco-TopDomains,2026-09-30
https://api.medium.com/articles/2026/technology?q=machine+learning,0,Tranco-TopDomains,2026-09-30
http://medium.com/download/release-v2.0?id=108274,0,Tranco-TopDomains,2026-09-30
https://slack.com,0,Tranco-TopDomains,2026-09-30
https://support.docker.com/press/announcements?lang=en,0,Tranco-TopDomains,2026-09-30
https://support.netflix.com/legal/privacy-policy,0,Tranco-TopDomains,2026-09-30
https://www.google.com/explore,0,Tranco-TopDomains,2026-09-30
https://mit.edu/projects/open-source?view=grid&filter=active,0,Tranco-TopDomains,2026-09-30
https://support.cnn.com/projects/open-source,0,Tranco-TopDomains,2026-09-30
http://docker.com/press/announcements?category=engineering,0,Tranco-TopDomains,2026-09-30
https://nytimes.com/features/security-whitepaper?view=grid&filter=active,0,Tranco-TopDomains,2026-09-30
https://app.gitlab.com/documentation/getting-started?q=machine+learning,0,Tranco-TopDomains,2026-09-30
https://slack.com/terms-of-service,0,Tranco-TopDomains,2026-09-30
https://support.digitalocean.com/press/announcements?id=108274,0,Tranco-TopDomains,2026-09-30
https://developer.github.com/pricing?view=grid&filter=active,0,Tranco-TopDomains,2026-09-30
http://www.quora.com/?id=108274,0,Tranco-TopDomains,2026-09-30
https://blog.adobe.com/about?lang=en,0,Tranco-TopDomains,2026-09-30
https://developer.stripe.com/explore?view=grid&filter=active,0,Tranco-TopDomains,2026-09-30
https://developer.spotify.com/download/release-v2.0,0,Tranco-TopDomains,2026-09-30
https://developer.mit.edu/help/faq?view=grid&filter=active,0,Tranco-TopDomains,2026-09-30
https://app.nih.gov/terms-of-service?view=grid&filter=active,0,Tranco-TopDomains,2026-09-30
https://support.salesforce.com/download/release-v2.0?page=2&sort=recent,0,Tranco-TopDomains,2026-09-30
https://app.nytimes.com/projects/open-source?lang=en,0,Tranco-TopDomains,2026-09-30
https://developer.apple.com/search,0,Tranco-TopDomains,2026-09-30
https://quora.com/download/release-v2.0?view=grid&filter=active,0,Tranco-TopDomains,2026-09-30
https://blog.harvard.edu/,0,Tranco-TopDomains,2026-09-30
https://api.medium.com/articles/2026/technology,0,Tranco-TopDomains,2026-09-30
https://theguardian.com/about?page=2&sort=recent,0,Tranco-TopDomains,2026-09-30
https://nih.gov/documentation/getting-started?view=grid&filter=active,0,Tranco-TopDomains,2026-09-30
https://api.dropbox.com/?id=108274,0,Tranco-TopDomains,2026-09-30
https://blog.mozilla.org/explore,0,Tranco-TopDomains,2026-09-30
https://developer.gitlab.com/explore,0,Tranco-TopDomains,2026-09-30
https://blog.cloudflare.com/?id=108274,0,Tranco-TopDomains,2026-09-30
https://www.stackoverflow.com/help/faq,0,Tranco-TopDomains,2026-09-30
https://blog.gitlab.com/press/announcements,0,Tranco-TopDomains,2026-09-30
https://api.netflix.com/search,0,Tranco-TopDomains,2026-09-30
https://support.gitlab.com?q=machine+learning,0,Tranco-TopDomains,2026-09-30
https://api.reddit.com/legal/privacy-policy?id=108274,0,Tranco-TopDomains,2026-09-30
https://api.linkedin.com/download/release-v2.0?page=2&sort=recent,0,Tranco-TopDomains,2026-09-30
https://cnn.com/download/release-v2.0?q=machine+learning,0,Tranco-TopDomains,2026-09-30
https://support.digitalocean.com/download/release-v2.0?view=grid&filter=active,0,Tranco-TopDomains,2026-09-30
https://api.reuters.com?view=grid&filter=active,0,Tranco-TopDomains,2026-09-30
https://blog.google.com/about,0,Tranco-TopDomains,2026-09-30
https://slack.com/download/release-v2.0,0,Tranco-TopDomains,2026-09-30
https://github.com/?id=108274,0,Tranco-TopDomains,2026-09-30
https://support.stripe.com/legal/privacy-policy?page=2&sort=recent,0,Tranco-TopDomains,2026-09-30
https://docs.google.com/search?category=engineering,0,Tranco-TopDomains,2026-09-30
https://blog.harvard.edu/features/security-whitepaper?page=2&sort=recent,0,Tranco-TopDomains,2026-09-30
http://www.slack.com/legal/privacy-policy,0,Tranco-TopDomains,2026-09-30
https://support.dropbox.com/search?id=108274,0,Tranco-TopDomains,2026-09-30
https://www.salesforce.com/about?id=108274,0,Tranco-TopDomains,2026-09-30
http://api.reuters.com/articles/2026/technology,0,Tranco-TopDomains,2026-09-30
https://app.wsj.com/blog/post-102?q=machine+learning,0,Tranco-TopDomains,2026-09-30
https://support.oracle.com/explore,0,Tranco-TopDomains,2026-09-30
http://blog.medium.com/help/faq,0,Tranco-TopDomains,2026-09-30
https://developer.stackoverflow.com/legal/privacy-policy,0,Tranco-TopDomains,2026-09-30
https://app.cnn.com/documentation/getting-started?page=2&sort=recent,0,Tranco-TopDomains,2026-09-30
https://support.python.org/documentation/getting-started,0,Tranco-TopDomains,2026-09-30
https://api.mit.edu/features/security-whitepaper,0,Tranco-TopDomains,2026-09-30
https://support.digitalocean.com/about,0,Tranco-TopDomains,2026-09-30
https://developer.python.org/projects/open-source?view=grid&filter=active,0,Tranco-TopDomains,2026-09-30
https://support.reuters.com/pricing?lang=en,0,Tranco-TopDomains,2026-09-30
https://developer.digitalocean.com/press/announcements?category=engineering,0,Tranco-TopDomains,2026-09-30
https://blog.mozilla.org/search?view=grid&filter=active,0,Tranco-TopDomains,2026-09-30
https://blog.python.org/explore?q=machine+learning,0,Tranco-TopDomains,2026-09-30
https://github.com/help/faq,0,Tranco-TopDomains,2026-09-30
https://stripe.com/explore?page=2&sort=recent,0,Tranco-TopDomains,2026-09-30
https://blog.github.com/search,0,Tranco-TopDomains,2026-09-30
http://docs.netflix.com/legal/privacy-policy?view=grid&filter=active,0,Tranco-TopDomains,2026-09-30
https://mozilla.org/download/release-v2.0,0,Tranco-TopDomains,2026-09-30
https://docs.oracle.com/projects/open-source,0,Tranco-TopDomains,2026-09-30
https://quora.com/explore?id=108274,0,Tranco-TopDomains,2026-09-30
https://support.github.com/press/announcements?lang=en,0,Tranco-TopDomains,2026-09-30
https://support.dropbox.com/press/announcements,0,Tranco-TopDomains,2026-09-30
https://developer.theguardian.com/features/security-whitepaper?view=grid&filter=active,0,Tranco-TopDomains,2026-09-30
https://adobe.com/download/release-v2.0?category=engineering,0,Tranco-TopDomains,2026-09-30
https://api.slack.com/?view=grid&filter=active,0,Tranco-TopDomains,2026-09-30
https://apple.com?lang=en,0,Tranco-TopDomains,2026-09-30
https://blog.stackoverflow.com/about?q=machine+learning,0,Tranco-TopDomains,2026-09-30
https://app.wsj.com/?id=108274,0,Tranco-TopDomains,2026-09-30
https://blog.reddit.com,0,Tranco-TopDomains,2026-09-30
https://wsj.com?lang=en,0,Tranco-TopDomains,2026-09-30
https://app.cnn.com/features/security-whitepaper,0,Tranco-TopDomains,2026-09-30
https://support.adobe.com/?view=grid&filter=active,0,Tranco-TopDomains,2026-09-30
https://api.microsoft.com/download/release-v2.0,0,Tranco-TopDomains,2026-09-30
https://api.reuters.com/pricing?lang=en,0,Tranco-TopDomains,2026-09-30
https://blog.cloudflare.com/articles/2026/technology?lang=en,0,Tranco-TopDomains,2026-09-30
https://medium.com/search?lang=en,0,Tranco-TopDomains,2026-09-30
http://nytimes.com/terms-of-service,0,Tranco-TopDomains,2026-09-30
https://docs.amazon.com/pricing,0,Tranco-TopDomains,2026-09-30
https://api.stripe.com/blog/post-102?category=engineering,0,Tranco-TopDomains,2026-09-30
https://stackoverflow.com/projects/open-source?q=machine+learning,0,Tranco-TopDomains,2026-09-30
https://developer.cnn.com/pricing,0,Tranco-TopDomains,2026-09-30
https://developer.adobe.com/download/release-v2.0,0,Tranco-TopDomains,2026-09-30
https://www.stripe.com?lang=en,0,Tranco-TopDomains,2026-09-30
https://www.cloudflare.com/search?lang=en,0,Tranco-TopDomains,2026-09-30
https://gitlab.com/projects/open-source,0,Tranco-TopDomains,2026-09-30
https://www.nytimes.com/download/release-v2.0?id=108274,0,Tranco-TopDomains,2026-09-30
http://developer.google.com/legal/privacy-policy,0,Tranco-TopDomains,2026-09-30
https://docs.reddit.com/blog/post-102?category=engineering,0,Tranco-TopDomains,2026-09-30
https://app.harvard.edu/legal/privacy-policy,0,Tranco-TopDomains,2026-09-30
https://app.wsj.com/about?lang=en,0,Tranco-TopDomains,2026-09-30
https://stackoverflow.com/blog/post-102?category=engineering,0,Tranco-TopDomains,2026-09-30
https://api.theguardian.com/terms-of-service?lang=en,0,Tranco-TopDomains,2026-09-30
https://docs.gitlab.com/documentation/getting-started?page=2&sort=recent,0,Tranco-TopDomains,2026-09-30
https://app.docker.com/terms-of-service,0,Tranco-TopDomains,2026-09-30
https://python.org/press/announcements,0,Tranco-TopDomains,2026-09-30
https://support.bbc.co.uk/press/announcements?category=engineering,0,Tranco-TopDomains,2026-09-30
https://blog.wikipedia.org?view=grid&filter=active,0,Tranco-TopDomains,2026-09-30
https://support.spotify.com/help/faq?category=engineering,0,Tranco-TopDomains,2026-09-30
https://google.com/features/security-whitepaper?page=2&sort=recent,0,Tranco-TopDomains,2026-09-30
https://gitlab.com/documentation/getting-started,0,Tranco-TopDomains,2026-09-30
https://www.spotify.com/about?lang=en,0,Tranco-TopDomains,2026-09-30
http://www.nih.gov/press/announcements?page=2&sort=recent,0,Tranco-TopDomains,2026-09-30
https://app.quora.com/projects/open-source,0,Tranco-TopDomains,2026-09-30
https://slack.com/blog/post-102?id=108274,0,Tranco-TopDomains,2026-09-30
https://www.nature.com/articles/2026/technology,0,Tranco-TopDomains,2026-09-30
https://wikipedia.org/blog/post-102?q=machine+learning,0,Tranco-TopDomains,2026-09-30
https://www.linkedin.com?id=108274,0,Tranco-TopDomains,2026-09-30
https://developer.nature.com?category=engineering,0,Tranco-TopDomains,2026-09-30
https://api.amazon.com/download/release-v2.0?category=engineering,0,Tranco-TopDomains,2026-09-30
https://developer.reuters.com/press/announcements?page=2&sort=recent,0,Tranco-TopDomains,2026-09-30
https://www.github.com/?lang=en,0,Tranco-TopDomains,2026-09-30
https://developer.wsj.com/terms-of-service,0,Tranco-TopDomains,2026-09-30
https://dropbox.com?q=machine+learning,0,Tranco-TopDomains,2026-09-30
https://digitalocean.com/documentation/getting-started?q=machine+learning,0,Tranco-TopDomains,2026-09-30
https://oracle.com/explore,0,Tranco-TopDomains,2026-09-30
https://app.microsoft.com/terms-of-service?lang=en,0,Tranco-TopDomains,2026-09-30
https://www.reddit.com/terms-of-service,0,Tranco-TopDomains,2026-09-30
https://www.reuters.com/about?view=grid&filter=active,0,Tranco-TopDomains,2026-09-30
https://app.gitlab.com/explore,0,Tranco-TopDomains,2026-09-30
https://support.github.com/terms-of-service,0,Tranco-TopDomains,2026-09-30
https://developer.amazon.com/?lang=en,0,Tranco-TopDomains,2026-09-30
https://digitalocean.com/explore,0,Tranco-TopDomains,2026-09-30
https://support.salesforce.com/pricing,0,Tranco-TopDomains,2026-09-30
https://www.stripe.com?view=grid&filter=active,0,Tranco-TopDomains,2026-09-30
https://app.digitalocean.com/explore?page=2&sort=recent,0,Tranco-TopDomains,2026-09-30
https://developer.microsoft.com/terms-of-service?q=machine+learning,0,Tranco-TopDomains,2026-09-30
https://app.google.com/about?q=machine+learning,0,Tranco-TopDomains,2026-09-30
https://blog.python.org/blog/post-102?page=2&sort=recent,0,Tranco-TopDomains,2026-09-30
https://gitlab.com/documentation/getting-started,0,Tranco-TopDomains,2026-09-30
https://amazon.com/legal/privacy-policy?category=engineering,0,Tranco-TopDomains,2026-09-30
https://docs.spotify.com/search,0,Tranco-TopDomains,2026-09-30
https://docs.dropbox.com/help/faq,0,Tranco-TopDomains,2026-09-30
https://mozilla.org/documentation/getting-started?id=108274,0,Tranco-TopDomains,2026-09-30
https://nature.com/download/release-v2.0?page=2&sort=recent,0,Tranco-TopDomains,2026-09-30
https://www.mit.edu/about?page=2&sort=recent,0,Tranco-TopDomains,2026-09-30
https://developer.reddit.com/terms-of-service?page=2&sort=recent,0,Tranco-TopDomains,2026-09-30
https://api.stripe.com/articles/2026/technology,0,Tranco-TopDomains,2026-09-30
https://developer.github.com/documentation/getting-started,0,Tranco-TopDomains,2026-09-30
https://developer.nih.gov/projects/open-source?q=machine+learning,0,Tranco-TopDomains,2026-09-30
https://support.dropbox.com/projects/open-source?category=engineering,0,Tranco-TopDomains,2026-09-30
https://api.google.com,0,Tranco-TopDomains,2026-09-30
https://nature.com/search?lang=en,0,Tranco-TopDomains,2026-09-30
https://netflix.com?q=machine+learning,0,Tranco-TopDomains,2026-09-30
https://www.bbc.co.uk/blog/post-102,0,Tranco-TopDomains,2026-09-30
http://www.nature.com/articles/2026/technology?q=machine+learning,0,Tranco-TopDomains,2026-09-30
https://medium.com,0,Tranco-TopDomains,2026-09-30
https://api.stackoverflow.com/projects/open-source?lang=en,0,Tranco-TopDomains,2026-09-30
https://api.netflix.com/articles/2026/technology?id=108274,0,Tranco-TopDomains,2026-09-30
https://digitalocean.com/explore,0,Tranco-TopDomains,2026-09-30
https://www.python.org/projects/open-source?id=108274,0,Tranco-TopDomains,2026-09-30
https://api.netflix.com/download/release-v2.0?q=machine+learning,0,Tranco-TopDomains,2026-09-30
https://blog.mit.edu/legal/privacy-policy,0,Tranco-TopDomains,2026-09-30
https://docs.amazon.com/search?id=108274,0,Tranco-TopDomains,2026-09-30
https://www.quora.com/about?view=grid&filter=active,0,Tranco-TopDomains,2026-09-30
https://wikipedia.org/pricing?id=108274,0,Tranco-TopDomains,2026-09-30
https://developer.reuters.com/articles/2026/technology?page=2&sort=recent,0,Tranco-TopDomains,2026-09-30
https://developer.reuters.com/press/announcements?view=grid&filter=active,0,Tranco-TopDomains,2026-09-30
https://app.slack.com/?q=machine+learning,0,Tranco-TopDomains,2026-09-30
https://developer.mit.edu/documentation/getting-started?category=engineering,0,Tranco-TopDomains,2026-09-30
https://support.digitalocean.com/articles/2026/technology?page=2&sort=recent,0,Tranco-TopDomains,2026-09-30
https://apple.com/about?lang=en,0,Tranco-TopDomains,2026-09-30
https://www.spotify.com/?view=grid&filter=active,0,Tranco-TopDomains,2026-09-30
https://support.dropbox.com/features/security-whitepaper?view=grid&filter=active,0,Tranco-TopDomains,2026-09-30
https://developer.netflix.com/terms-of-service?lang=en,0,Tranco-TopDomains,2026-09-30
https://developer.bbc.co.uk/documentation/getting-started?lang=en,0,Tranco-TopDomains,2026-09-30
https://spotify.com/legal/privacy-policy?id=108274,0,Tranco-TopDomains,2026-09-30
https://docs.apple.com/documentation/getting-started,0,Tranco-TopDomains,2026-09-30
https://netflix.com/projects/open-source?page=2&sort=recent,0,Tranco-TopDomains,2026-09-30
https://docs.dropbox.com/legal/privacy-policy?lang=en,0,Tranco-TopDomains,2026-09-30
https://blog.python.org/blog/post-102,0,Tranco-TopDomains,2026-09-30
https://api.salesforce.com/pricing?category=engineering,0,Tranco-TopDomains,2026-09-30
https://developer.google.com/search?category=engineering,0,Tranco-TopDomains,2026-09-30
https://developer.harvard.edu/documentation/getting-started?id=108274,0,Tranco-TopDomains,2026-09-30
https://developer.nature.com/features/security-whitepaper?page=2&sort=recent,0,Tranco-TopDomains,2026-09-30
https://www.adobe.com/download/release-v2.0?category=engineering,0,Tranco-TopDomains,2026-09-30
https://blog.gitlab.com?page=2&sort=recent,0,Tranco-TopDomains,2026-09-30
https://docs.python.org?view=grid&filter=active,0,Tranco-TopDomains,2026-09-30
https://api.spotify.com/documentation/getting-started?category=engineering,0,Tranco-TopDomains,2026-09-30
https://blog.slack.com/legal/privacy-policy?page=2&sort=recent,0,Tranco-TopDomains,2026-09-30
https://github.com/search?page=2&sort=recent,0,Tranco-TopDomains,2026-09-30
https://support.slack.com/projects/open-source?category=engineering,0,Tranco-TopDomains,2026-09-30
https://www.zoom.us/press/announcements,0,Tranco-TopDomains,2026-09-30
https://docs.gitlab.com/about,0,Tranco-TopDomains,2026-09-30
http://nature.com/?view=grid&filter=active,0,Tranco-TopDomains,2026-09-30
https://mit.edu/pricing?lang=en,0,Tranco-TopDomains,2026-09-30
https://blog.salesforce.com/about?view=grid&filter=active,0,Tranco-TopDomains,2026-09-30
https://reuters.com/articles/2026/technology?page=2&sort=recent,0,Tranco-TopDomains,2026-09-30
https://support.stripe.com/articles/2026/technology,0,Tranco-TopDomains,2026-09-30
https://developer.stripe.com/about?category=engineering,0,Tranco-TopDomains,2026-09-30
https://harvard.edu/projects/open-source?lang=en,0,Tranco-TopDomains,2026-09-30
https://reddit.com/legal/privacy-policy?q=machine+learning,0,Tranco-TopDomains,2026-09-30
https://docs.docker.com/projects/open-source,0,Tranco-TopDomains,2026-09-30
https://gitlab.com/pricing?q=machine+learning,0,Tranco-TopDomains,2026-09-30
https://developer.quora.com/features/security-whitepaper,0,Tranco-TopDomains,2026-09-30
https://developer.salesforce.com/help/faq?lang=en,0,Tranco-TopDomains,2026-09-30
https://support.bbc.co.uk/documentation/getting-started,0,Tranco-TopDomains,2026-09-30
https://developer.digitalocean.com/pricing,0,Tranco-TopDomains,2026-09-30
https://support.cloudflare.com/?q=machine+learning,0,Tranco-TopDomains,2026-09-30
https://docs.nytimes.com/legal/privacy-policy,0,Tranco-TopDomains,2026-09-30
https://developer.harvard.edu/download/release-v2.0?id=108274,0,Tranco-TopDomains,2026-09-30
https://netflix.com/explore?id=108274,0,Tranco-TopDomains,2026-09-30
https://support.adobe.com/features/security-whitepaper,0,Tranco-TopDomains,2026-09-30
https://theguardian.com/features/security-whitepaper,0,Tranco-TopDomains,2026-09-30
https://support.docker.com/terms-of-service?category=engineering,0,Tranco-TopDomains,2026-09-30
https://slack.com?lang=en,0,Tranco-TopDomains,2026-09-30
https://api.python.org/features/security-whitepaper?view=grid&filter=active,0,Tranco-TopDomains,2026-09-30
https://blog.apple.com/documentation/getting-started?view=grid&filter=active,0,Tranco-TopDomains,2026-09-30
https://linkedin.com/articles/2026/technology,0,Tranco-TopDomains,2026-09-30
https://docs.bbc.co.uk/explore?id=108274,0,Tranco-TopDomains,2026-09-30
https://nytimes.com?lang=en,0,Tranco-TopDomains,2026-09-30
https://spotify.com/projects/open-source,0,Tranco-TopDomains,2026-09-30
https://www.wsj.com/features/security-whitepaper,0,Tranco-TopDomains,2026-09-30
https://reuters.com/pricing?lang=en,0,Tranco-TopDomains,2026-09-30
https://google.com/pricing?q=machine+learning,0,Tranco-TopDomains,2026-09-30
http://www.netflix.com/projects/open-source,0,Tranco-TopDomains,2026-09-30
https://microsoft.com/terms-of-service?q=machine+learning,0,Tranco-TopDomains,2026-09-30
https://www.wikipedia.org/explore,0,Tranco-TopDomains,2026-09-30
https://support.github.com/explore?page=2&sort=recent,0,Tranco-TopDomains,2026-09-30
https://app.mit.edu/projects/open-source?id=108274,0,Tranco-TopDomains,2026-09-30
https://digitalocean.com/documentation/getting-started?q=machine+learning,0,Tranco-TopDomains,2026-09-30
https://adobe.com?category=engineering,0,Tranco-TopDomains,2026-09-30
https://support.google.com/projects/open-source?view=grid&filter=active,0,Tranco-TopDomains,2026-09-30
https://app.linkedin.com/help/faq,0,Tranco-TopDomains,2026-09-30
https://support.harvard.edu/legal/privacy-policy?view=grid&filter=active,0,Tranco-TopDomains,2026-09-30
https://blog.cloudflare.com/articles/2026/technology?lang=en,0,Tranco-TopDomains,2026-09-30
https://support.adobe.com/search?page=2&sort=recent,0,Tranco-TopDomains,2026-09-30
http://developer.adobe.com/about?page=2&sort=recent,0,Tranco-TopDomains,2026-09-30
https://support.gitlab.com/documentation/getting-started?id=108274,0,Tranco-TopDomains,2026-09-30
https://www.google.com,0,Tranco-TopDomains,2026-09-30
https://www.digitalocean.com/about,0,Tranco-TopDomains,2026-09-30
https://docs.quora.com/projects/open-source,0,Tranco-TopDomains,2026-09-30
https://www.github.com/features/security-whitepaper?page=2&sort=recent,0,Tranco-TopDomains,2026-09-30
https://adobe.com/download/release-v2.0?lang=en,0,Tranco-TopDomains,2026-09-30
https://api.nih.gov/terms-of-service?q=machine+learning,0,Tranco-TopDomains,2026-09-30
https://www.amazon.com/documentation/getting-started?category=engineering,0,Tranco-TopDomains,2026-09-30
https://developer.bbc.co.uk,0,Tranco-TopDomains,2026-09-30
https://www.wikipedia.org/,0,Tranco-TopDomains,2026-09-30
https://python.org/articles/2026/technology?id=108274,0,Tranco-TopDomains,2026-09-30
https://www.harvard.edu/about?category=engineering,0,Tranco-TopDomains,2026-09-30
https://oracle.com/projects/open-source?q=machine+learning,0,Tranco-TopDomains,2026-09-30
https://docs.cnn.com/legal/privacy-policy?view=grid&filter=active,0,Tranco-TopDomains,2026-09-30
https://docs.mit.edu/press/announcements,0,Tranco-TopDomains,2026-09-30
https://support.netflix.com/pricing,0,Tranco-TopDomains,2026-09-30
https://blog.digitalocean.com/download/release-v2.0,0,Tranco-TopDomains,2026-09-30
https://reddit.com/pricing?category=engineering,0,Tranco-TopDomains,2026-09-30
https://app.oracle.com/search?id=108274,0,Tranco-TopDomains,2026-09-30
https://support.medium.com/features/security-whitepaper?lang=en,0,Tranco-TopDomains,2026-09-30
https://blog.zoom.us/press/announcements,0,Tranco-TopDomains,2026-09-30
http://www.reddit.com/search?q=machine+learning,0,Tranco-TopDomains,2026-09-30
https://api.theguardian.com/press/announcements?category=engineering,0,Tranco-TopDomains,2026-09-30
https://api.slack.com/pricing?view=grid&filter=active,0,Tranco-TopDomains,2026-09-30
https://support.wikipedia.org/,0,Tranco-TopDomains,2026-09-30
https://www.nytimes.com/download/release-v2.0?lang=en,0,Tranco-TopDomains,2026-09-30
https://blog.spotify.com/press/announcements?page=2&sort=recent,0,Tranco-TopDomains,2026-09-30
https://support.zoom.us/documentation/getting-started?q=machine+learning,0,Tranco-TopDomains,2026-09-30
https://netflix.com/search?lang=en,0,Tranco-TopDomains,2026-09-30
http://docs.mozilla.org/documentation/getting-started,0,Tranco-TopDomains,2026-09-30
https://support.apple.com/pricing,0,Tranco-TopDomains,2026-09-30
https://support.mit.edu/articles/2026/technology?category=engineering,0,Tranco-TopDomains,2026-09-30
https://blog.oracle.com/pricing?lang=en,0,Tranco-TopDomains,2026-09-30
https://apple.com/help/faq,0,Tranco-TopDomains,2026-09-30
https://support.harvard.edu/legal/privacy-policy,0,Tranco-TopDomains,2026-09-30
https://quora.com/explore,0,Tranco-TopDomains,2026-09-30
https://blog.stripe.com/download/release-v2.0?lang=en,0,Tranco-TopDomains,2026-09-30
https://nytimes.com/help/faq,0,Tranco-TopDomains,2026-09-30
https://developer.mit.edu/articles/2026/technology?id=108274,0,Tranco-TopDomains,2026-09-30
https://app.gitlab.com/projects/open-source,0,Tranco-TopDomains,2026-09-30
https://www.bbc.co.uk/blog/post-102?category=engineering,0,Tranco-TopDomains,2026-09-30
https://cloudflare.com/about?lang=en,0,Tranco-TopDomains,2026-09-30
http://docs.stackoverflow.com/about?page=2&sort=recent,0,Tranco-TopDomains,2026-09-30
http://developer.cnn.com/press/announcements,0,Tranco-TopDomains,2026-09-30
https://linkedin.com/,0,Tranco-TopDomains,2026-09-30
https://support.google.com/blog/post-102?view=grid&filter=active,0,Tranco-TopDomains,2026-09-30
https://app.dropbox.com/download/release-v2.0?page=2&sort=recent,0,Tranco-TopDomains,2026-09-30
https://api.dropbox.com/documentation/getting-started?page=2&sort=recent,0,Tranco-TopDomains,2026-09-30
https://app.zoom.us/?page=2&sort=recent,0,Tranco-TopDomains,2026-09-30
https://cloudflare.com/features/security-whitepaper?category=engineering,0,Tranco-TopDomains,2026-09-30
https://python.org/explore?id=108274,0,Tranco-TopDomains,2026-09-30
https://api.cnn.com/features/security-whitepaper?view=grid&filter=active,0,Tranco-TopDomains,2026-09-30
https://mit.edu/terms-of-service,0,Tranco-TopDomains,2026-09-30
https://api.github.com/features/security-whitepaper?q=machine+learning,0,Tranco-TopDomains,2026-09-30
https://app.slack.com/about?page=2&sort=recent,0,Tranco-TopDomains,2026-09-30
https://reddit.com/pricing?lang=en,0,Tranco-TopDomains,2026-09-30
https://blog.mozilla.org/,0,Tranco-TopDomains,2026-09-30
https://docs.apple.com/features/security-whitepaper,0,Tranco-TopDomains,2026-09-30
https://developer.stackoverflow.com/documentation/getting-started?q=machine+learning,0,Tranco-TopDomains,2026-09-30
https://apple.com/download/release-v2.0,0,Tranco-TopDomains,2026-09-30
https://support.adobe.com/blog/post-102?q=machine+learning,0,Tranco-TopDomains,2026-09-30
https://reddit.com/search?id=108274,0,Tranco-TopDomains,2026-09-30
https://quora.com/terms-of-service?q=machine+learning,0,Tranco-TopDomains,2026-09-30
https://api.wikipedia.org/pricing?category=engineering,0,Tranco-TopDomains,2026-09-30
https://support.nature.com/documentation/getting-started?q=machine+learning,0,Tranco-TopDomains,2026-09-30
https://salesforce.com/explore,0,Tranco-TopDomains,2026-09-30
https://mit.edu/help/faq,0,Tranco-TopDomains,2026-09-30
https://app.zoom.us?lang=en,0,Tranco-TopDomains,2026-09-30
https://www.wsj.com/pricing?category=engineering,0,Tranco-TopDomains,2026-09-30
https://netflix.com/documentation/getting-started,0,Tranco-TopDomains,2026-09-30
https://developer.wsj.com/terms-of-service,0,Tranco-TopDomains,2026-09-30
https://www.salesforce.com/press/announcements?view=grid&filter=active,0,Tranco-TopDomains,2026-09-30
https://salesforce.com/?page=2&sort=recent,0,Tranco-TopDomains,2026-09-30
https://docs.stackoverflow.com/press/announcements?q=machine+learning,0,Tranco-TopDomains,2026-09-30
https://zoom.us/terms-of-service,0,Tranco-TopDomains,2026-09-30
https://www.harvard.edu/,0,Tranco-TopDomains,2026-09-30
https://docs.slack.com/articles/2026/technology,0,Tranco-TopDomains,2026-09-30
https://support.dropbox.com/press/announcements?page=2&sort=recent,0,Tranco-TopDomains,2026-09-30
https://slack.com/legal/privacy-policy?lang=en,0,Tranco-TopDomains,2026-09-30
https://blog.mit.edu/pricing,0,Tranco-TopDomains,2026-09-30
https://docs.amazon.com/features/security-whitepaper,0,Tranco-TopDomains,2026-09-30
https://developer.gitlab.com/legal/privacy-policy,0,Tranco-TopDomains,2026-09-30
https://mit.edu/help/faq,0,Tranco-TopDomains,2026-09-30
https://support.mozilla.org/download/release-v2.0,0,Tranco-TopDomains,2026-09-30
https://api.cloudflare.com/press/announcements,0,Tranco-TopDomains,2026-09-30
https://blog.stackoverflow.com/terms-of-service?category=engineering,0,Tranco-TopDomains,2026-09-30
https://www.slack.com/,0,Tranco-TopDomains,2026-09-30
https://docs.quora.com/articles/2026/technology?category=engineering,0,Tranco-TopDomains,2026-09-30
https://developer.apple.com/pricing?lang=en,0,Tranco-TopDomains,2026-09-30
https://api.gitlab.com,0,Tranco-TopDomains,2026-09-30
https://developer.stackoverflow.com/documentation/getting-started,0,Tranco-TopDomains,2026-09-30
https://docs.reddit.com/explore,0,Tranco-TopDomains,2026-09-30
https://docs.digitalocean.com/search,0,Tranco-TopDomains,2026-09-30
https://wsj.com/pricing,0,Tranco-TopDomains,2026-09-30
https://blog.wsj.com/press/announcements,0,Tranco-TopDomains,2026-09-30
https://wsj.com/projects/open-source,0,Tranco-TopDomains,2026-09-30
https://bbc.co.uk/features/security-whitepaper?page=2&sort=recent,0,Tranco-TopDomains,2026-09-30
https://app.python.org/projects/open-source,0,Tranco-TopDomains,2026-09-30
https://medium.com/about,0,Tranco-TopDomains,2026-09-30
https://blog.netflix.com/articles/2026/technology?category=engineering,0,Tranco-TopDomains,2026-09-30
https://www.google.com/legal/privacy-policy,0,Tranco-TopDomains,2026-09-30
https://docs.reuters.com/features/security-whitepaper,0,Tranco-TopDomains,2026-09-30
https://blog.adobe.com/help/faq?id=108274,0,Tranco-TopDomains,2026-09-30
https://cloudflare.com/documentation/getting-started,0,Tranco-TopDomains,2026-09-30
https://www.oracle.com/search?id=108274,0,Tranco-TopDomains,2026-09-30
https://docs.spotify.com/search?category=engineering,0,Tranco-TopDomains,2026-09-30
https://docs.medium.com/pricing,0,Tranco-TopDomains,2026-09-30
https://docs.apple.com/download/release-v2.0,0,Tranco-TopDomains,2026-09-30
https://docs.wikipedia.org/projects/open-source?page=2&sort=recent,0,Tranco-TopDomains,2026-09-30
https://app.theguardian.com/articles/2026/technology?category=engineering,0,Tranco-TopDomains,2026-09-30
https://support.adobe.com/pricing,0,Tranco-TopDomains,2026-09-30
https://cnn.com/blog/post-102,0,Tranco-TopDomains,2026-09-30
https://support.nature.com/about?page=2&sort=recent,0,Tranco-TopDomains,2026-09-30
https://api.netflix.com/blog/post-102,0,Tranco-TopDomains,2026-09-30
https://docs.nih.gov,0,Tranco-TopDomains,2026-09-30
https://support.nih.gov/explore,0,Tranco-TopDomains,2026-09-30
https://app.oracle.com/press/announcements,0,Tranco-TopDomains,2026-09-30
https://blog.salesforce.com/blog/post-102,0,Tranco-TopDomains,2026-09-30
https://api.nytimes.com/pricing,0,Tranco-TopDomains,2026-09-30
https://blog.wsj.com/pricing?view=grid&filter=active,0,Tranco-TopDomains,2026-09-30
https://medium.com/search,0,Tranco-TopDomains,2026-09-30
https://linkedin.com/help/faq?q=machine+learning,0,Tranco-TopDomains,2026-09-30
https://developer.stripe.com/articles/2026/technology?view=grid&filter=active,0,Tranco-TopDomains,2026-09-30
https://blog.docker.com/legal/privacy-policy?lang=en,0,Tranco-TopDomains,2026-09-30
https://www.reuters.com/legal/privacy-policy,0,Tranco-TopDomains,2026-09-30
https://api.stripe.com/about,0,Tranco-TopDomains,2026-09-30
https://cnn.com/articles/2026/technology,0,Tranco-TopDomains,2026-09-30
https://blog.salesforce.com/press/announcements,0,Tranco-TopDomains,2026-09-30
https://blog.digitalocean.com/search?view=grid&filter=active,0,Tranco-TopDomains,2026-09-30
https://wsj.com/pricing,0,Tranco-TopDomains,2026-09-30
https://support.google.com/help/faq?q=machine+learning,0,Tranco-TopDomains,2026-09-30
https://app.reuters.com/?view=grid&filter=active,0,Tranco-TopDomains,2026-09-30
https://www.reuters.com/articles/2026/technology,0,Tranco-TopDomains,2026-09-30
https://blog.python.org/help/faq,0,Tranco-TopDomains,2026-09-30
https://zoom.us/help/faq,0,Tranco-TopDomains,2026-09-30
https://blog.cnn.com/explore?lang=en,0,Tranco-TopDomains,2026-09-30
https://docs.salesforce.com/projects/open-source,0,Tranco-TopDomains,2026-09-30
https://www.slack.com/legal/privacy-policy?id=108274,0,Tranco-TopDomains,2026-09-30
https://developer.github.com/press/announcements,0,Tranco-TopDomains,2026-09-30
https://api.docker.com/legal/privacy-policy?page=2&sort=recent,0,Tranco-TopDomains,2026-09-30
http://spotify.com/pricing?page=2&sort=recent,0,Tranco-TopDomains,2026-09-30
https://developer.digitalocean.com/projects/open-source,0,Tranco-TopDomains,2026-09-30
http://support.mozilla.org/explore?view=grid&filter=active,0,Tranco-TopDomains,2026-09-30
https://www.medium.com/press/announcements?category=engineering,0,Tranco-TopDomains,2026-09-30
https://support.netflix.com/articles/2026/technology?id=108274,0,Tranco-TopDomains,2026-09-30
https://developer.cloudflare.com/features/security-whitepaper,0,Tranco-TopDomains,2026-09-30
https://digitalocean.com/help/faq?q=machine+learning,0,Tranco-TopDomains,2026-09-30
https://salesforce.com/search?category=engineering,0,Tranco-TopDomains,2026-09-30
https://dropbox.com/articles/2026/technology?q=machine+learning,0,Tranco-TopDomains,2026-09-30
https://linkedin.com/download/release-v2.0?view=grid&filter=active,0,Tranco-TopDomains,2026-09-30
https://api.python.org/pricing?id=108274,0,Tranco-TopDomains,2026-09-30
https://zoom.us/explore,0,Tranco-TopDomains,2026-09-30
http://python.org/help/faq?id=108274,0,Tranco-TopDomains,2026-09-30
https://cnn.com/terms-of-service?category=engineering,0,Tranco-TopDomains,2026-09-30
https://support.google.com/press/announcements?lang=en,0,Tranco-TopDomains,2026-09-30
https://support.apple.com/documentation/getting-started,0,Tranco-TopDomains,2026-09-30
https://www.bbc.co.uk/blog/post-102,0,Tranco-TopDomains,2026-09-30
https://support.cnn.com/projects/open-source?view=grid&filter=active,0,Tranco-TopDomains,2026-09-30
https://blog.cloudflare.com/articles/2026/technology?q=machine+learning,0,Tranco-TopDomains,2026-09-30
https://www.mozilla.org/explore,0,Tranco-TopDomains,2026-09-30
http://www.linkedin.com/search?category=engineering,0,Tranco-TopDomains,2026-09-30
https://mit.edu/?category=engineering,0,Tranco-TopDomains,2026-09-30
https://www.oracle.com/documentation/getting-started?page=2&sort=recent,0,Tranco-TopDomains,2026-09-30
https://blog.amazon.com/download/release-v2.0,0,Tranco-TopDomains,2026-09-30
https://api.linkedin.com/blog/post-102?page=2&sort=recent,0,Tranco-TopDomains,2026-09-30
http://api.cnn.com/,0,Tranco-TopDomains,2026-09-30
https://api.amazon.com/projects/open-source?lang=en,0,Tranco-TopDomains,2026-09-30
https://support.cloudflare.com/articles/2026/technology?lang=en,0,Tranco-TopDomains,2026-09-30
https://api.netflix.com/legal/privacy-policy,0,Tranco-TopDomains,2026-09-30
https://blog.google.com/search?page=2&sort=recent,0,Tranco-TopDomains,2026-09-30
https://app.netflix.com/help/faq?q=machine+learning,0,Tranco-TopDomains,2026-09-30
https://app.harvard.edu/pricing,0,Tranco-TopDomains,2026-09-30
https://app.python.org/explore,0,Tranco-TopDomains,2026-09-30
https://www.mit.edu/features/security-whitepaper,0,Tranco-TopDomains,2026-09-30
https://app.wsj.com/terms-of-service?lang=en,0,Tranco-TopDomains,2026-09-30
https://blog.mit.edu/search,0,Tranco-TopDomains,2026-09-30
https://blog.stripe.com/blog/post-102?id=108274,0,Tranco-TopDomains,2026-09-30
https://developer.netflix.com/explore?category=engineering,0,Tranco-TopDomains,2026-09-30
https://blog.stripe.com,0,Tranco-TopDomains,2026-09-30
https://docs.python.org/,0,Tranco-TopDomains,2026-09-30
https://support.mit.edu/press/announcements?id=108274,0,Tranco-TopDomains,2026-09-30
https://wikipedia.org/features/security-whitepaper?id=108274,0,Tranco-TopDomains,2026-09-30
https://support.zoom.us/blog/post-102?q=machine+learning,0,Tranco-TopDomains,2026-09-30
https://app.nytimes.com/projects/open-source,0,Tranco-TopDomains,2026-09-30
https://developer.theguardian.com/blog/post-102?lang=en,0,Tranco-TopDomains,2026-09-30
https://docs.salesforce.com/explore,0,Tranco-TopDomains,2026-09-30
https://www.wsj.com/legal/privacy-policy,0,Tranco-TopDomains,2026-09-30
https://linkedin.com/blog/post-102,0,Tranco-TopDomains,2026-09-30
https://www.cnn.com/explore,0,Tranco-TopDomains,2026-09-30
https://api.netflix.com/about?id=108274,0,Tranco-TopDomains,2026-09-30
https://support.python.org/legal/privacy-policy?page=2&sort=recent,0,Tranco-TopDomains,2026-09-30
https://api.google.com/documentation/getting-started?lang=en,0,Tranco-TopDomains,2026-09-30
https://blog.microsoft.com/explore?category=engineering,0,Tranco-TopDomains,2026-09-30
https://app.medium.com/projects/open-source?view=grid&filter=active,0,Tranco-TopDomains,2026-09-30
https://www.linkedin.com/pricing,0,Tranco-TopDomains,2026-09-30
https://api.digitalocean.com/search?view=grid&filter=active,0,Tranco-TopDomains,2026-09-30
https://developer.bbc.co.uk/articles/2026/technology,0,Tranco-TopDomains,2026-09-30
https://quora.com/legal/privacy-policy,0,Tranco-TopDomains,2026-09-30
https://support.bbc.co.uk/projects/open-source,0,Tranco-TopDomains,2026-09-30
https://www.digitalocean.com/features/security-whitepaper?category=engineering,0,Tranco-TopDomains,2026-09-30
https://reuters.com,0,Tranco-TopDomains,2026-09-30
https://microsoft.com,0,Tranco-TopDomains,2026-09-30
https://docs.apple.com/search,0,Tranco-TopDomains,2026-09-30
https://google.com/terms-of-service,0,Tranco-TopDomains,2026-09-30
https://app.reddit.com/features/security-whitepaper,0,Tranco-TopDomains,2026-09-30
https://reddit.com/documentation/getting-started,0,Tranco-TopDomains,2026-09-30
https://blog.linkedin.com/explore,0,Tranco-TopDomains,2026-09-30
https://blog.cloudflare.com/legal/privacy-policy,0,Tranco-TopDomains,2026-09-30
http://stripe.com?q=machine+learning,0,Tranco-TopDomains,2026-09-30
https://support.digitalocean.com/search?page=2&sort=recent,0,Tranco-TopDomains,2026-09-30
https://support.nih.gov/explore?view=grid&filter=active,0,Tranco-TopDomains,2026-09-30
https://www.stackoverflow.com/explore?lang=en,0,Tranco-TopDomains,2026-09-30
https://dropbox.com/help/faq,0,Tranco-TopDomains,2026-09-30
https://mozilla.org/download/release-v2.0?id=108274,0,Tranco-TopDomains,2026-09-30
https://support.bbc.co.uk/search?lang=en,0,Tranco-TopDomains,2026-09-30
https://api.salesforce.com/explore?lang=en,0,Tranco-TopDomains,2026-09-30
https://docs.netflix.com/about,0,Tranco-TopDomains,2026-09-30
https://mozilla.org/terms-of-service,0,Tranco-TopDomains,2026-09-30
https://reddit.com/explore?category=engineering,0,Tranco-TopDomains,2026-09-30
https://linkedin.com/about?page=2&sort=recent,0,Tranco-TopDomains,2026-09-30
https://support.bbc.co.uk/help/faq?page=2&sort=recent,0,Tranco-TopDomains,2026-09-30
https://support.reddit.com/terms-of-service,0,Tranco-TopDomains,2026-09-30
https://support.cnn.com/download/release-v2.0?id=108274,0,Tranco-TopDomains,2026-09-30
https://developer.wsj.com/documentation/getting-started?category=engineering,0,Tranco-TopDomains,2026-09-30
https://blog.stripe.com/documentation/getting-started,0,Tranco-TopDomains,2026-09-30
https://www.google.com?page=2&sort=recent,0,Tranco-TopDomains,2026-09-30
https://python.org/?page=2&sort=recent,0,Tranco-TopDomains,2026-09-30
https://docs.python.org/features/security-whitepaper,0,Tranco-TopDomains,2026-09-30
https://support.nature.com/documentation/getting-started?q=machine+learning,0,Tranco-TopDomains,2026-09-30
https://amazon.com/explore,0,Tranco-TopDomains,2026-09-30
https://support.microsoft.com/help/faq,0,Tranco-TopDomains,2026-09-30
https://developer.wikipedia.org/articles/2026/technology,0,Tranco-TopDomains,2026-09-30
http://mozilla.org/documentation/getting-started,0,Tranco-TopDomains,2026-09-30
https://stripe.com/articles/2026/technology?view=grid&filter=active,0,Tranco-TopDomains,2026-09-30
https://docs.reuters.com/press/announcements?category=engineering,0,Tranco-TopDomains,2026-09-30
https://gitlab.com/legal/privacy-policy,0,Tranco-TopDomains,2026-09-30
https://app.github.com/articles/2026/technology?id=108274,0,Tranco-TopDomains,2026-09-30
https://support.slack.com/features/security-whitepaper?id=108274,0,Tranco-TopDomains,2026-09-30
https://app.medium.com/legal/privacy-policy?q=machine+learning,0,Tranco-TopDomains,2026-09-30
https://docs.nytimes.com/about?id=108274,0,Tranco-TopDomains,2026-09-30
https://www.python.org/pricing,0,Tranco-TopDomains,2026-09-30
https://blog.bbc.co.uk/about?view=grid&filter=active,0,Tranco-TopDomains,2026-09-30
https://support.slack.com/articles/2026/technology,0,Tranco-TopDomains,2026-09-30
https://www.digitalocean.com/blog/post-102,0,Tranco-TopDomains,2026-09-30
https://app.netflix.com/terms-of-service,0,Tranco-TopDomains,2026-09-30
https://blog.nytimes.com/explore,0,Tranco-TopDomains,2026-09-30
https://docs.google.com/projects/open-source?id=108274,0,Tranco-TopDomains,2026-09-30
https://www.github.com/blog/post-102,0,Tranco-TopDomains,2026-09-30
http://app.github.com/press/announcements,0,Tranco-TopDomains,2026-09-30
https://docs.apple.com?page=2&sort=recent,0,Tranco-TopDomains,2026-09-30
https://blog.slack.com/projects/open-source?page=2&sort=recent,0,Tranco-TopDomains,2026-09-30
https://spotify.com/explore?page=2&sort=recent,0,Tranco-TopDomains,2026-09-30
https://theguardian.com/search,0,Tranco-TopDomains,2026-09-30
https://developer.zoom.us/?lang=en,0,Tranco-TopDomains,2026-09-30
https://docker.com/about?q=machine+learning,0,Tranco-TopDomains,2026-09-30
https://mozilla.org/terms-of-service?view=grid&filter=active,0,Tranco-TopDomains,2026-09-30
http://docs.dropbox.com/help/faq?category=engineering,0,Tranco-TopDomains,2026-09-30
https://www.zoom.us/projects/open-source,0,Tranco-TopDomains,2026-09-30
https://quora.com,0,Tranco-TopDomains,2026-09-30
https://blog.oracle.com/about?view=grid&filter=active,0,Tranco-TopDomains,2026-09-30
https://adobe.com/legal/privacy-policy,0,Tranco-TopDomains,2026-09-30
https://api.netflix.com/about,0,Tranco-TopDomains,2026-09-30
https://docs.docker.com/press/announcements?lang=en,0,Tranco-TopDomains,2026-09-30
http://gitlab.com/explore?view=grid&filter=active,0,Tranco-TopDomains,2026-09-30
https://support.salesforce.com/download/release-v2.0,0,Tranco-TopDomains,2026-09-30
https://app.theguardian.com/terms-of-service?page=2&sort=recent,0,Tranco-TopDomains,2026-09-30
https://blog.stripe.com/features/security-whitepaper?lang=en,0,Tranco-TopDomains,2026-09-30
https://app.github.com/?q=machine+learning,0,Tranco-TopDomains,2026-09-30
https://nature.com/search,0,Tranco-TopDomains,2026-09-30
https://app.nytimes.com/pricing,0,Tranco-TopDomains,2026-09-30
https://docker.com/help/faq?view=grid&filter=active,0,Tranco-TopDomains,2026-09-30
https://developer.wsj.com/explore,0,Tranco-TopDomains,2026-09-30
https://support.cloudflare.com/download/release-v2.0?q=machine+learning,0,Tranco-TopDomains,2026-09-30
https://api.wikipedia.org/terms-of-service?view=grid&filter=active,0,Tranco-TopDomains,2026-09-30
http://reddit.com/blog/post-102?view=grid&filter=active,0,Tranco-TopDomains,2026-09-30
https://developer.mozilla.org/search?q=machine+learning,0,Tranco-TopDomains,2026-09-30
https://app.github.com/pricing,0,Tranco-TopDomains,2026-09-30
https://support.netflix.com/press/announcements?q=machine+learning,0,Tranco-TopDomains,2026-09-30
https://support.microsoft.com/blog/post-102?lang=en,0,Tranco-TopDomains,2026-09-30
https://apple.com/about?lang=en,0,Tranco-TopDomains,2026-09-30
https://developer.oracle.com/download/release-v2.0?id=108274,0,Tranco-TopDomains,2026-09-30
https://medium.com/,0,Tranco-TopDomains,2026-09-30
https://api.digitalocean.com/legal/privacy-policy,0,Tranco-TopDomains,2026-09-30
https://developer.stripe.com/press/announcements?id=108274,0,Tranco-TopDomains,2026-09-30
https://support.nytimes.com/help/faq?category=engineering,0,Tranco-TopDomains,2026-09-30
https://app.nature.com/projects/open-source,0,Tranco-TopDomains,2026-09-30
https://api.mozilla.org/terms-of-service,0,Tranco-TopDomains,2026-09-30
https://docker.com/press/announcements?page=2&sort=recent,0,Tranco-TopDomains,2026-09-30
https://docs.stripe.com?view=grid&filter=active,0,Tranco-TopDomains,2026-09-30
https://developer.python.org/explore,0,Tranco-TopDomains,2026-09-30
https://support.mit.edu/articles/2026/technology?category=engineering,0,Tranco-TopDomains,2026-09-30
https://www.harvard.edu?page=2&sort=recent,0,Tranco-TopDomains,2026-09-30
https://docs.microsoft.com/legal/privacy-policy?id=108274,0,Tranco-TopDomains,2026-09-30
https://developer.stackoverflow.com/features/security-whitepaper?category=engineering,0,Tranco-TopDomains,2026-09-30
https://blog.spotify.com/download/release-v2.0?id=108274,0,Tranco-TopDomains,2026-09-30
https://dropbox.com/articles/2026/technology?view=grid&filter=active,0,Tranco-TopDomains,2026-09-30
https://blog.bbc.co.uk/articles/2026/technology?id=108274,0,Tranco-TopDomains,2026-09-30
https://support.salesforce.com/legal/privacy-policy,0,Tranco-TopDomains,2026-09-30
https://cloudflare.com?category=engineering,0,Tranco-TopDomains,2026-09-30
https://wsj.com/features/security-whitepaper?id=108274,0,Tranco-TopDomains,2026-09-30
https://docs.github.com/download/release-v2.0?q=machine+learning,0,Tranco-TopDomains,2026-09-30
https://blog.docker.com/pricing,0,Tranco-TopDomains,2026-09-30
https://reddit.com/help/faq?view=grid&filter=active,0,Tranco-TopDomains,2026-09-30
https://slack.com/help/faq?q=machine+learning,0,Tranco-TopDomains,2026-09-30
https://docs.linkedin.com/legal/privacy-policy?category=engineering,0,Tranco-TopDomains,2026-09-30
http://support.google.com/,0,Tranco-TopDomains,2026-09-30
https://blog.netflix.com/terms-of-service?page=2&sort=recent,0,Tranco-TopDomains,2026-09-30
https://www.digitalocean.com/pricing?q=machine+learning,0,Tranco-TopDomains,2026-09-30
https://slack.com/download/release-v2.0,0,Tranco-TopDomains,2026-09-30
https://zoom.us/pricing?page=2&sort=recent,0,Tranco-TopDomains,2026-09-30
https://www.digitalocean.com/explore,0,Tranco-TopDomains,2026-09-30
https://docs.slack.com/articles/2026/technology?page=2&sort=recent,0,Tranco-TopDomains,2026-09-30
https://apple.com/download/release-v2.0,0,Tranco-TopDomains,2026-09-30
http://mozilla.org/about?category=engineering,0,Tranco-TopDomains,2026-09-30
https://developer.python.org/help/faq,0,Tranco-TopDomains,2026-09-30
https://docs.nih.gov/projects/open-source?id=108274,0,Tranco-TopDomains,2026-09-30
https://docs.zoom.us/?lang=en,0,Tranco-TopDomains,2026-09-30
https://mozilla.org/explore,0,Tranco-TopDomains,2026-09-30
https://stackoverflow.com/search?lang=en,0,Tranco-TopDomains,2026-09-30
https://bbc.co.uk/about?view=grid&filter=active,0,Tranco-TopDomains,2026-09-30
https://support.harvard.edu/explore?view=grid&filter=active,0,Tranco-TopDomains,2026-09-30
https://stripe.com/press/announcements,0,Tranco-TopDomains,2026-09-30
https://support.stripe.com/terms-of-service?view=grid&filter=active,0,Tranco-TopDomains,2026-09-30
https://docs.bbc.co.uk,0,Tranco-TopDomains,2026-09-30
https://github.com/terms-of-service?page=2&sort=recent,0,Tranco-TopDomains,2026-09-30
https://wsj.com/articles/2026/technology?id=108274,0,Tranco-TopDomains,2026-09-30
http://www.stackoverflow.com?id=108274,0,Tranco-TopDomains,2026-09-30
https://theguardian.com/projects/open-source?page=2&sort=recent,0,Tranco-TopDomains,2026-09-30
https://harvard.edu/terms-of-service,0,Tranco-TopDomains,2026-09-30
https://docs.python.org/blog/post-102?view=grid&filter=active,0,Tranco-TopDomains,2026-09-30
https://api.apple.com/legal/privacy-policy?view=grid&filter=active,0,Tranco-TopDomains,2026-09-30
https://support.quora.com/pricing?q=machine+learning,0,Tranco-TopDomains,2026-09-30
https://docs.mit.edu/pricing,0,Tranco-TopDomains,2026-09-30
https://oracle.com/projects/open-source?view=grid&filter=active,0,Tranco-TopDomains,2026-09-30
https://support.gitlab.com/blog/post-102?page=2&sort=recent,0,Tranco-TopDomains,2026-09-30
https://support.zoom.us/projects/open-source?page=2&sort=recent,0,Tranco-TopDomains,2026-09-30
https://developer.wikipedia.org/articles/2026/technology,0,Tranco-TopDomains,2026-09-30
https://app.medium.com/download/release-v2.0?lang=en,0,Tranco-TopDomains,2026-09-30
https://api.reuters.com/pricing,0,Tranco-TopDomains,2026-09-30
https://support.adobe.com/articles/2026/technology?page=2&sort=recent,0,Tranco-TopDomains,2026-09-30
https://api.harvard.edu/help/faq,0,Tranco-TopDomains,2026-09-30
https://stackoverflow.com/terms-of-service,0,Tranco-TopDomains,2026-09-30
https://developer.harvard.edu/terms-of-service?q=machine+learning,0,Tranco-TopDomains,2026-09-30
https://docs.zoom.us/projects/open-source?id=108274,0,Tranco-TopDomains,2026-09-30
https://docs.nature.com/about?category=engineering,0,Tranco-TopDomains,2026-09-30
https://api.digitalocean.com/terms-of-service?q=machine+learning,0,Tranco-TopDomains,2026-09-30
https://developer.quora.com/?lang=en,0,Tranco-TopDomains,2026-09-30
https://developer.stackoverflow.com/articles/2026/technology?page=2&sort=recent,0,Tranco-TopDomains,2026-09-30
http://app.cnn.com?lang=en,0,Tranco-TopDomains,2026-09-30
https://developer.google.com/legal/privacy-policy,0,Tranco-TopDomains,2026-09-30
https://slack.com/?page=2&sort=recent,0,Tranco-TopDomains,2026-09-30
https://developer.wikipedia.org/explore?category=engineering,0,Tranco-TopDomains,2026-09-30
https://api.linkedin.com/help/faq?category=engineering,0,Tranco-TopDomains,2026-09-30
https://developer.adobe.com/?category=engineering,0,Tranco-TopDomains,2026-09-30
https://developer.docker.com/explore?page=2&sort=recent,0,Tranco-TopDomains,2026-09-30
https://cloudflare.com/documentation/getting-started,0,Tranco-TopDomains,2026-09-30
https://python.org/terms-of-service?category=engineering,0,Tranco-TopDomains,2026-09-30
https://www.apple.com/help/faq?id=108274,0,Tranco-TopDomains,2026-09-30
http://docs.amazon.com/,0,Tranco-TopDomains,2026-09-30
https://oracle.com/blog/post-102?page=2&sort=recent,0,Tranco-TopDomains,2026-09-30
https://docs.zoom.us/articles/2026/technology,0,Tranco-TopDomains,2026-09-30
https://stackoverflow.com/terms-of-service,0,Tranco-TopDomains,2026-09-30
https://developer.stripe.com/explore?id=108274,0,Tranco-TopDomains,2026-09-30
https://developer.reddit.com/blog/post-102?page=2&sort=recent,0,Tranco-TopDomains,2026-09-30
https://www.reddit.com/about?lang=en,0,Tranco-TopDomains,2026-09-30
https://api.apple.com/documentation/getting-started?q=machine+learning,0,Tranco-TopDomains,2026-09-30
http://developer.wikipedia.org/?q=machine+learning,0,Tranco-TopDomains,2026-09-30
https://developer.harvard.edu/pricing?q=machine+learning,0,Tranco-TopDomains,2026-09-30
https://www.dropbox.com/terms-of-service?lang=en,0,Tranco-TopDomains,2026-09-30
https://blog.mozilla.org/explore,0,Tranco-TopDomains,2026-09-30
https://support.netflix.com/features/security-whitepaper?id=108274,0,Tranco-TopDomains,2026-09-30
https://www.slack.com/about?lang=en,0,Tranco-TopDomains,2026-09-30
https://app.oracle.com/explore,0,Tranco-TopDomains,2026-09-30
https://cloudflare.com/documentation/getting-started,0,Tranco-TopDomains,2026-09-30
https://docs.bbc.co.uk?view=grid&filter=active,0,Tranco-TopDomains,2026-09-30
https://api.gitlab.com/blog/post-102,0,Tranco-TopDomains,2026-09-30
https://api.apple.com/download/release-v2.0?q=machine+learning,0,Tranco-TopDomains,2026-09-30
https://support.theguardian.com/terms-of-service,0,Tranco-TopDomains,2026-09-30
https://netflix.com/?category=engineering,0,Tranco-TopDomains,2026-09-30
https://www.digitalocean.com/legal/privacy-policy?q=machine+learning,0,Tranco-TopDomains,2026-09-30
https://blog.linkedin.com/press/announcements?id=108274,0,Tranco-TopDomains,2026-09-30
https://www.amazon.com/explore?q=machine+learning,0,Tranco-TopDomains,2026-09-30
https://app.github.com/blog/post-102?q=machine+learning,0,Tranco-TopDomains,2026-09-30
https://docs.cloudflare.com/documentation/getting-started?category=engineering,0,Tranco-TopDomains,2026-09-30
https://www.cloudflare.com/blog/post-102?view=grid&filter=active,0,Tranco-TopDomains,2026-09-30
https://api.harvard.edu/legal/privacy-policy?lang=en,0,Tranco-TopDomains,2026-09-30
https://cloudflare.com/press/announcements?lang=en,0,Tranco-TopDomains,2026-09-30
https://cnn.com/terms-of-service,0,Tranco-TopDomains,2026-09-30
https://developer.dropbox.com/search,0,Tranco-TopDomains,2026-09-30
https://api.digitalocean.com,0,Tranco-TopDomains,2026-09-30
https://wikipedia.org?page=2&sort=recent,0,Tranco-TopDomains,2026-09-30
https://developer.google.com/documentation/getting-started?view=grid&filter=active,0,Tranco-TopDomains,2026-09-30
https://app.microsoft.com/legal/privacy-policy?q=machine+learning,0,Tranco-TopDomains,2026-09-30
https://nytimes.com/explore,0,Tranco-TopDomains,2026-09-30
https://developer.dropbox.com/press/announcements?page=2&sort=recent,0,Tranco-TopDomains,2026-09-30
https://developer.medium.com/blog/post-102?page=2&sort=recent,0,Tranco-TopDomains,2026-09-30
https://docs.spotify.com/terms-of-service?id=108274,0,Tranco-TopDomains,2026-09-30
https://reddit.com/blog/post-102?id=108274,0,Tranco-TopDomains,2026-09-30
https://microsoft.com/download/release-v2.0?q=machine+learning,0,Tranco-TopDomains,2026-09-30
https://api.mozilla.org/press/announcements,0,Tranco-TopDomains,2026-09-30
https://api.digitalocean.com/projects/open-source,0,Tranco-TopDomains,2026-09-30
https://zoom.us/blog/post-102?id=108274,0,Tranco-TopDomains,2026-09-30
https://blog.gitlab.com/articles/2026/technology?lang=en,0,Tranco-TopDomains,2026-09-30
https://api.spotify.com/pricing?category=engineering,0,Tranco-TopDomains,2026-09-30
https://docs.linkedin.com/projects/open-source,0,Tranco-TopDomains,2026-09-30
https://app.dropbox.com/explore?category=engineering,0,Tranco-TopDomains,2026-09-30
https://docs.spotify.com/explore,0,Tranco-TopDomains,2026-09-30
https://developer.mozilla.org/search?id=108274,0,Tranco-TopDomains,2026-09-30
https://nature.com/legal/privacy-policy?view=grid&filter=active,0,Tranco-TopDomains,2026-09-30
https://salesforce.com/features/security-whitepaper,0,Tranco-TopDomains,2026-09-30
http://stackoverflow.com/press/announcements?lang=en,0,Tranco-TopDomains,2026-09-30
https://spotify.com/?lang=en,0,Tranco-TopDomains,2026-09-30
https://blog.salesforce.com/search,0,Tranco-TopDomains,2026-09-30
https://www.mozilla.org/download/release-v2.0,0,Tranco-TopDomains,2026-09-30
https://developer.github.com/help/faq?q=machine+learning,0,Tranco-TopDomains,2026-09-30
https://support.zoom.us/pricing,0,Tranco-TopDomains,2026-09-30
https://app.oracle.com/legal/privacy-policy,0,Tranco-TopDomains,2026-09-30
https://app.adobe.com/search?q=machine+learning,0,Tranco-TopDomains,2026-09-30
https://blog.stripe.com/projects/open-source?lang=en,0,Tranco-TopDomains,2026-09-30
https://app.oracle.com/features/security-whitepaper?id=108274,0,Tranco-TopDomains,2026-09-30
https://digitalocean.com/search?id=108274,0,Tranco-TopDomains,2026-09-30
https://blog.adobe.com/help/faq?view=grid&filter=active,0,Tranco-TopDomains,2026-09-30
http://support.docker.com/download/release-v2.0?view=grid&filter=active,0,Tranco-TopDomains,2026-09-30
https://nature.com/download/release-v2.0,0,Tranco-TopDomains,2026-09-30
https://www.oracle.com/help/faq,0,Tranco-TopDomains,2026-09-30
https://salesforce.com/pricing,0,Tranco-TopDomains,2026-09-30
https://developer.google.com/features/security-whitepaper,0,Tranco-TopDomains,2026-09-30
https://linkedin.com/terms-of-service,0,Tranco-TopDomains,2026-09-30
https://api.reddit.com/,0,Tranco-TopDomains,2026-09-30
https://theguardian.com/projects/open-source?id=108274,0,Tranco-TopDomains,2026-09-30
https://quora.com/documentation/getting-started,0,Tranco-TopDomains,2026-09-30
https://oracle.com/press/announcements?q=machine+learning,0,Tranco-TopDomains,2026-09-30
https://google.com/explore?id=108274,0,Tranco-TopDomains,2026-09-30
https://harvard.edu/press/announcements,0,Tranco-TopDomains,2026-09-30
https://support.gitlab.com/,0,Tranco-TopDomains,2026-09-30
https://reddit.com/documentation/getting-started?id=108274,0,Tranco-TopDomains,2026-09-30
https://app.gitlab.com/explore?category=engineering,0,Tranco-TopDomains,2026-09-30
https://microsoft.com/search?q=machine+learning,0,Tranco-TopDomains,2026-09-30
https://www.wsj.com/press/announcements?view=grid&filter=active,0,Tranco-TopDomains,2026-09-30
https://app.cloudflare.com/press/announcements?page=2&sort=recent,0,Tranco-TopDomains,2026-09-30
https://support.slack.com/explore?view=grid&filter=active,0,Tranco-TopDomains,2026-09-30
https://digitalocean.com?lang=en,0,Tranco-TopDomains,2026-09-30
https://zoom.us/legal/privacy-policy,0,Tranco-TopDomains,2026-09-30
https://gitlab.com/help/faq,0,Tranco-TopDomains,2026-09-30
https://docs.docker.com,0,Tranco-TopDomains,2026-09-30
https://www.theguardian.com/help/faq?id=108274,0,Tranco-TopDomains,2026-09-30
https://wikipedia.org/search?page=2&sort=recent,0,Tranco-TopDomains,2026-09-30
https://developer.dropbox.com/search?lang=en,0,Tranco-TopDomains,2026-09-30
https://support.oracle.com/about?view=grid&filter=active,0,Tranco-TopDomains,2026-09-30
https://app.reddit.com/articles/2026/technology?id=108274,0,Tranco-TopDomains,2026-09-30
https://docs.reuters.com/search?page=2&sort=recent,0,Tranco-TopDomains,2026-09-30
http://app.spotify.com/pricing,0,Tranco-TopDomains,2026-09-30
https://www.nytimes.com/explore,0,Tranco-TopDomains,2026-09-30
https://api.reddit.com/documentation/getting-started?q=machine+learning,0,Tranco-TopDomains,2026-09-30
https://support.bbc.co.uk/download/release-v2.0,0,Tranco-TopDomains,2026-09-30
https://medium.com/,0,Tranco-TopDomains,2026-09-30
https://app.netflix.com,0,Tranco-TopDomains,2026-09-30
https://support.gitlab.com/search?id=108274,0,Tranco-TopDomains,2026-09-30
https://developer.medium.com/features/security-whitepaper?lang=en,0,Tranco-TopDomains,2026-09-30
https://support.nytimes.com/projects/open-source,0,Tranco-TopDomains,2026-09-30
https://www.cloudflare.com/,0,Tranco-TopDomains,2026-09-30
https://support.netflix.com/about?page=2&sort=recent,0,Tranco-TopDomains,2026-09-30
https://developer.reuters.com/projects/open-source?q=machine+learning,0,Tranco-TopDomains,2026-09-30
https://blog.reddit.com/help/faq?page=2&sort=recent,0,Tranco-TopDomains,2026-09-30
https://nature.com/about?view=grid&filter=active,0,Tranco-TopDomains,2026-09-30
https://zoom.us/about,0,Tranco-TopDomains,2026-09-30
https://oracle.com/explore?view=grid&filter=active,0,Tranco-TopDomains,2026-09-30
https://api.wsj.com?q=machine+learning,0,Tranco-TopDomains,2026-09-30
https://docs.salesforce.com/pricing?page=2&sort=recent,0,Tranco-TopDomains,2026-09-30
https://docs.nytimes.com/about?id=108274,0,Tranco-TopDomains,2026-09-30
https://app.reuters.com/legal/privacy-policy?category=engineering,0,Tranco-TopDomains,2026-09-30
https://wsj.com/press/announcements?lang=en,0,Tranco-TopDomains,2026-09-30
https://api.github.com/download/release-v2.0?lang=en,0,Tranco-TopDomains,2026-09-30
https://amazon.com/projects/open-source?id=108274,0,Tranco-TopDomains,2026-09-30
https://dropbox.com/documentation/getting-started?view=grid&filter=active,0,Tranco-TopDomains,2026-09-30
https://api.github.com/about?category=engineering,0,Tranco-TopDomains,2026-09-30
https://blog.apple.com/press/announcements,0,Tranco-TopDomains,2026-09-30
https://github.com/?view=grid&filter=active,0,Tranco-TopDomains,2026-09-30
https://support.spotify.com/press/announcements?lang=en,0,Tranco-TopDomains,2026-09-30
https://nih.gov/,0,Tranco-TopDomains,2026-09-30
https://blog.mit.edu/pricing,0,Tranco-TopDomains,2026-09-30
https://support.amazon.com/pricing,0,Tranco-TopDomains,2026-09-30
https://blog.digitalocean.com/search,0,Tranco-TopDomains,2026-09-30
https://api.netflix.com/projects/open-source?page=2&sort=recent,0,Tranco-TopDomains,2026-09-30
https://www.amazon.com/documentation/getting-started,0,Tranco-TopDomains,2026-09-30
https://support.nih.gov/,0,Tranco-TopDomains,2026-09-30
https://cnn.com/about,0,Tranco-TopDomains,2026-09-30
https://docs.bbc.co.uk/?page=2&sort=recent,0,Tranco-TopDomains,2026-09-30
https://docs.cnn.com/search?category=engineering,0,Tranco-TopDomains,2026-09-30
https://stackoverflow.com/about?lang=en,0,Tranco-TopDomains,2026-09-30
https://developer.harvard.edu/help/faq?q=machine+learning,0,Tranco-TopDomains,2026-09-30
https://api.oracle.com/legal/privacy-policy?q=machine+learning,0,Tranco-TopDomains,2026-09-30
https://api.linkedin.com/explore,0,Tranco-TopDomains,2026-09-30
https://app.stripe.com/press/announcements?lang=en,0,Tranco-TopDomains,2026-09-30
https://blog.python.org/documentation/getting-started?lang=en,0,Tranco-TopDomains,2026-09-30
http://harvard.edu/help/faq,0,Tranco-TopDomains,2026-09-30
http://developer.cnn.com/features/security-whitepaper,0,Tranco-TopDomains,2026-09-30
https://docs.github.com/blog/post-102?category=engineering,0,Tranco-TopDomains,2026-09-30
https://apple.com/blog/post-102?category=engineering,0,Tranco-TopDomains,2026-09-30
https://support.zoom.us/features/security-whitepaper,0,Tranco-TopDomains,2026-09-30
https://zoom.us/download/release-v2.0?id=108274,0,Tranco-TopDomains,2026-09-30
https://oracle.com/help/faq,0,Tranco-TopDomains,2026-09-30
https://docs.dropbox.com/projects/open-source,0,Tranco-TopDomains,2026-09-30
https://support.digitalocean.com/,0,Tranco-TopDomains,2026-09-30
https://blog.salesforce.com/features/security-whitepaper?category=engineering,0,Tranco-TopDomains,2026-09-30
https://docs.reuters.com/articles/2026/technology?category=engineering,0,Tranco-TopDomains,2026-09-30
https://cnn.com?lang=en,0,Tranco-TopDomains,2026-09-30
https://linkedin.com/documentation/getting-started?id=108274,0,Tranco-TopDomains,2026-09-30
https://slack.com/blog/post-102?page=2&sort=recent,0,Tranco-TopDomains,2026-09-30
https://app.medium.com,0,Tranco-TopDomains,2026-09-30
https://docs.adobe.com/articles/2026/technology?view=grid&filter=active,0,Tranco-TopDomains,2026-09-30
https://gitlab.com/features/security-whitepaper,0,Tranco-TopDomains,2026-09-30
https://blog.reddit.com/projects/open-source?category=engineering,0,Tranco-TopDomains,2026-09-30
https://docs.apple.com/terms-of-service,0,Tranco-TopDomains,2026-09-30
https://docs.medium.com/blog/post-102?view=grid&filter=active,0,Tranco-TopDomains,2026-09-30
https://bbc.co.uk/?q=machine+learning,0,Tranco-TopDomains,2026-09-30
http://github.com/features/security-whitepaper?page=2&sort=recent,0,Tranco-TopDomains,2026-09-30
http://nih.gov/blog/post-102?lang=en,0,Tranco-TopDomains,2026-09-30
https://blog.spotify.com/?q=machine+learning,0,Tranco-TopDomains,2026-09-30
https://blog.wikipedia.org/features/security-whitepaper,0,Tranco-TopDomains,2026-09-30
https://www.cnn.com/terms-of-service?page=2&sort=recent,0,Tranco-TopDomains,2026-09-30
https://stripe.com/download/release-v2.0?lang=en,0,Tranco-TopDomains,2026-09-30
https://app.adobe.com/help/faq?page=2&sort=recent,0,Tranco-TopDomains,2026-09-30
https://developer.netflix.com/legal/privacy-policy,0,Tranco-TopDomains,2026-09-30
https://docs.github.com/search,0,Tranco-TopDomains,2026-09-30
https://api.harvard.edu/help/faq?q=machine+learning,0,Tranco-TopDomains,2026-09-30
https://github.com/pricing,0,Tranco-TopDomains,2026-09-30
https://app.nih.gov/download/release-v2.0?id=108274,0,Tranco-TopDomains,2026-09-30
https://reuters.com/press/announcements?id=108274,0,Tranco-TopDomains,2026-09-30
https://docs.adobe.com/projects/open-source?lang=en,0,Tranco-TopDomains,2026-09-30
https://www.dropbox.com/help/faq?q=machine+learning,0,Tranco-TopDomains,2026-09-30
https://www.stackoverflow.com/features/security-whitepaper?category=engineering,0,Tranco-TopDomains,2026-09-30
https://blog.spotify.com/about?page=2&sort=recent,0,Tranco-TopDomains,2026-09-30
https://developer.nih.gov/download/release-v2.0?q=machine+learning,0,Tranco-TopDomains,2026-09-30
https://blog.python.org/documentation/getting-started?category=engineering,0,Tranco-TopDomains,2026-09-30
https://app.python.org/blog/post-102?lang=en,0,Tranco-TopDomains,2026-09-30
https://stackoverflow.com/download/release-v2.0?category=engineering,0,Tranco-TopDomains,2026-09-30
https://app.mozilla.org/press/announcements?q=machine+learning,0,Tranco-TopDomains,2026-09-30
https://docker.com/articles/2026/technology,0,Tranco-TopDomains,2026-09-30
https://developer.nature.com/explore,0,Tranco-TopDomains,2026-09-30
https://digitalocean.com/articles/2026/technology,0,Tranco-TopDomains,2026-09-30
https://support.reuters.com/download/release-v2.0?page=2&sort=recent,0,Tranco-TopDomains,2026-09-30
https://www.nature.com/legal/privacy-policy,0,Tranco-TopDomains,2026-09-30
https://app.dropbox.com/explore,0,Tranco-TopDomains,2026-09-30
https://developer.spotify.com/download/release-v2.0?view=grid&filter=active,0,Tranco-TopDomains,2026-09-30
https://docs.digitalocean.com/press/announcements,0,Tranco-TopDomains,2026-09-30
https://theguardian.com/search,0,Tranco-TopDomains,2026-09-30
https://developer.netflix.com/pricing?page=2&sort=recent,0,Tranco-TopDomains,2026-09-30
https://app.theguardian.com/blog/post-102,0,Tranco-TopDomains,2026-09-30
https://api.quora.com/?id=108274,0,Tranco-TopDomains,2026-09-30
https://support.theguardian.com/legal/privacy-policy?page=2&sort=recent,0,Tranco-TopDomains,2026-09-30
https://bbc.co.uk/?q=machine+learning,0,Tranco-TopDomains,2026-09-30
https://app.linkedin.com/terms-of-service,0,Tranco-TopDomains,2026-09-30
https://nytimes.com/legal/privacy-policy?lang=en,0,Tranco-TopDomains,2026-09-30
https://nih.gov/legal/privacy-policy?lang=en,0,Tranco-TopDomains,2026-09-30
https://www.cloudflare.com/blog/post-102,0,Tranco-TopDomains,2026-09-30
https://blog.nature.com/articles/2026/technology,0,Tranco-TopDomains,2026-09-30
https://blog.github.com/projects/open-source,0,Tranco-TopDomains,2026-09-30
https://api.microsoft.com/projects/open-source?lang=en,0,Tranco-TopDomains,2026-09-30
https://developer.digitalocean.com/search?view=grid&filter=active,0,Tranco-TopDomains,2026-09-30
https://stackoverflow.com/features/security-whitepaper?category=engineering,0,Tranco-TopDomains,2026-09-30
https://apple.com/blog/post-102,0,Tranco-TopDomains,2026-09-30
https://www.apple.com/about?page=2&sort=recent,0,Tranco-TopDomains,2026-09-30
https://docs.dropbox.com/features/security-whitepaper?id=108274,0,Tranco-TopDomains,2026-09-30
https://api.wikipedia.org/?category=engineering,0,Tranco-TopDomains,2026-09-30
https://api.reuters.com/projects/open-source?id=108274,0,Tranco-TopDomains,2026-09-30
https://github.com/documentation/getting-started,0,Tranco-TopDomains,2026-09-30
https://www.nih.gov/blog/post-102?view=grid&filter=active,0,Tranco-TopDomains,2026-09-30
https://developer.bbc.co.uk/legal/privacy-policy,0,Tranco-TopDomains,2026-09-30
https://blog.apple.com/projects/open-source,0,Tranco-TopDomains,2026-09-30
http://blog.quora.com/projects/open-source,0,Tranco-TopDomains,2026-09-30
https://app.medium.com/pricing?q=machine+learning,0,Tranco-TopDomains,2026-09-30
https://blog.reddit.com/articles/2026/technology?lang=en,0,Tranco-TopDomains,2026-09-30
https://developer.salesforce.com/press/announcements?category=engineering,0,Tranco-TopDomains,2026-09-30
https://developer.wsj.com/legal/privacy-policy,0,Tranco-TopDomains,2026-09-30
https://support.salesforce.com/features/security-whitepaper?page=2&sort=recent,0,Tranco-TopDomains,2026-09-30
https://digitalocean.com/articles/2026/technology?view=grid&filter=active,0,Tranco-TopDomains,2026-09-30
https://api.stackoverflow.com/pricing,0,Tranco-TopDomains,2026-09-30
http://developer.reddit.com/download/release-v2.0?q=machine+learning,0,Tranco-TopDomains,2026-09-30
https://blog.linkedin.com/projects/open-source?category=engineering,0,Tranco-TopDomains,2026-09-30
https://docs.adobe.com/terms-of-service?category=engineering,0,Tranco-TopDomains,2026-09-30
https://support.gitlab.com/pricing?lang=en,0,Tranco-TopDomains,2026-09-30
https://developer.linkedin.com/documentation/getting-started?page=2&sort=recent,0,Tranco-TopDomains,2026-09-30
https://docs.github.com/features/security-whitepaper?category=engineering,0,Tranco-TopDomains,2026-09-30
https://blog.nytimes.com/projects/open-source,0,Tranco-TopDomains,2026-09-30
https://dropbox.com,0,Tranco-TopDomains,2026-09-30
https://api.apple.com/help/faq?id=108274,0,Tranco-TopDomains,2026-09-30
https://blog.amazon.com/projects/open-source?page=2&sort=recent,0,Tranco-TopDomains,2026-09-30
https://blog.nytimes.com/pricing?q=machine+learning,0,Tranco-TopDomains,2026-09-30
https://api.nytimes.com/terms-of-service?category=engineering,0,Tranco-TopDomains,2026-09-30
https://cnn.com/,0,Tranco-TopDomains,2026-09-30
http://reuters.com/pricing?view=grid&filter=active,0,Tranco-TopDomains,2026-09-30
https://docs.salesforce.com?q=machine+learning,0,Tranco-TopDomains,2026-09-30
https://cnn.com/blog/post-102,0,Tranco-TopDomains,2026-09-30
https://support.zoom.us/search?lang=en,0,Tranco-TopDomains,2026-09-30
http://wikipedia.org/download/release-v2.0,0,Tranco-TopDomains,2026-09-30
https://app.wsj.com/search,0,Tranco-TopDomains,2026-09-30
https://www.slack.com/legal/privacy-policy?page=2&sort=recent,0,Tranco-TopDomains,2026-09-30
https://docs.microsoft.com/blog/post-102?view=grid&filter=active,0,Tranco-TopDomains,2026-09-30
https://app.medium.com/press/announcements?category=engineering,0,Tranco-TopDomains,2026-09-30
https://www.apple.com/download/release-v2.0?id=108274,0,Tranco-TopDomains,2026-09-30
http://blog.salesforce.com/documentation/getting-started?category=engineering,0,Tranco-TopDomains,2026-09-30
https://support.quora.com/help/faq?id=108274,0,Tranco-TopDomains,2026-09-30
https://www.gitlab.com?category=engineering,0,Tranco-TopDomains,2026-09-30
https://api.gitlab.com/press/announcements,0,Tranco-TopDomains,2026-09-30
https://dropbox.com/about,0,Tranco-TopDomains,2026-09-30
https://developer.harvard.edu/documentation/getting-started,0,Tranco-TopDomains,2026-09-30
https://blog.reddit.com/documentation/getting-started,0,Tranco-TopDomains,2026-09-30
https://support.medium.com/legal/privacy-policy?page=2&sort=recent,0,Tranco-TopDomains,2026-09-30
https://api.github.com/download/release-v2.0,0,Tranco-TopDomains,2026-09-30
https://blog.harvard.edu/press/announcements?id=108274,0,Tranco-TopDomains,2026-09-30
https://api.cnn.com/features/security-whitepaper?view=grid&filter=active,0,Tranco-TopDomains,2026-09-30
https://apple.com/download/release-v2.0,0,Tranco-TopDomains,2026-09-30
https://google.com/explore,0,Tranco-TopDomains,2026-09-30
https://stackoverflow.com/download/release-v2.0?view=grid&filter=active,0,Tranco-TopDomains,2026-09-30
https://developer.reuters.com/search?id=108274,0,Tranco-TopDomains,2026-09-30
https://docs.google.com/explore?category=engineering,0,Tranco-TopDomains,2026-09-30
https://blog.linkedin.com/terms-of-service?page=2&sort=recent,0,Tranco-TopDomains,2026-09-30
https://nytimes.com/legal/privacy-policy?id=108274,0,Tranco-TopDomains,2026-09-30
https://blog.netflix.com/blog/post-102?view=grid&filter=active,0,Tranco-TopDomains,2026-09-30
https://dropbox.com/articles/2026/technology?id=108274,0,Tranco-TopDomains,2026-09-30
https://reddit.com/terms-of-service?category=engineering,0,Tranco-TopDomains,2026-09-30
https://reddit.com?lang=en,0,Tranco-TopDomains,2026-09-30
https://mit.edu/features/security-whitepaper?page=2&sort=recent,0,Tranco-TopDomains,2026-09-30
https://app.docker.com/articles/2026/technology,0,Tranco-TopDomains,2026-09-30
https://www.nature.com/help/faq,0,Tranco-TopDomains,2026-09-30
https://docs.linkedin.com/download/release-v2.0?lang=en,0,Tranco-TopDomains,2026-09-30
https://docs.slack.com/projects/open-source,0,Tranco-TopDomains,2026-09-30
https://www.cloudflare.com/blog/post-102,0,Tranco-TopDomains,2026-09-30
https://cloudflare.com/pricing?page=2&sort=recent,0,Tranco-TopDomains,2026-09-30
https://app.linkedin.com/press/announcements?q=machine+learning,0,Tranco-TopDomains,2026-09-30
https://www.nih.gov/about,0,Tranco-TopDomains,2026-09-30
https://reddit.com/terms-of-service,0,Tranco-TopDomains,2026-09-30
https://amazon.com/features/security-whitepaper?category=engineering,0,Tranco-TopDomains,2026-09-30
https://docs.adobe.com/explore?q=machine+learning,0,Tranco-TopDomains,2026-09-30
https://support.zoom.us/press/announcements?page=2&sort=recent,0,Tranco-TopDomains,2026-09-30
https://api.reuters.com/about?q=machine+learning,0,Tranco-TopDomains,2026-09-30
https://linkedin.com/download/release-v2.0?id=108274,0,Tranco-TopDomains,2026-09-30
https://medium.com/download/release-v2.0?page=2&sort=recent,0,Tranco-TopDomains,2026-09-30
https://developer.netflix.com/help/faq?category=engineering,0,Tranco-TopDomains,2026-09-30
https://www.nature.com/pricing?page=2&sort=recent,0,Tranco-TopDomains,2026-09-30
https://www.google.com/features/security-whitepaper?page=2&sort=recent,0,Tranco-TopDomains,2026-09-30
https://app.google.com/legal/privacy-policy?page=2&sort=recent,0,Tranco-TopDomains,2026-09-30
http://docs.netflix.com?lang=en,0,Tranco-TopDomains,2026-09-30
https://developer.linkedin.com/pricing,0,Tranco-TopDomains,2026-09-30
https://docs.medium.com/,0,Tranco-TopDomains,2026-09-30
https://app.reddit.com/features/security-whitepaper?view=grid&filter=active,0,Tranco-TopDomains,2026-09-30
http://wsj.com/?page=2&sort=recent,0,Tranco-TopDomains,2026-09-30
https://mozilla.org/search,0,Tranco-TopDomains,2026-09-30
https://stackoverflow.com/features/security-whitepaper,0,Tranco-TopDomains,2026-09-30
https://docs.wsj.com/projects/open-source,0,Tranco-TopDomains,2026-09-30
http://adobe.com/help/faq?id=108274,0,Tranco-TopDomains,2026-09-30
https://support.slack.com/,0,Tranco-TopDomains,2026-09-30
https://theguardian.com/blog/post-102,0,Tranco-TopDomains,2026-09-30
https://docs.github.com/projects/open-source?id=108274,0,Tranco-TopDomains,2026-09-30
https://docs.google.com/blog/post-102?id=108274,0,Tranco-TopDomains,2026-09-30
https://developer.dropbox.com/about?view=grid&filter=active,0,Tranco-TopDomains,2026-09-30
https://apple.com/about,0,Tranco-TopDomains,2026-09-30
https://microsoft.com?q=machine+learning,0,Tranco-TopDomains,2026-09-30
https://docker.com/documentation/getting-started?lang=en,0,Tranco-TopDomains,2026-09-30
https://mit.edu/legal/privacy-policy,0,Tranco-TopDomains,2026-09-30
https://salesforce.com/blog/post-102,0,Tranco-TopDomains,2026-09-30
https://www.stripe.com/projects/open-source?lang=en,0,Tranco-TopDomains,2026-09-30
https://docs.bbc.co.uk/blog/post-102?view=grid&filter=active,0,Tranco-TopDomains,2026-09-30
https://api.quora.com/help/faq?page=2&sort=recent,0,Tranco-TopDomains,2026-09-30
https://developer.reuters.com/articles/2026/technology,0,Tranco-TopDomains,2026-09-30
https://zoom.us/projects/open-source?category=engineering,0,Tranco-TopDomains,2026-09-30
https://www.salesforce.com/terms-of-service?id=108274,0,Tranco-TopDomains,2026-09-30
https://linkedin.com/projects/open-source?lang=en,0,Tranco-TopDomains,2026-09-30
https://medium.com/explore?id=108274,0,Tranco-TopDomains,2026-09-30
https://developer.bbc.co.uk/search?view=grid&filter=active,0,Tranco-TopDomains,2026-09-30
https://app.netflix.com/pricing,0,Tranco-TopDomains,2026-09-30
https://api.cloudflare.com,0,Tranco-TopDomains,2026-09-30
https://api.dropbox.com/explore,0,Tranco-TopDomains,2026-09-30
https://oracle.com/features/security-whitepaper?id=108274,0,Tranco-TopDomains,2026-09-30
https://developer.microsoft.com/features/security-whitepaper?category=engineering,0,Tranco-TopDomains,2026-09-30
https://www.reddit.com/blog/post-102?page=2&sort=recent,0,Tranco-TopDomains,2026-09-30
https://support.reddit.com/legal/privacy-policy,0,Tranco-TopDomains,2026-09-30
https://blog.nih.gov/explore?category=engineering,0,Tranco-TopDomains,2026-09-30
https://app.linkedin.com/pricing,0,Tranco-TopDomains,2026-09-30
https://docs.nytimes.com/projects/open-source,0,Tranco-TopDomains,2026-09-30
https://dropbox.com/about?lang=en,0,Tranco-TopDomains,2026-09-30
https://api.mozilla.org/features/security-whitepaper?category=engineering,0,Tranco-TopDomains,2026-09-30
https://google.com/projects/open-source,0,Tranco-TopDomains,2026-09-30
https://apple.com/documentation/getting-started?q=machine+learning,0,Tranco-TopDomains,2026-09-30
https://cnn.com/help/faq,0,Tranco-TopDomains,2026-09-30
https://spotify.com/press/announcements?id=108274,0,Tranco-TopDomains,2026-09-30
https://developer.harvard.edu/pricing?view=grid&filter=active,0,Tranco-TopDomains,2026-09-30
https://support.cloudflare.com/search?page=2&sort=recent,0,Tranco-TopDomains,2026-09-30
https://support.python.org/terms-of-service?lang=en,0,Tranco-TopDomains,2026-09-30
https://app.digitalocean.com/pricing?id=108274,0,Tranco-TopDomains,2026-09-30
https://app.quora.com?q=machine+learning,0,Tranco-TopDomains,2026-09-30
https://www.bbc.co.uk/help/faq?page=2&sort=recent,0,Tranco-TopDomains,2026-09-30
https://app.google.com/pricing,0,Tranco-TopDomains,2026-09-30
https://developer.python.org/projects/open-source,0,Tranco-TopDomains,2026-09-30
https://digitalocean.com/terms-of-service?category=engineering,0,Tranco-TopDomains,2026-09-30
https://digitalocean.com/legal/privacy-policy?lang=en,0,Tranco-TopDomains,2026-09-30
https://reddit.com/blog/post-102?category=engineering,0,Tranco-TopDomains,2026-09-30
https://blog.slack.com/explore?view=grid&filter=active,0,Tranco-TopDomains,2026-09-30
https://spotify.com/pricing,0,Tranco-TopDomains,2026-09-30
http://app.python.org/pricing?view=grid&filter=active,0,Tranco-TopDomains,2026-09-30
https://support.slack.com/?lang=en,0,Tranco-TopDomains,2026-09-30
https://app.stackoverflow.com/features/security-whitepaper?id=108274,0,Tranco-TopDomains,2026-09-30
https://api.reddit.com/help/faq,0,Tranco-TopDomains,2026-09-30
https://blog.digitalocean.com/pricing,0,Tranco-TopDomains,2026-09-30
https://app.dropbox.com/blog/post-102?q=machine+learning,0,Tranco-TopDomains,2026-09-30
https://support.docker.com/?view=grid&filter=active,0,Tranco-TopDomains,2026-09-30
https://developer.stackoverflow.com/features/security-whitepaper?page=2&sort=recent,0,Tranco-TopDomains,2026-09-30
https://docs.netflix.com/download/release-v2.0?page=2&sort=recent,0,Tranco-TopDomains,2026-09-30
https://blog.microsoft.com/blog/post-102,0,Tranco-TopDomains,2026-09-30
https://stripe.com/features/security-whitepaper?page=2&sort=recent,0,Tranco-TopDomains,2026-09-30
https://app.github.com/explore?page=2&sort=recent,0,Tranco-TopDomains,2026-09-30
https://support.wsj.com/documentation/getting-started,0,Tranco-TopDomains,2026-09-30
https://cloudflare.com/search?view=grid&filter=active,0,Tranco-TopDomains,2026-09-30
https://api.linkedin.com/features/security-whitepaper?q=machine+learning,0,Tranco-TopDomains,2026-09-30
https://app.reuters.com/features/security-whitepaper,0,Tranco-TopDomains,2026-09-30
https://netflix.com/search,0,Tranco-TopDomains,2026-09-30
https://api.apple.com/legal/privacy-policy?category=engineering,0,Tranco-TopDomains,2026-09-30
https://docs.bbc.co.uk/about?category=engineering,0,Tranco-TopDomains,2026-09-30
https://app.mit.edu/blog/post-102?lang=en,0,Tranco-TopDomains,2026-09-30
https://www.wsj.com/?page=2&sort=recent,0,Tranco-TopDomains,2026-09-30
https://support.harvard.edu/blog/post-102,0,Tranco-TopDomains,2026-09-30
https://app.github.com/pricing,0,Tranco-TopDomains,2026-09-30
http://linkedin.com/download/release-v2.0?q=machine+learning,0,Tranco-TopDomains,2026-09-30
https://stripe.com/blog/post-102?lang=en,0,Tranco-TopDomains,2026-09-30
http://adobe.com/documentation/getting-started?q=machine+learning,0,Tranco-TopDomains,2026-09-30
https://www.adobe.com/about?lang=en,0,Tranco-TopDomains,2026-09-30
https://app.docker.com/download/release-v2.0?page=2&sort=recent,0,Tranco-TopDomains,2026-09-30
https://blog.reddit.com?page=2&sort=recent,0,Tranco-TopDomains,2026-09-30
https://developer.spotify.com/search?view=grid&filter=active,0,Tranco-TopDomains,2026-09-30
https://www.quora.com/articles/2026/technology?category=engineering,0,Tranco-TopDomains,2026-09-30
https://app.github.com/about?view=grid&filter=active,0,Tranco-TopDomains,2026-09-30
https://spotify.com/projects/open-source?id=108274,0,Tranco-TopDomains,2026-09-30
http://api.salesforce.com/features/security-whitepaper?view=grid&filter=active,0,Tranco-TopDomains,2026-09-30
https://app.nytimes.com/help/faq?category=engineering,0,Tranco-TopDomains,2026-09-30
https://docs.microsoft.com/press/announcements?q=machine+learning,0,Tranco-TopDomains,2026-09-30
https://wsj.com/pricing,0,Tranco-TopDomains,2026-09-30
https://www.harvard.edu/explore?lang=en,0,Tranco-TopDomains,2026-09-30
https://support.nytimes.com/download/release-v2.0?page=2&sort=recent,0,Tranco-TopDomains,2026-09-30
https://app.stripe.com/blog/post-102?page=2&sort=recent,0,Tranco-TopDomains,2026-09-30
https://api.cloudflare.com/pricing?q=machine+learning,0,Tranco-TopDomains,2026-09-30
https://developer.quora.com/legal/privacy-policy?view=grid&filter=active,0,Tranco-TopDomains,2026-09-30
https://support.bbc.co.uk/legal/privacy-policy,0,Tranco-TopDomains,2026-09-30
https://developer.dropbox.com/articles/2026/technology,0,Tranco-TopDomains,2026-09-30
https://support.stripe.com/download/release-v2.0?q=machine+learning,0,Tranco-TopDomains,2026-09-30
https://nih.gov/about?category=engineering,0,Tranco-TopDomains,2026-09-30
https://app.adobe.com/documentation/getting-started,0,Tranco-TopDomains,2026-09-30
https://reddit.com/help/faq,0,Tranco-TopDomains,2026-09-30
https://blog.zoom.us/projects/open-source,0,Tranco-TopDomains,2026-09-30
https://cnn.com/press/announcements?q=machine+learning,0,Tranco-TopDomains,2026-09-30
https://salesforce.com?q=machine+learning,0,Tranco-TopDomains,2026-09-30
https://www.docker.com/features/security-whitepaper?q=machine+learning,0,Tranco-TopDomains,2026-09-30
https://blog.docker.com/explore?page=2&sort=recent,0,Tranco-TopDomains,2026-09-30
http://www.nytimes.com/features/security-whitepaper,0,Tranco-TopDomains,2026-09-30
https://support.github.com/press/announcements?category=engineering,0,Tranco-TopDomains,2026-09-30
https://docs.stripe.com/explore?id=108274,0,Tranco-TopDomains,2026-09-30
https://developer.gitlab.com/?lang=en,0,Tranco-TopDomains,2026-09-30
https://api.github.com/pricing?id=108274,0,Tranco-TopDomains,2026-09-30
https://support.gitlab.com/explore,0,Tranco-TopDomains,2026-09-30
https://app.medium.com/explore,0,Tranco-TopDomains,2026-09-30
https://dropbox.com/documentation/getting-started?view=grid&filter=active,0,Tranco-TopDomains,2026-09-30
https://api.cloudflare.com/about?view=grid&filter=active,0,Tranco-TopDomains,2026-09-30
https://www.quora.com/blog/post-102?page=2&sort=recent,0,Tranco-TopDomains,2026-09-30
https://api.gitlab.com/features/security-whitepaper?lang=en,0,Tranco-TopDomains,2026-09-30
https://github.com/search?id=108274,0,Tranco-TopDomains,2026-09-30
https://api.nih.gov/help/faq?lang=en,0,Tranco-TopDomains,2026-09-30
https://app.nytimes.com/legal/privacy-policy?view=grid&filter=active,0,Tranco-TopDomains,2026-09-30
https://salesforce.com/search,0,Tranco-TopDomains,2026-09-30
https://docs.zoom.us/documentation/getting-started,0,Tranco-TopDomains,2026-09-30
https://oracle.com?lang=en,0,Tranco-TopDomains,2026-09-30
https://blog.theguardian.com/pricing?view=grid&filter=active,0,Tranco-TopDomains,2026-09-30
https://api.nytimes.com/search?id=108274,0,Tranco-TopDomains,2026-09-30
https://support.netflix.com/press/announcements,0,Tranco-TopDomains,2026-09-30
http://reddit.com/press/announcements?category=engineering,0,Tranco-TopDomains,2026-09-30
https://api.wikipedia.org/documentation/getting-started?lang=en,0,Tranco-TopDomains,2026-09-30
https://docs.mozilla.org/explore?q=machine+learning,0,Tranco-TopDomains,2026-09-30
https://app.docker.com?id=108274,0,Tranco-TopDomains,2026-09-30
https://api.mit.edu/?category=engineering,0,Tranco-TopDomains,2026-09-30
https://blog.dropbox.com/about?lang=en,0,Tranco-TopDomains,2026-09-30
https://blog.wsj.com/about,0,Tranco-TopDomains,2026-09-30
https://www.reuters.com/documentation/getting-started?lang=en,0,Tranco-TopDomains,2026-09-30
https://www.bbc.co.uk/documentation/getting-started?view=grid&filter=active,0,Tranco-TopDomains,2026-09-30
https://blog.linkedin.com/blog/post-102,0,Tranco-TopDomains,2026-09-30
https://wikipedia.org/legal/privacy-policy,0,Tranco-TopDomains,2026-09-30
https://app.cnn.com/press/announcements?view=grid&filter=active,0,Tranco-TopDomains,2026-09-30
https://api.amazon.com/about?q=machine+learning,0,Tranco-TopDomains,2026-09-30
https://gitlab.com/press/announcements?q=machine+learning,0,Tranco-TopDomains,2026-09-30
https://app.harvard.edu/press/announcements?lang=en,0,Tranco-TopDomains,2026-09-30
https://digitalocean.com/features/security-whitepaper?q=machine+learning,0,Tranco-TopDomains,2026-09-30
https://docker.com/blog/post-102?category=engineering,0,Tranco-TopDomains,2026-09-30
https://quora.com/terms-of-service?id=108274,0,Tranco-TopDomains,2026-09-30
https://docs.salesforce.com/blog/post-102?id=108274,0,Tranco-TopDomains,2026-09-30
https://blog.linkedin.com/legal/privacy-policy?view=grid&filter=active,0,Tranco-TopDomains,2026-09-30
https://developer.bbc.co.uk?page=2&sort=recent,0,Tranco-TopDomains,2026-09-30
https://developer.theguardian.com/press/announcements,0,Tranco-TopDomains,2026-09-30
https://docs.digitalocean.com/explore?view=grid&filter=active,0,Tranco-TopDomains,2026-09-30
https://wsj.com/projects/open-source,0,Tranco-TopDomains,2026-09-30
https://docs.harvard.edu/legal/privacy-policy?page=2&sort=recent,0,Tranco-TopDomains,2026-09-30
https://reddit.com/legal/privacy-policy?q=machine+learning,0,Tranco-TopDomains,2026-09-30
https://api.mozilla.org/articles/2026/technology?q=machine+learning,0,Tranco-TopDomains,2026-09-30
https://nytimes.com/articles/2026/technology?page=2&sort=recent,0,Tranco-TopDomains,2026-09-30
https://app.reddit.com/download/release-v2.0?lang=en,0,Tranco-TopDomains,2026-09-30
https://developer.medium.com/legal/privacy-policy?page=2&sort=recent,0,Tranco-TopDomains,2026-09-30
https://api.dropbox.com/terms-of-service?view=grid&filter=active,0,Tranco-TopDomains,2026-09-30
https://support.slack.com?category=engineering,0,Tranco-TopDomains,2026-09-30
https://api.stripe.com/search?view=grid&filter=active,0,Tranco-TopDomains,2026-09-30
https://www.microsoft.com/projects/open-source?lang=en,0,Tranco-TopDomains,2026-09-30
https://netflix.com/terms-of-service?category=engineering,0,Tranco-TopDomains,2026-09-30
https://blog.adobe.com/projects/open-source?q=machine+learning,0,Tranco-TopDomains,2026-09-30
https://docs.gitlab.com/explore,0,Tranco-TopDomains,2026-09-30
https://developer.adobe.com/press/announcements,0,Tranco-TopDomains,2026-09-30
https://developer.zoom.us/documentation/getting-started?lang=en,0,Tranco-TopDomains,2026-09-30
https://zoom.us/explore,0,Tranco-TopDomains,2026-09-30
https://blog.linkedin.com/help/faq?view=grid&filter=active,0,Tranco-TopDomains,2026-09-30
https://developer.stackoverflow.com/search,0,Tranco-TopDomains,2026-09-30
https://stripe.com/search?lang=en,0,Tranco-TopDomains,2026-09-30
https://nature.com/features/security-whitepaper?q=machine+learning,0,Tranco-TopDomains,2026-09-30
https://docs.wsj.com/legal/privacy-policy,0,Tranco-TopDomains,2026-09-30
https://api.wikipedia.org/help/faq?view=grid&filter=active,0,Tranco-TopDomains,2026-09-30
https://harvard.edu/terms-of-service?view=grid&filter=active,0,Tranco-TopDomains,2026-09-30
https://api.netflix.com/projects/open-source?lang=en,0,Tranco-TopDomains,2026-09-30
https://microsoft.com/explore?category=engineering,0,Tranco-TopDomains,2026-09-30
https://quora.com/?id=108274,0,Tranco-TopDomains,2026-09-30
https://digitalocean.com/terms-of-service?id=108274,0,Tranco-TopDomains,2026-09-30
https://dropbox.com/about,0,Tranco-TopDomains,2026-09-30
https://blog.stackoverflow.com/articles/2026/technology?id=108274,0,Tranco-TopDomains,2026-09-30
https://app.apple.com/features/security-whitepaper?q=machine+learning,0,Tranco-TopDomains,2026-09-30
https://docs.digitalocean.com/features/security-whitepaper?view=grid&filter=active,0,Tranco-TopDomains,2026-09-30
https://api.mozilla.org/about,0,Tranco-TopDomains,2026-09-30
https://developer.dropbox.com/download/release-v2.0,0,Tranco-TopDomains,2026-09-30
http://salesforce.com/pricing,0,Tranco-TopDomains,2026-09-30
https://support.adobe.com/search?lang=en,0,Tranco-TopDomains,2026-09-30
https://blog.adobe.com/features/security-whitepaper?q=machine+learning,0,Tranco-TopDomains,2026-09-30
https://app.spotify.com/search?q=machine+learning,0,Tranco-TopDomains,2026-09-30
http://docs.harvard.edu/articles/2026/technology,0,Tranco-TopDomains,2026-09-30
https://github.com/help/faq,0,Tranco-TopDomains,2026-09-30
https://www.adobe.com/projects/open-source?q=machine+learning,0,Tranco-TopDomains,2026-09-30
https://docs.digitalocean.com/documentation/getting-started?q=machine+learning,0,Tranco-TopDomains,2026-09-30
https://microsoft.com/features/security-whitepaper,0,Tranco-TopDomains,2026-09-30
https://zoom.us/features/security-whitepaper?q=machine+learning,0,Tranco-TopDomains,2026-09-30
https://developer.gitlab.com/pricing?q=machine+learning,0,Tranco-TopDomains,2026-09-30
https://app.zoom.us/explore,0,Tranco-TopDomains,2026-09-30
https://app.theguardian.com/explore,0,Tranco-TopDomains,2026-09-30
https://developer.stackoverflow.com/help/faq?page=2&sort=recent,0,Tranco-TopDomains,2026-09-30
https://harvard.edu/help/faq?view=grid&filter=active,0,Tranco-TopDomains,2026-09-30
https://developer.stackoverflow.com,0,Tranco-TopDomains,2026-09-30
https://support.stripe.com/explore?page=2&sort=recent,0,Tranco-TopDomains,2026-09-30
https://oracle.com/download/release-v2.0?lang=en,0,Tranco-TopDomains,2026-09-30
https://support.apple.com/press/announcements,0,Tranco-TopDomains,2026-09-30
https://api.linkedin.com/,0,Tranco-TopDomains,2026-09-30
https://app.bbc.co.uk,0,Tranco-TopDomains,2026-09-30
https://developer.python.org/,0,Tranco-TopDomains,2026-09-30
https://docs.harvard.edu/help/faq?category=engineering,0,Tranco-TopDomains,2026-09-30
https://stripe.com/articles/2026/technology?id=108274,0,Tranco-TopDomains,2026-09-30
http://api.bbc.co.uk/explore,0,Tranco-TopDomains,2026-09-30
https://docs.harvard.edu/pricing?page=2&sort=recent,0,Tranco-TopDomains,2026-09-30
https://app.medium.com/terms-of-service,0,Tranco-TopDomains,2026-09-30
https://dropbox.com/press/announcements,0,Tranco-TopDomains,2026-09-30
https://support.mozilla.org/?id=108274,0,Tranco-TopDomains,2026-09-30
http://reuters.com/articles/2026/technology,0,Tranco-TopDomains,2026-09-30
https://nih.gov/download/release-v2.0,0,Tranco-TopDomains,2026-09-30
https://developer.reddit.com/download/release-v2.0?id=108274,0,Tranco-TopDomains,2026-09-30
https://docs.google.com/press/announcements?view=grid&filter=active,0,Tranco-TopDomains,2026-09-30
https://medium.com/terms-of-service?id=108274,0,Tranco-TopDomains,2026-09-30
https://developer.cloudflare.com/press/announcements?q=machine+learning,0,Tranco-TopDomains,2026-09-30
https://theguardian.com/search?q=machine+learning,0,Tranco-TopDomains,2026-09-30
https://support.cloudflare.com/legal/privacy-policy,0,Tranco-TopDomains,2026-09-30
https://medium.com/legal/privacy-policy?page=2&sort=recent,0,Tranco-TopDomains,2026-09-30
https://app.docker.com/blog/post-102,0,Tranco-TopDomains,2026-09-30
https://netflix.com/?category=engineering,0,Tranco-TopDomains,2026-09-30
https://mit.edu,0,Tranco-TopDomains,2026-09-30
http://cnn.com/pricing?page=2&sort=recent,0,Tranco-TopDomains,2026-09-30
https://developer.reddit.com/help/faq?q=machine+learning,0,Tranco-TopDomains,2026-09-30
https://developer.slack.com/projects/open-source?view=grid&filter=active,0,Tranco-TopDomains,2026-09-30
https://developer.wsj.com/explore?lang=en,0,Tranco-TopDomains,2026-09-30
https://api.theguardian.com/terms-of-service,0,Tranco-TopDomains,2026-09-30
https://blog.quora.com/features/security-whitepaper,0,Tranco-TopDomains,2026-09-30
https://blog.dropbox.com/blog/post-102,0,Tranco-TopDomains,2026-09-30
https://digitalocean.com/search,0,Tranco-TopDomains,2026-09-30
https://docker.com/explore?id=108274,0,Tranco-TopDomains,2026-09-30
https://api.python.org/legal/privacy-policy?view=grid&filter=active,0,Tranco-TopDomains,2026-09-30
https://blog.apple.com/articles/2026/technology?category=engineering,0,Tranco-TopDomains,2026-09-30
https://www.theguardian.com/search?q=machine+learning,0,Tranco-TopDomains,2026-09-30
https://api.mit.edu/search?id=108274,0,Tranco-TopDomains,2026-09-30
https://api.wsj.com/documentation/getting-started?id=108274,0,Tranco-TopDomains,2026-09-30
https://nytimes.com/articles/2026/technology?q=machine+learning,0,Tranco-TopDomains,2026-09-30
https://blog.mozilla.org/download/release-v2.0?q=machine+learning,0,Tranco-TopDomains,2026-09-30
https://docs.slack.com/pricing?id=108274,0,Tranco-TopDomains,2026-09-30
https://developer.reddit.com/terms-of-service,0,Tranco-TopDomains,2026-09-30
https://oracle.com/about?lang=en,0,Tranco-TopDomains,2026-09-30
https://www.oracle.com/about,0,Tranco-TopDomains,2026-09-30
https://python.org/press/announcements,0,Tranco-TopDomains,2026-09-30
https://support.cnn.com/articles/2026/technology?category=engineering,0,Tranco-TopDomains,2026-09-30
https://www.mit.edu/help/faq,0,Tranco-TopDomains,2026-09-30
https://linkedin.com/pricing,0,Tranco-TopDomains,2026-09-30
https://www.mozilla.org/features/security-whitepaper,0,Tranco-TopDomains,2026-09-30
https://adobe.com/explore?id=108274,0,Tranco-TopDomains,2026-09-30
https://app.cloudflare.com/press/announcements?q=machine+learning,0,Tranco-TopDomains,2026-09-30
https://oracle.com/features/security-whitepaper,0,Tranco-TopDomains,2026-09-30
https://docs.dropbox.com/?category=engineering,0,Tranco-TopDomains,2026-09-30
https://medium.com/features/security-whitepaper?category=engineering,0,Tranco-TopDomains,2026-09-30
https://docs.quora.com/documentation/getting-started?id=108274,0,Tranco-TopDomains,2026-09-30
https://www.netflix.com/press/announcements?category=engineering,0,Tranco-TopDomains,2026-09-30
https://docs.cloudflare.com/blog/post-102?lang=en,0,Tranco-TopDomains,2026-09-30
https://support.dropbox.com/blog/post-102?page=2&sort=recent,0,Tranco-TopDomains,2026-09-30
https://developer.cloudflare.com/documentation/getting-started?view=grid&filter=active,0,Tranco-TopDomains,2026-09-30
https://docs.digitalocean.com/explore?view=grid&filter=active,0,Tranco-TopDomains,2026-09-30
https://app.zoom.us/pricing,0,Tranco-TopDomains,2026-09-30
https://app.cloudflare.com/explore,0,Tranco-TopDomains,2026-09-30
https://api.cnn.com/download/release-v2.0?category=engineering,0,Tranco-TopDomains,2026-09-30
https://api.github.com/features/security-whitepaper?view=grid&filter=active,0,Tranco-TopDomains,2026-09-30
https://reuters.com/pricing?category=engineering,0,Tranco-TopDomains,2026-09-30
https://www.microsoft.com/articles/2026/technology,0,Tranco-TopDomains,2026-09-30
https://dropbox.com/legal/privacy-policy?category=engineering,0,Tranco-TopDomains,2026-09-30
https://docs.docker.com/help/faq?page=2&sort=recent,0,Tranco-TopDomains,2026-09-30
https://docs.cnn.com/features/security-whitepaper,0,Tranco-TopDomains,2026-09-30
https://medium.com/projects/open-source?id=108274,0,Tranco-TopDomains,2026-09-30
https://api.nature.com/pricing?page=2&sort=recent,0,Tranco-TopDomains,2026-09-30
https://developer.bbc.co.uk/about?page=2&sort=recent,0,Tranco-TopDomains,2026-09-30
https://www.wsj.com/terms-of-service?lang=en,0,Tranco-TopDomains,2026-09-30
https://support.apple.com/terms-of-service?view=grid&filter=active,0,Tranco-TopDomains,2026-09-30
https://www.zoom.us/blog/post-102?view=grid&filter=active,0,Tranco-TopDomains,2026-09-30
https://api.gitlab.com/articles/2026/technology,0,Tranco-TopDomains,2026-09-30
https://www.stackoverflow.com/legal/privacy-policy?id=108274,0,Tranco-TopDomains,2026-09-30
https://docs.nature.com/articles/2026/technology?category=engineering,0,Tranco-TopDomains,2026-09-30
https://www.wikipedia.org/about,0,Tranco-TopDomains,2026-09-30
https://docs.slack.com/search?page=2&sort=recent,0,Tranco-TopDomains,2026-09-30
https://slack.com/pricing,0,Tranco-TopDomains,2026-09-30
https://app.salesforce.com/about?page=2&sort=recent,0,Tranco-TopDomains,2026-09-30
https://gitlab.com/documentation/getting-started?id=108274,0,Tranco-TopDomains,2026-09-30
https://linkedin.com/press/announcements?q=machine+learning,0,Tranco-TopDomains,2026-09-30
https://www.nih.gov/documentation/getting-started?view=grid&filter=active,0,Tranco-TopDomains,2026-09-30
https://harvard.edu?lang=en,0,Tranco-TopDomains,2026-09-30
https://app.microsoft.com/press/announcements?view=grid&filter=active,0,Tranco-TopDomains,2026-09-30
https://app.nature.com/projects/open-source?category=engineering,0,Tranco-TopDomains,2026-09-30
https://app.reuters.com/pricing?category=engineering,0,Tranco-TopDomains,2026-09-30
https://docs.netflix.com/download/release-v2.0?page=2&sort=recent,0,Tranco-TopDomains,2026-09-30
https://api.cnn.com/help/faq,0,Tranco-TopDomains,2026-09-30
https://api.python.org/documentation/getting-started?id=108274,0,Tranco-TopDomains,2026-09-30
https://blog.cloudflare.com/press/announcements?id=108274,0,Tranco-TopDomains,2026-09-30
https://api.nih.gov/documentation/getting-started?view=grid&filter=active,0,Tranco-TopDomains,2026-09-30
https://developer.amazon.com/features/security-whitepaper?view=grid&filter=active,0,Tranco-TopDomains,2026-09-30
https://wikipedia.org?id=108274,0,Tranco-TopDomains,2026-09-30
https://api.amazon.com/press/announcements,0,Tranco-TopDomains,2026-09-30
https://spotify.com/blog/post-102?lang=en,0,Tranco-TopDomains,2026-09-30
https://app.microsoft.com/press/announcements?category=engineering,0,Tranco-TopDomains,2026-09-30
https://support.python.org/projects/open-source?view=grid&filter=active,0,Tranco-TopDomains,2026-09-30
https://api.oracle.com/documentation/getting-started?id=108274,0,Tranco-TopDomains,2026-09-30
https://blog.mozilla.org/terms-of-service,0,Tranco-TopDomains,2026-09-30
https://api.amazon.com/explore,0,Tranco-TopDomains,2026-09-30
https://support.reuters.com/articles/2026/technology?q=machine+learning,0,Tranco-TopDomains,2026-09-30
https://bbc.co.uk?view=grid&filter=active,0,Tranco-TopDomains,2026-09-30
https://dropbox.com/explore?category=engineering,0,Tranco-TopDomains,2026-09-30
https://support.zoom.us/pricing?view=grid&filter=active,0,Tranco-TopDomains,2026-09-30
https://dropbox.com/explore?lang=en,0,Tranco-TopDomains,2026-09-30
https://docs.digitalocean.com/press/announcements,0,Tranco-TopDomains,2026-09-30
https://www.slack.com/documentation/getting-started?page=2&sort=recent,0,Tranco-TopDomains,2026-09-30
https://api.apple.com/features/security-whitepaper,0,Tranco-TopDomains,2026-09-30
https://app.microsoft.com/?id=108274,0,Tranco-TopDomains,2026-09-30
https://netflix.com/articles/2026/technology,0,Tranco-TopDomains,2026-09-30
https://reuters.com?page=2&sort=recent,0,Tranco-TopDomains,2026-09-30
https://app.microsoft.com/help/faq,0,Tranco-TopDomains,2026-09-30
https://app.mit.edu/press/announcements,0,Tranco-TopDomains,2026-09-30
https://spotify.com/search?page=2&sort=recent,0,Tranco-TopDomains,2026-09-30
http://gitlab.com/search?view=grid&filter=active,0,Tranco-TopDomains,2026-09-30
https://blog.github.com/explore?lang=en,0,Tranco-TopDomains,2026-09-30
https://api.cloudflare.com/articles/2026/technology?id=108274,0,Tranco-TopDomains,2026-09-30
https://developer.cloudflare.com/projects/open-source,0,Tranco-TopDomains,2026-09-30
https://developer.dropbox.com/pricing?view=grid&filter=active,0,Tranco-TopDomains,2026-09-30
https://nature.com/terms-of-service?q=machine+learning,0,Tranco-TopDomains,2026-09-30
http://developer.cnn.com/projects/open-source?category=engineering,0,Tranco-TopDomains,2026-09-30
https://developer.amazon.com/explore?id=108274,0,Tranco-TopDomains,2026-09-30
https://blog.adobe.com/pricing?id=108274,0,Tranco-TopDomains,2026-09-30
https://api.salesforce.com/search?view=grid&filter=active,0,Tranco-TopDomains,2026-09-30
https://support.salesforce.com/pricing?category=engineering,0,Tranco-TopDomains,2026-09-30
https://quora.com/press/announcements,0,Tranco-TopDomains,2026-09-30
https://app.reddit.com/pricing?lang=en,0,Tranco-TopDomains,2026-09-30
https://salesforce.com/?q=machine+learning,0,Tranco-TopDomains,2026-09-30
https://app.oracle.com/articles/2026/technology?page=2&sort=recent,0,Tranco-TopDomains,2026-09-30
https://wsj.com/?lang=en,0,Tranco-TopDomains,2026-09-30
https://blog.spotify.com/?category=engineering,0,Tranco-TopDomains,2026-09-30
https://reuters.com/help/faq,0,Tranco-TopDomains,2026-09-30
https://developer.cloudflare.com/articles/2026/technology?q=machine+learning,0,Tranco-TopDomains,2026-09-30
https://www.wikipedia.org/press/announcements?q=machine+learning,0,Tranco-TopDomains,2026-09-30
https://google.com/pricing?q=machine+learning,0,Tranco-TopDomains,2026-09-30
https://docs.stackoverflow.com?q=machine+learning,0,Tranco-TopDomains,2026-09-30
https://dropbox.com/pricing?q=machine+learning,0,Tranco-TopDomains,2026-09-30
https://slack.com/search,0,Tranco-TopDomains,2026-09-30
https://support.medium.com/legal/privacy-policy?q=machine+learning,0,Tranco-TopDomains,2026-09-30
https://support.linkedin.com?category=engineering,0,Tranco-TopDomains,2026-09-30
https://docs.zoom.us/projects/open-source?view=grid&filter=active,0,Tranco-TopDomains,2026-09-30
https://support.google.com/?view=grid&filter=active,0,Tranco-TopDomains,2026-09-30
https://nih.gov/explore,0,Tranco-TopDomains,2026-09-30
https://quora.com/articles/2026/technology?id=108274,0,Tranco-TopDomains,2026-09-30
https://support.medium.com/legal/privacy-policy?id=108274,0,Tranco-TopDomains,2026-09-30
https://medium.com/explore?category=engineering,0,Tranco-TopDomains,2026-09-30
https://mit.edu/press/announcements?q=machine+learning,0,Tranco-TopDomains,2026-09-30
https://developer.github.com/press/announcements,0,Tranco-TopDomains,2026-09-30
https://support.github.com/articles/2026/technology,0,Tranco-TopDomains,2026-09-30
https://www.wikipedia.org/download/release-v2.0?page=2&sort=recent,0,Tranco-TopDomains,2026-09-30
https://developer.mozilla.org/?id=108274,0,Tranco-TopDomains,2026-09-30
https://www.mit.edu/terms-of-service,0,Tranco-TopDomains,2026-09-30
https://api.mozilla.org/blog/post-102,0,Tranco-TopDomains,2026-09-30
https://mit.edu/pricing?category=engineering,0,Tranco-TopDomains,2026-09-30
https://blog.salesforce.com/about?q=machine+learning,0,Tranco-TopDomains,2026-09-30
https://api.mit.edu/features/security-whitepaper,0,Tranco-TopDomains,2026-09-30
https://www.wikipedia.org/legal/privacy-policy?id=108274,0,Tranco-TopDomains,2026-09-30
https://api.nature.com/,0,Tranco-TopDomains,2026-09-30
https://blog.stripe.com,0,Tranco-TopDomains,2026-09-30
https://api.adobe.com/,0,Tranco-TopDomains,2026-09-30
https://nih.gov/pricing,0,Tranco-TopDomains,2026-09-30
https://app.zoom.us/explore?q=machine+learning,0,Tranco-TopDomains,2026-09-30
https://app.github.com/about,0,Tranco-TopDomains,2026-09-30
https://app.reddit.com/pricing?lang=en,0,Tranco-TopDomains,2026-09-30
https://developer.zoom.us/documentation/getting-started?view=grid&filter=active,0,Tranco-TopDomains,2026-09-30
https://developer.spotify.com/press/announcements,0,Tranco-TopDomains,2026-09-30
https://www.netflix.com/search?lang=en,0,Tranco-TopDomains,2026-09-30
https://support.bbc.co.uk/blog/post-102,0,Tranco-TopDomains,2026-09-30
http://support.microsoft.com/legal/privacy-policy,0,Tranco-TopDomains,2026-09-30
https://blog.stripe.com/documentation/getting-started?category=engineering,0,Tranco-TopDomains,2026-09-30
https://www.spotify.com/pricing?category=engineering,0,Tranco-TopDomains,2026-09-30
https://developer.docker.com/features/security-whitepaper?category=engineering,0,Tranco-TopDomains,2026-09-30
https://api.dropbox.com/pricing,0,Tranco-TopDomains,2026-09-30
https://www.harvard.edu/projects/open-source?q=machine+learning,0,Tranco-TopDomains,2026-09-30
https://developer.netflix.com/download/release-v2.0?page=2&sort=recent,0,Tranco-TopDomains,2026-09-30
https://support.harvard.edu/search?view=grid&filter=active,0,Tranco-TopDomains,2026-09-30
https://docs.gitlab.com/download/release-v2.0,0,Tranco-TopDomains,2026-09-30
https://blog.dropbox.com/articles/2026/technology?category=engineering,0,Tranco-TopDomains,2026-09-30
https://digitalocean.com/features/security-whitepaper,0,Tranco-TopDomains,2026-09-30
https://app.zoom.us/articles/2026/technology?lang=en,0,Tranco-TopDomains,2026-09-30
https://support.mozilla.org/projects/open-source,0,Tranco-TopDomains,2026-09-30
https://www.docker.com/search?view=grid&filter=active,0,Tranco-TopDomains,2026-09-30
https://reuters.com/explore,0,Tranco-TopDomains,2026-09-30
https://google.com/terms-of-service,0,Tranco-TopDomains,2026-09-30
https://www.spotify.com/search?q=machine+learning,0,Tranco-TopDomains,2026-09-30
https://api.wikipedia.org/terms-of-service?view=grid&filter=active,0,Tranco-TopDomains,2026-09-30
https://docs.bbc.co.uk/legal/privacy-policy,0,Tranco-TopDomains,2026-09-30
https://nytimes.com/articles/2026/technology?category=engineering,0,Tranco-TopDomains,2026-09-30
https://stripe.com/press/announcements?lang=en,0,Tranco-TopDomains,2026-09-30
https://cnn.com/search?view=grid&filter=active,0,Tranco-TopDomains,2026-09-30
https://github.com/pricing?view=grid&filter=active,0,Tranco-TopDomains,2026-09-30
https://nytimes.com/help/faq?view=grid&filter=active,0,Tranco-TopDomains,2026-09-30
https://developer.bbc.co.uk?view=grid&filter=active,0,Tranco-TopDomains,2026-09-30
https://api.spotify.com/about?page=2&sort=recent,0,Tranco-TopDomains,2026-09-30
https://app.python.org/legal/privacy-policy?category=engineering,0,Tranco-TopDomains,2026-09-30
https://www.stackoverflow.com/terms-of-service?lang=en,0,Tranco-TopDomains,2026-09-30
https://api.apple.com/press/announcements,0,Tranco-TopDomains,2026-09-30
https://stripe.com/help/faq?lang=en,0,Tranco-TopDomains,2026-09-30
https://blog.linkedin.com?view=grid&filter=active,0,Tranco-TopDomains,2026-09-30
https://nytimes.com/documentation/getting-started?lang=en,0,Tranco-TopDomains,2026-09-30
https://api.digitalocean.com/?lang=en,0,Tranco-TopDomains,2026-09-30
http://docker.com/terms-of-service?id=108274,0,Tranco-TopDomains,2026-09-30
https://app.google.com?lang=en,0,Tranco-TopDomains,2026-09-30
https://support.reddit.com/pricing,0,Tranco-TopDomains,2026-09-30
https://support.linkedin.com/terms-of-service?page=2&sort=recent,0,Tranco-TopDomains,2026-09-30
https://support.digitalocean.com/terms-of-service,0,Tranco-TopDomains,2026-09-30
https://blog.medium.com/projects/open-source?view=grid&filter=active,0,Tranco-TopDomains,2026-09-30
https://developer.apple.com/about?page=2&sort=recent,0,Tranco-TopDomains,2026-09-30
https://stackoverflow.com/search,0,Tranco-TopDomains,2026-09-30
https://api.bbc.co.uk/about,0,Tranco-TopDomains,2026-09-30
https://cnn.com/about,0,Tranco-TopDomains,2026-09-30
https://app.dropbox.com/about,0,Tranco-TopDomains,2026-09-30
https://api.docker.com/explore,0,Tranco-TopDomains,2026-09-30
https://www.python.org/about,0,Tranco-TopDomains,2026-09-30
https://apple.com/download/release-v2.0?q=machine+learning,0,Tranco-TopDomains,2026-09-30
https://support.apple.com/terms-of-service?id=108274,0,Tranco-TopDomains,2026-09-30
https://developer.mit.edu/articles/2026/technology?view=grid&filter=active,0,Tranco-TopDomains,2026-09-30
http://developer.amazon.com/articles/2026/technology?id=108274,0,Tranco-TopDomains,2026-09-30
https://www.bbc.co.uk/blog/post-102,0,Tranco-TopDomains,2026-09-30
https://mit.edu/about?q=machine+learning,0,Tranco-TopDomains,2026-09-30
https://www.adobe.com/articles/2026/technology?category=engineering,0,Tranco-TopDomains,2026-09-30
https://app.salesforce.com/download/release-v2.0?id=108274,0,Tranco-TopDomains,2026-09-30
https://support.harvard.edu/blog/post-102?page=2&sort=recent,0,Tranco-TopDomains,2026-09-30
https://reuters.com/blog/post-102?lang=en,0,Tranco-TopDomains,2026-09-30
https://wikipedia.org/about?view=grid&filter=active,0,Tranco-TopDomains,2026-09-30
https://app.amazon.com/download/release-v2.0,0,Tranco-TopDomains,2026-09-30
https://gitlab.com/about?page=2&sort=recent,0,Tranco-TopDomains,2026-09-30
https://app.netflix.com/about?lang=en,0,Tranco-TopDomains,2026-09-30
https://developer.adobe.com/help/faq?view=grid&filter=active,0,Tranco-TopDomains,2026-09-30
https://developer.oracle.com/terms-of-service?id=108274,0,Tranco-TopDomains,2026-09-30
https://www.mit.edu/articles/2026/technology,0,Tranco-TopDomains,2026-09-30
https://developer.stripe.com/features/security-whitepaper?page=2&sort=recent,0,Tranco-TopDomains,2026-09-30
https://developer.slack.com/features/security-whitepaper?view=grid&filter=active,0,Tranco-TopDomains,2026-09-30
https://support.zoom.us,0,Tranco-TopDomains,2026-09-30
http://zoom.us/pricing?page=2&sort=recent,0,Tranco-TopDomains,2026-09-30
https://bbc.co.uk/articles/2026/technology?q=machine+learning,0,Tranco-TopDomains,2026-09-30
https://developer.slack.com/search?lang=en,0,Tranco-TopDomains,2026-09-30
https://developer.microsoft.com/pricing,0,Tranco-TopDomains,2026-09-30
https://docs.nature.com/documentation/getting-started?q=machine+learning,0,Tranco-TopDomains,2026-09-30
https://support.quora.com/download/release-v2.0,0,Tranco-TopDomains,2026-09-30
https://api.amazon.com/explore,0,Tranco-TopDomains,2026-09-30
https://app.reddit.com/legal/privacy-policy,0,Tranco-TopDomains,2026-09-30
http://www.quora.com/download/release-v2.0?view=grid&filter=active,0,Tranco-TopDomains,2026-09-30
https://oracle.com/terms-of-service?lang=en,0,Tranco-TopDomains,2026-09-30
https://app.digitalocean.com/explore,0,Tranco-TopDomains,2026-09-30
https://api.dropbox.com/search?page=2&sort=recent,0,Tranco-TopDomains,2026-09-30
https://reddit.com?view=grid&filter=active,0,Tranco-TopDomains,2026-09-30
https://www.cnn.com/terms-of-service?q=machine+learning,0,Tranco-TopDomains,2026-09-30
https://developer.adobe.com/blog/post-102?id=108274,0,Tranco-TopDomains,2026-09-30
https://www.dropbox.com/search?page=2&sort=recent,0,Tranco-TopDomains,2026-09-30
https://app.nih.gov/documentation/getting-started?q=machine+learning,0,Tranco-TopDomains,2026-09-30
https://reddit.com/terms-of-service?id=108274,0,Tranco-TopDomains,2026-09-30
https://zoom.us/terms-of-service,0,Tranco-TopDomains,2026-09-30
https://app.docker.com/blog/post-102,0,Tranco-TopDomains,2026-09-30
https://docs.mit.edu/search?page=2&sort=recent,0,Tranco-TopDomains,2026-09-30
https://developer.amazon.com/documentation/getting-started?q=machine+learning,0,Tranco-TopDomains,2026-09-30
https://api.adobe.com/press/announcements?id=108274,0,Tranco-TopDomains,2026-09-30
https://api.linkedin.com/press/announcements?page=2&sort=recent,0,Tranco-TopDomains,2026-09-30
https://www.wsj.com/projects/open-source,0,Tranco-TopDomains,2026-09-30
https://www.amazon.com/legal/privacy-policy?q=machine+learning,0,Tranco-TopDomains,2026-09-30
https://digitalocean.com/legal/privacy-policy?lang=en,0,Tranco-TopDomains,2026-09-30
https://salesforce.com?category=engineering,0,Tranco-TopDomains,2026-09-30
https://docker.com/features/security-whitepaper?category=engineering,0,Tranco-TopDomains,2026-09-30
https://api.gitlab.com/explore?lang=en,0,Tranco-TopDomains,2026-09-30
https://app.mit.edu/features/security-whitepaper?lang=en,0,Tranco-TopDomains,2026-09-30
https://api.python.org,0,Tranco-TopDomains,2026-09-30
https://blog.adobe.com/press/announcements?page=2&sort=recent,0,Tranco-TopDomains,2026-09-30
https://blog.zoom.us?category=engineering,0,Tranco-TopDomains,2026-09-30
https://slack.com/terms-of-service,0,Tranco-TopDomains,2026-09-30
https://app.adobe.com/?id=108274,0,Tranco-TopDomains,2026-09-30
https://developer.python.org/about,0,Tranco-TopDomains,2026-09-30
https://blog.cloudflare.com/articles/2026/technology?q=machine+learning,0,Tranco-TopDomains,2026-09-30
https://api.netflix.com/terms-of-service,0,Tranco-TopDomains,2026-09-30
https://developer.wikipedia.org/pricing?id=108274,0,Tranco-TopDomains,2026-09-30
https://support.stripe.com/search?id=108274,0,Tranco-TopDomains,2026-09-30
https://developer.harvard.edu/articles/2026/technology,0,Tranco-TopDomains,2026-09-30
https://www.medium.com/documentation/getting-started,0,Tranco-TopDomains,2026-09-30
https://nature.com/?q=machine+learning,0,Tranco-TopDomains,2026-09-30
https://www.github.com/documentation/getting-started,0,Tranco-TopDomains,2026-09-30
https://blog.python.org/terms-of-service?page=2&sort=recent,0,Tranco-TopDomains,2026-09-30
http://slack.com/legal/privacy-policy?view=grid&filter=active,0,Tranco-TopDomains,2026-09-30
https://blog.stripe.com/about,0,Tranco-TopDomains,2026-09-30
http://www.github.com/documentation/getting-started?view=grid&filter=active,0,Tranco-TopDomains,2026-09-30
https://app.apple.com/help/faq?id=108274,0,Tranco-TopDomains,2026-09-30
https://support.nytimes.com/projects/open-source,0,Tranco-TopDomains,2026-09-30
https://docs.salesforce.com/help/faq?id=108274,0,Tranco-TopDomains,2026-09-30
https://app.mit.edu/blog/post-102?page=2&sort=recent,0,Tranco-TopDomains,2026-09-30
https://support.medium.com/explore?lang=en,0,Tranco-TopDomains,2026-09-30
https://app.gitlab.com/pricing?q=machine+learning,0,Tranco-TopDomains,2026-09-30
https://support.github.com/explore?q=machine+learning,0,Tranco-TopDomains,2026-09-30
https://www.oracle.com/legal/privacy-policy?page=2&sort=recent,0,Tranco-TopDomains,2026-09-30
https://app.nih.gov/blog/post-102?q=machine+learning,0,Tranco-TopDomains,2026-09-30
https://oracle.com/projects/open-source,0,Tranco-TopDomains,2026-09-30
https://developer.harvard.edu/pricing?page=2&sort=recent,0,Tranco-TopDomains,2026-09-30
https://app.slack.com/articles/2026/technology?view=grid&filter=active,0,Tranco-TopDomains,2026-09-30
https://www.salesforce.com/about,0,Tranco-TopDomains,2026-09-30
https://app.microsoft.com/,0,Tranco-TopDomains,2026-09-30
https://docs.google.com/features/security-whitepaper?category=engineering,0,Tranco-TopDomains,2026-09-30
https://nytimes.com/?page=2&sort=recent,0,Tranco-TopDomains,2026-09-30
https://support.mit.edu/help/faq,0,Tranco-TopDomains,2026-09-30
https://docs.microsoft.com/,0,Tranco-TopDomains,2026-09-30
https://developer.medium.com/projects/open-source,0,Tranco-TopDomains,2026-09-30
https://developer.microsoft.com/articles/2026/technology,0,Tranco-TopDomains,2026-09-30
http://developer.cnn.com/blog/post-102?lang=en,0,Tranco-TopDomains,2026-09-30
https://reddit.com/search?q=machine+learning,0,Tranco-TopDomains,2026-09-30
https://zoom.us/?view=grid&filter=active,0,Tranco-TopDomains,2026-09-30
https://support.docker.com/articles/2026/technology,0,Tranco-TopDomains,2026-09-30
https://github.com/blog/post-102?lang=en,0,Tranco-TopDomains,2026-09-30
https://docs.mit.edu?lang=en,0,Tranco-TopDomains,2026-09-30
https://www.mit.edu/features/security-whitepaper,0,Tranco-TopDomains,2026-09-30
https://app.github.com/download/release-v2.0?id=108274,0,Tranco-TopDomains,2026-09-30
https://www.quora.com/?lang=en,0,Tranco-TopDomains,2026-09-30
https://developer.netflix.com/press/announcements?id=108274,0,Tranco-TopDomains,2026-09-30
https://blog.netflix.com/search?page=2&sort=recent,0,Tranco-TopDomains,2026-09-30
https://support.spotify.com/articles/2026/technology?category=engineering,0,Tranco-TopDomains,2026-09-30
https://docs.spotify.com/search?view=grid&filter=active,0,Tranco-TopDomains,2026-09-30
https://api.stripe.com/download/release-v2.0,0,Tranco-TopDomains,2026-09-30
https://api.python.org/help/faq?view=grid&filter=active,0,Tranco-TopDomains,2026-09-30
https://wsj.com/?page=2&sort=recent,0,Tranco-TopDomains,2026-09-30
https://app.mozilla.org/terms-of-service?id=108274,0,Tranco-TopDomains,2026-09-30
https://app.nytimes.com/search?q=machine+learning,0,Tranco-TopDomains,2026-09-30
https://slack.com/download/release-v2.0,0,Tranco-TopDomains,2026-09-30
https://wsj.com/explore,0,Tranco-TopDomains,2026-09-30
https://nature.com/documentation/getting-started?page=2&sort=recent,0,Tranco-TopDomains,2026-09-30
https://api.adobe.com/pricing?id=108274,0,Tranco-TopDomains,2026-09-30
https://www.slack.com/help/faq?category=engineering,0,Tranco-TopDomains,2026-09-30
https://www.cloudflare.com/features/security-whitepaper,0,Tranco-TopDomains,2026-09-30
https://mit.edu/explore?view=grid&filter=active,0,Tranco-TopDomains,2026-09-30
https://docs.wikipedia.org/documentation/getting-started?category=engineering,0,Tranco-TopDomains,2026-09-30
http://blog.harvard.edu/explore?q=machine+learning,0,Tranco-TopDomains,2026-09-30
https://docs.microsoft.com/explore?q=machine+learning,0,Tranco-TopDomains,2026-09-30
https://wikipedia.org/blog/post-102?view=grid&filter=active,0,Tranco-TopDomains,2026-09-30
https://api.digitalocean.com/pricing,0,Tranco-TopDomains,2026-09-30
https://api.oracle.com/pricing?page=2&sort=recent,0,Tranco-TopDomains,2026-09-30
https://app.digitalocean.com/press/announcements,0,Tranco-TopDomains,2026-09-30
http://developer.github.com/terms-of-service?page=2&sort=recent,0,Tranco-TopDomains,2026-09-30
https://support.reddit.com/explore?category=engineering,0,Tranco-TopDomains,2026-09-30
http://developer.spotify.com?category=engineering,0,Tranco-TopDomains,2026-09-30
https://quora.com/press/announcements?lang=en,0,Tranco-TopDomains,2026-09-30
https://www.apple.com/explore?view=grid&filter=active,0,Tranco-TopDomains,2026-09-30
https://www.dropbox.com/press/announcements,0,Tranco-TopDomains,2026-09-30
https://developer.nature.com/projects/open-source?category=engineering,0,Tranco-TopDomains,2026-09-30
https://app.python.org?id=108274,0,Tranco-TopDomains,2026-09-30
https://theguardian.com/features/security-whitepaper?lang=en,0,Tranco-TopDomains,2026-09-30
https://blog.zoom.us/?lang=en,0,Tranco-TopDomains,2026-09-30
https://developer.reuters.com/articles/2026/technology?view=grid&filter=active,0,Tranco-TopDomains,2026-09-30
https://nytimes.com/legal/privacy-policy?page=2&sort=recent,0,Tranco-TopDomains,2026-09-30
https://mozilla.org/projects/open-source?view=grid&filter=active,0,Tranco-TopDomains,2026-09-30
http://support.google.com/articles/2026/technology?category=engineering,0,Tranco-TopDomains,2026-09-30
https://www.bbc.co.uk/terms-of-service?view=grid&filter=active,0,Tranco-TopDomains,2026-09-30
https://gitlab.com/explore,0,Tranco-TopDomains,2026-09-30
https://developer.microsoft.com/press/announcements?page=2&sort=recent,0,Tranco-TopDomains,2026-09-30
https://digitalocean.com/help/faq?id=108274,0,Tranco-TopDomains,2026-09-30
https://reddit.com/blog/post-102?category=engineering,0,Tranco-TopDomains,2026-09-30
https://digitalocean.com/about,0,Tranco-TopDomains,2026-09-30
https://developer.spotify.com/pricing?id=108274,0,Tranco-TopDomains,2026-09-30
https://python.org,0,Tranco-TopDomains,2026-09-30
https://www.bbc.co.uk/features/security-whitepaper?id=108274,0,Tranco-TopDomains,2026-09-30
https://developer.medium.com/about,0,Tranco-TopDomains,2026-09-30
https://blog.stackoverflow.com/?q=machine+learning,0,Tranco-TopDomains,2026-09-30
https://oracle.com/pricing,0,Tranco-TopDomains,2026-09-30
https://theguardian.com/explore?id=108274,0,Tranco-TopDomains,2026-09-30
https://reuters.com/legal/privacy-policy,0,Tranco-TopDomains,2026-09-30
https://developer.cnn.com/projects/open-source?q=machine+learning,0,Tranco-TopDomains,2026-09-30
https://developer.reddit.com/projects/open-source,0,Tranco-TopDomains,2026-09-30
https://blog.nature.com/about,0,Tranco-TopDomains,2026-09-30
https://theguardian.com/about?view=grid&filter=active,0,Tranco-TopDomains,2026-09-30
https://app.wikipedia.org/articles/2026/technology?q=machine+learning,0,Tranco-TopDomains,2026-09-30
https://api.stripe.com/documentation/getting-started?lang=en,0,Tranco-TopDomains,2026-09-30
http://digitalocean.com/terms-of-service?category=engineering,0,Tranco-TopDomains,2026-09-30
https://support.netflix.com/features/security-whitepaper?q=machine+learning,0,Tranco-TopDomains,2026-09-30
https://developer.python.org/download/release-v2.0,0,Tranco-TopDomains,2026-09-30
https://docs.reuters.com/press/announcements,0,Tranco-TopDomains,2026-09-30
https://support.microsoft.com/about?id=108274,0,Tranco-TopDomains,2026-09-30
https://mozilla.org/help/faq?lang=en,0,Tranco-TopDomains,2026-09-30
https://api.docker.com/legal/privacy-policy?id=108274,0,Tranco-TopDomains,2026-09-30
https://developer.oracle.com/press/announcements?category=engineering,0,Tranco-TopDomains,2026-09-30
https://app.nature.com/search?view=grid&filter=active,0,Tranco-TopDomains,2026-09-30
https://api.quora.com/about?lang=en,0,Tranco-TopDomains,2026-09-30
https://docs.linkedin.com/documentation/getting-started?page=2&sort=recent,0,Tranco-TopDomains,2026-09-30
https://www.adobe.com/projects/open-source?page=2&sort=recent,0,Tranco-TopDomains,2026-09-30
https://api.mit.edu/download/release-v2.0?lang=en,0,Tranco-TopDomains,2026-09-30
https://www.digitalocean.com/search?lang=en,0,Tranco-TopDomains,2026-09-30
https://blog.netflix.com/terms-of-service?q=machine+learning,0,Tranco-TopDomains,2026-09-30
https://reuters.com/explore?lang=en,0,Tranco-TopDomains,2026-09-30
https://app.harvard.edu/terms-of-service,0,Tranco-TopDomains,2026-09-30
https://api.quora.com/documentation/getting-started?category=engineering,0,Tranco-TopDomains,2026-09-30
https://app.linkedin.com/features/security-whitepaper?id=108274,0,Tranco-TopDomains,2026-09-30
https://app.medium.com/about?lang=en,0,Tranco-TopDomains,2026-09-30
https://blog.zoom.us/pricing,0,Tranco-TopDomains,2026-09-30
https://developer.medium.com/features/security-whitepaper?id=108274,0,Tranco-TopDomains,2026-09-30
https://blog.linkedin.com/download/release-v2.0?q=machine+learning,0,Tranco-TopDomains,2026-09-30
https://developer.digitalocean.com/explore?view=grid&filter=active,0,Tranco-TopDomains,2026-09-30
https://adobe.com/search,0,Tranco-TopDomains,2026-09-30
https://amazon.com/about?lang=en,0,Tranco-TopDomains,2026-09-30
https://docs.wsj.com/search,0,Tranco-TopDomains,2026-09-30
http://www.digitalocean.com/,0,Tranco-TopDomains,2026-09-30
https://app.dropbox.com/blog/post-102?lang=en,0,Tranco-TopDomains,2026-09-30
https://www.nih.gov/blog/post-102?id=108274,0,Tranco-TopDomains,2026-09-30
https://cnn.com?id=108274,0,Tranco-TopDomains,2026-09-30
https://nih.gov/pricing?q=machine+learning,0,Tranco-TopDomains,2026-09-30
https://microsoft.com/about?lang=en,0,Tranco-TopDomains,2026-09-30
https://stackoverflow.com/documentation/getting-started?category=engineering,0,Tranco-TopDomains,2026-09-30
https://app.docker.com/articles/2026/technology,0,Tranco-TopDomains,2026-09-30
https://linkedin.com?q=machine+learning,0,Tranco-TopDomains,2026-09-30
https://app.digitalocean.com/pricing?view=grid&filter=active,0,Tranco-TopDomains,2026-09-30
https://cloudflare.com/download/release-v2.0?view=grid&filter=active,0,Tranco-TopDomains,2026-09-30
https://app.zoom.us/pricing,0,Tranco-TopDomains,2026-09-30
https://www.linkedin.com/press/announcements?category=engineering,0,Tranco-TopDomains,2026-09-30
https://api.reuters.com/terms-of-service,0,Tranco-TopDomains,2026-09-30
https://developer.zoom.us/projects/open-source?page=2&sort=recent,0,Tranco-TopDomains,2026-09-30
https://app.wikipedia.org/pricing,0,Tranco-TopDomains,2026-09-30
https://www.harvard.edu/terms-of-service?page=2&sort=recent,0,Tranco-TopDomains,2026-09-30
https://docs.cnn.com/documentation/getting-started?category=engineering,0,Tranco-TopDomains,2026-09-30
https://reddit.com/documentation/getting-started,0,Tranco-TopDomains,2026-09-30
https://support.microsoft.com/help/faq?page=2&sort=recent,0,Tranco-TopDomains,2026-09-30
https://support.quora.com/features/security-whitepaper?category=engineering,0,Tranco-TopDomains,2026-09-30
https://api.medium.com/documentation/getting-started?lang=en,0,Tranco-TopDomains,2026-09-30
https://developer.medium.com/articles/2026/technology,0,Tranco-TopDomains,2026-09-30
https://app.reuters.com/projects/open-source,0,Tranco-TopDomains,2026-09-30
https://netflix.com/documentation/getting-started,0,Tranco-TopDomains,2026-09-30
https://nytimes.com/?lang=en,0,Tranco-TopDomains,2026-09-30
https://developer.medium.com/search?lang=en,0,Tranco-TopDomains,2026-09-30
https://docs.digitalocean.com/articles/2026/technology?q=machine+learning,0,Tranco-TopDomains,2026-09-30
https://blog.nytimes.com/about?q=machine+learning,0,Tranco-TopDomains,2026-09-30
https://app.amazon.com/articles/2026/technology?lang=en,0,Tranco-TopDomains,2026-09-30
https://digitalocean.com/documentation/getting-started,0,Tranco-TopDomains,2026-09-30
https://app.mit.edu/about,0,Tranco-TopDomains,2026-09-30
https://linkedin.com/explore?view=grid&filter=active,0,Tranco-TopDomains,2026-09-30
https://netflix.com/search?id=108274,0,Tranco-TopDomains,2026-09-30
https://cnn.com/terms-of-service,0,Tranco-TopDomains,2026-09-30
https://theguardian.com/?category=engineering,0,Tranco-TopDomains,2026-09-30
https://developer.amazon.com/search,0,Tranco-TopDomains,2026-09-30
https://app.netflix.com/blog/post-102?view=grid&filter=active,0,Tranco-TopDomains,2026-09-30
https://bbc.co.uk/documentation/getting-started,0,Tranco-TopDomains,2026-09-30
http://github.com/pricing,0,Tranco-TopDomains,2026-09-30
https://blog.docker.com/press/announcements?category=engineering,0,Tranco-TopDomains,2026-09-30
https://blog.slack.com/features/security-whitepaper?id=108274,0,Tranco-TopDomains,2026-09-30
https://docs.slack.com/download/release-v2.0,0,Tranco-TopDomains,2026-09-30
https://quora.com/?q=machine+learning,0,Tranco-TopDomains,2026-09-30
https://docs.netflix.com/explore?category=engineering,0,Tranco-TopDomains,2026-09-30
https://api.oracle.com?page=2&sort=recent,0,Tranco-TopDomains,2026-09-30
https://www.microsoft.com/download/release-v2.0,0,Tranco-TopDomains,2026-09-30
https://docs.python.org/pricing?q=machine+learning,0,Tranco-TopDomains,2026-09-30
https://developer.nih.gov/blog/post-102?view=grid&filter=active,0,Tranco-TopDomains,2026-09-30
https://api.docker.com/projects/open-source?view=grid&filter=active,0,Tranco-TopDomains,2026-09-30
https://www.amazon.com/search,0,Tranco-TopDomains,2026-09-30
https://api.amazon.com/features/security-whitepaper?category=engineering,0,Tranco-TopDomains,2026-09-30
https://digitalocean.com/legal/privacy-policy?page=2&sort=recent,0,Tranco-TopDomains,2026-09-30
https://developer.nature.com/?view=grid&filter=active,0,Tranco-TopDomains,2026-09-30
https://www.dropbox.com/legal/privacy-policy?id=108274,0,Tranco-TopDomains,2026-09-30
http://cloudflare.com/blog/post-102,0,Tranco-TopDomains,2026-09-30
https://blog.harvard.edu/help/faq,0,Tranco-TopDomains,2026-09-30
https://app.dropbox.com/features/security-whitepaper?page=2&sort=recent,0,Tranco-TopDomains,2026-09-30
https://api.salesforce.com/?id=108274,0,Tranco-TopDomains,2026-09-30
http://developer.gitlab.com/download/release-v2.0?id=108274,0,Tranco-TopDomains,2026-09-30
https://app.nature.com/about,0,Tranco-TopDomains,2026-09-30
https://api.zoom.us/features/security-whitepaper?lang=en,0,Tranco-TopDomains,2026-09-30
https://mit.edu/pricing?lang=en,0,Tranco-TopDomains,2026-09-30
https://github.com/legal/privacy-policy,0,Tranco-TopDomains,2026-09-30
https://support.mit.edu/projects/open-source?category=engineering,0,Tranco-TopDomains,2026-09-30
http://support.mozilla.org/blog/post-102?q=machine+learning,0,Tranco-TopDomains,2026-09-30
https://wikipedia.org/?lang=en,0,Tranco-TopDomains,2026-09-30
https://www.wikipedia.org/features/security-whitepaper,0,Tranco-TopDomains,2026-09-30
https://quora.com/about?view=grid&filter=active,0,Tranco-TopDomains,2026-09-30
https://app.dropbox.com/help/faq?view=grid&filter=active,0,Tranco-TopDomains,2026-09-30
https://app.medium.com/terms-of-service?page=2&sort=recent,0,Tranco-TopDomains,2026-09-30
https://docs.reuters.com/documentation/getting-started?q=machine+learning,0,Tranco-TopDomains,2026-09-30
https://developer.digitalocean.com/blog/post-102?page=2&sort=recent,0,Tranco-TopDomains,2026-09-30
https://developer.oracle.com/pricing,0,Tranco-TopDomains,2026-09-30
https://docs.oracle.com/explore,0,Tranco-TopDomains,2026-09-30
https://www.nih.gov/features/security-whitepaper,0,Tranco-TopDomains,2026-09-30
https://blog.wsj.com/help/faq?category=engineering,0,Tranco-TopDomains,2026-09-30
https://app.stripe.com/terms-of-service?lang=en,0,Tranco-TopDomains,2026-09-30
https://app.nytimes.com/press/announcements,0,Tranco-TopDomains,2026-09-30
https://support.amazon.com/pricing?category=engineering,0,Tranco-TopDomains,2026-09-30
https://reddit.com/terms-of-service?page=2&sort=recent,0,Tranco-TopDomains,2026-09-30
https://developer.cnn.com/press/announcements?category=engineering,0,Tranco-TopDomains,2026-09-30
https://support.slack.com/documentation/getting-started?lang=en,0,Tranco-TopDomains,2026-09-30
https://api.nytimes.com/articles/2026/technology?page=2&sort=recent,0,Tranco-TopDomains,2026-09-30
https://apple.com/about,0,Tranco-TopDomains,2026-09-30
https://google.com/download/release-v2.0?view=grid&filter=active,0,Tranco-TopDomains,2026-09-30
https://mozilla.org?view=grid&filter=active,0,Tranco-TopDomains,2026-09-30
https://docs.python.org/help/faq?page=2&sort=recent,0,Tranco-TopDomains,2026-09-30
https://apple.com/articles/2026/technology?lang=en,0,Tranco-TopDomains,2026-09-30
https://app.github.com/about,0,Tranco-TopDomains,2026-09-30
https://mit.edu/pricing?view=grid&filter=active,0,Tranco-TopDomains,2026-09-30
https://app.salesforce.com/about?lang=en,0,Tranco-TopDomains,2026-09-30
https://app.docker.com/blog/post-102,0,Tranco-TopDomains,2026-09-30
https://theguardian.com/press/announcements?q=machine+learning,0,Tranco-TopDomains,2026-09-30
https://support.github.com/terms-of-service,0,Tranco-TopDomains,2026-09-30
https://api.gitlab.com/legal/privacy-policy?lang=en,0,Tranco-TopDomains,2026-09-30
https://support.slack.com/documentation/getting-started?lang=en,0,Tranco-TopDomains,2026-09-30
https://www.harvard.edu/features/security-whitepaper,0,Tranco-TopDomains,2026-09-30
https://github.com/,0,Tranco-TopDomains,2026-09-30
https://gitlab.com/search,0,Tranco-TopDomains,2026-09-30
https://api.dropbox.com/documentation/getting-started?view=grid&filter=active,0,Tranco-TopDomains,2026-09-30
https://blog.stackoverflow.com/legal/privacy-policy?q=machine+learning,0,Tranco-TopDomains,2026-09-30
https://api.github.com/articles/2026/technology?category=engineering,0,Tranco-TopDomains,2026-09-30
https://wikipedia.org/?lang=en,0,Tranco-TopDomains,2026-09-30
https://developer.quora.com/pricing?page=2&sort=recent,0,Tranco-TopDomains,2026-09-30
http://support.adobe.com/terms-of-service,0,Tranco-TopDomains,2026-09-30
https://docs.nytimes.com/download/release-v2.0,0,Tranco-TopDomains,2026-09-30
https://dropbox.com/,0,Tranco-TopDomains,2026-09-30
https://docs.quora.com/projects/open-source,0,Tranco-TopDomains,2026-09-30
https://api.google.com/terms-of-service?page=2&sort=recent,0,Tranco-TopDomains,2026-09-30
https://developer.cloudflare.com/projects/open-source?q=machine+learning,0,Tranco-TopDomains,2026-09-30
https://docs.theguardian.com/pricing?id=108274,0,Tranco-TopDomains,2026-09-30
https://support.mit.edu/?view=grid&filter=active,0,Tranco-TopDomains,2026-09-30
https://docs.nature.com/features/security-whitepaper,0,Tranco-TopDomains,2026-09-30
https://support.microsoft.com/about?view=grid&filter=active,0,Tranco-TopDomains,2026-09-30
https://developer.stripe.com/documentation/getting-started?page=2&sort=recent,0,Tranco-TopDomains,2026-09-30
https://developer.nih.gov/blog/post-102?lang=en,0,Tranco-TopDomains,2026-09-30
https://www.github.com/blog/post-102?category=engineering,0,Tranco-TopDomains,2026-09-30
https://www.reuters.com/?q=machine+learning,0,Tranco-TopDomains,2026-09-30
https://www.gitlab.com/pricing,0,Tranco-TopDomains,2026-09-30
https://docs.wikipedia.org/download/release-v2.0,0,Tranco-TopDomains,2026-09-30
https://app.oracle.com/?view=grid&filter=active,0,Tranco-TopDomains,2026-09-30
https://blog.harvard.edu/legal/privacy-policy,0,Tranco-TopDomains,2026-09-30
https://blog.zoom.us/terms-of-service,0,Tranco-TopDomains,2026-09-30
https://mit.edu/download/release-v2.0,0,Tranco-TopDomains,2026-09-30
https://developer.cnn.com,0,Tranco-TopDomains,2026-09-30
https://medium.com/legal/privacy-policy?lang=en,0,Tranco-TopDomains,2026-09-30
https://www.digitalocean.com/articles/2026/technology?page=2&sort=recent,0,Tranco-TopDomains,2026-09-30
https://docs.salesforce.com/about,0,Tranco-TopDomains,2026-09-30
https://stackoverflow.com/documentation/getting-started,0,Tranco-TopDomains,2026-09-30
https://linkedin.com/explore?view=grid&filter=active,0,Tranco-TopDomains,2026-09-30
https://blog.theguardian.com/features/security-whitepaper?id=108274,0,Tranco-TopDomains,2026-09-30
https://linkedin.com/help/faq,0,Tranco-TopDomains,2026-09-30
https://www.zoom.us/blog/post-102,0,Tranco-TopDomains,2026-09-30
https://apple.com/articles/2026/technology,0,Tranco-TopDomains,2026-09-30
https://blog.reuters.com/projects/open-source?view=grid&filter=active,0,Tranco-TopDomains,2026-09-30
https://spotify.com/terms-of-service?category=engineering,0,Tranco-TopDomains,2026-09-30
https://digitalocean.com/pricing?q=machine+learning,0,Tranco-TopDomains,2026-09-30
https://app.reddit.com/about?q=machine+learning,0,Tranco-TopDomains,2026-09-30
https://blog.quora.com/features/security-whitepaper?category=engineering,0,Tranco-TopDomains,2026-09-30
https://www.netflix.com/,0,Tranco-TopDomains,2026-09-30
https://app.google.com/help/faq,0,Tranco-TopDomains,2026-09-30
https://api.netflix.com/download/release-v2.0,0,Tranco-TopDomains,2026-09-30
https://docker.com/search,0,Tranco-TopDomains,2026-09-30
https://nature.com/search?view=grid&filter=active,0,Tranco-TopDomains,2026-09-30
https://api.nature.com/explore,0,Tranco-TopDomains,2026-09-30
https://www.adobe.com/legal/privacy-policy?id=108274,0,Tranco-TopDomains,2026-09-30
https://salesforce.com/explore,0,Tranco-TopDomains,2026-09-30
https://docs.python.org/pricing,0,Tranco-TopDomains,2026-09-30
https://stripe.com/help/faq,0,Tranco-TopDomains,2026-09-30
https://support.oracle.com,0,Tranco-TopDomains,2026-09-30
https://adobe.com/about,0,Tranco-TopDomains,2026-09-30
https://api.cloudflare.com/explore,0,Tranco-TopDomains,2026-09-30
https://api.dropbox.com/explore,0,Tranco-TopDomains,2026-09-30
https://www.apple.com/?lang=en,0,Tranco-TopDomains,2026-09-30
https://blog.nature.com/about?id=108274,0,Tranco-TopDomains,2026-09-30
https://docs.wsj.com/legal/privacy-policy,0,Tranco-TopDomains,2026-09-30
https://docs.github.com/download/release-v2.0,0,Tranco-TopDomains,2026-09-30
https://linkedin.com/search,0,Tranco-TopDomains,2026-09-30
https://google.com/press/announcements,0,Tranco-TopDomains,2026-09-30
https://support.netflix.com/explore?lang=en,0,Tranco-TopDomains,2026-09-30
https://www.nature.com/about?page=2&sort=recent,0,Tranco-TopDomains,2026-09-30
https://cloudflare.com/press/announcements?q=machine+learning,0,Tranco-TopDomains,2026-09-30
http://python.org/documentation/getting-started?category=engineering,0,Tranco-TopDomains,2026-09-30
https://docs.reuters.com/projects/open-source?view=grid&filter=active,0,Tranco-TopDomains,2026-09-30
https://support.amazon.com/projects/open-source?category=engineering,0,Tranco-TopDomains,2026-09-30
https://docs.reuters.com/help/faq,0,Tranco-TopDomains,2026-09-30
https://app.stripe.com/legal/privacy-policy?lang=en,0,Tranco-TopDomains,2026-09-30
http://support.stackoverflow.com/blog/post-102?view=grid&filter=active,0,Tranco-TopDomains,2026-09-30
https://support.stackoverflow.com/projects/open-source?lang=en,0,Tranco-TopDomains,2026-09-30
https://app.bbc.co.uk/explore?q=machine+learning,0,Tranco-TopDomains,2026-09-30
https://www.github.com/documentation/getting-started,0,Tranco-TopDomains,2026-09-30
https://slack.com/projects/open-source?lang=en,0,Tranco-TopDomains,2026-09-30
https://www.google.com/explore,0,Tranco-TopDomains,2026-09-30
https://www.dropbox.com/features/security-whitepaper,0,Tranco-TopDomains,2026-09-30
https://api.stackoverflow.com/terms-of-service?category=engineering,0,Tranco-TopDomains,2026-09-30
https://docs.reuters.com/features/security-whitepaper?q=machine+learning,0,Tranco-TopDomains,2026-09-30
https://www.mozilla.org/pricing?page=2&sort=recent,0,Tranco-TopDomains,2026-09-30
https://developer.cnn.com/press/announcements?lang=en,0,Tranco-TopDomains,2026-09-30
https://medium.com/download/release-v2.0?view=grid&filter=active,0,Tranco-TopDomains,2026-09-30
https://developer.amazon.com/legal/privacy-policy?q=machine+learning,0,Tranco-TopDomains,2026-09-30
https://salesforce.com/legal/privacy-policy?lang=en,0,Tranco-TopDomains,2026-09-30
https://developer.google.com/about?view=grid&filter=active,0,Tranco-TopDomains,2026-09-30
https://developer.nih.gov/projects/open-source?lang=en,0,Tranco-TopDomains,2026-09-30
https://docs.zoom.us/articles/2026/technology?view=grid&filter=active,0,Tranco-TopDomains,2026-09-30
https://python.org/documentation/getting-started?view=grid&filter=active,0,Tranco-TopDomains,2026-09-30
https://blog.nature.com/search,0,Tranco-TopDomains,2026-09-30
https://blog.netflix.com/blog/post-102,0,Tranco-TopDomains,2026-09-30
https://docs.reuters.com/pricing,0,Tranco-TopDomains,2026-09-30
https://www.cloudflare.com/legal/privacy-policy?lang=en,0,Tranco-TopDomains,2026-09-30
https://app.nature.com/articles/2026/technology?view=grid&filter=active,0,Tranco-TopDomains,2026-09-30
https://google.com?page=2&sort=recent,0,Tranco-TopDomains,2026-09-30
https://support.nature.com/terms-of-service,0,Tranco-TopDomains,2026-09-30
https://bbc.co.uk/legal/privacy-policy?category=engineering,0,Tranco-TopDomains,2026-09-30
https://app.linkedin.com/projects/open-source?category=engineering,0,Tranco-TopDomains,2026-09-30
https://spotify.com/pricing?view=grid&filter=active,0,Tranco-TopDomains,2026-09-30
https://api.cnn.com/?page=2&sort=recent,0,Tranco-TopDomains,2026-09-30
https://blog.cnn.com/terms-of-service?view=grid&filter=active,0,Tranco-TopDomains,2026-09-30
https://nature.com/about,0,Tranco-TopDomains,2026-09-30
https://www.python.org/download/release-v2.0,0,Tranco-TopDomains,2026-09-30
https://blog.stripe.com/about,0,Tranco-TopDomains,2026-09-30
https://developer.nature.com/search?q=machine+learning,0,Tranco-TopDomains,2026-09-30
https://api.harvard.edu/explore,0,Tranco-TopDomains,2026-09-30
https://stripe.com/blog/post-102?view=grid&filter=active,0,Tranco-TopDomains,2026-09-30
https://api.apple.com/documentation/getting-started,0,Tranco-TopDomains,2026-09-30
https://app.medium.com/documentation/getting-started,0,Tranco-TopDomains,2026-09-30
https://blog.linkedin.com/articles/2026/technology,0,Tranco-TopDomains,2026-09-30
https://www.quora.com/download/release-v2.0?page=2&sort=recent,0,Tranco-TopDomains,2026-09-30
http://app.theguardian.com/documentation/getting-started?lang=en,0,Tranco-TopDomains,2026-09-30
https://api.spotify.com/features/security-whitepaper?id=108274,0,Tranco-TopDomains,2026-09-30
https://microsoft.com?lang=en,0,Tranco-TopDomains,2026-09-30
https://www.nytimes.com/,0,Tranco-TopDomains,2026-09-30
https://www.harvard.edu/search?lang=en,0,Tranco-TopDomains,2026-09-30
https://www.gitlab.com/search,0,Tranco-TopDomains,2026-09-30
https://api.harvard.edu/legal/privacy-policy?category=engineering,0,Tranco-TopDomains,2026-09-30
http://wikipedia.org/press/announcements?category=engineering,0,Tranco-TopDomains,2026-09-30
https://netflix.com/articles/2026/technology?category=engineering,0,Tranco-TopDomains,2026-09-30
https://www.nytimes.com/about,0,Tranco-TopDomains,2026-09-30
https://www.digitalocean.com/articles/2026/technology?lang=en,0,Tranco-TopDomains,2026-09-30
https://blog.nature.com/terms-of-service?view=grid&filter=active,0,Tranco-TopDomains,2026-09-30
https://app.wsj.com/projects/open-source?view=grid&filter=active,0,Tranco-TopDomains,2026-09-30
https://docs.gitlab.com/terms-of-service?lang=en,0,Tranco-TopDomains,2026-09-30
https://www.microsoft.com/pricing?lang=en,0,Tranco-TopDomains,2026-09-30
https://developer.wsj.com/about,0,Tranco-TopDomains,2026-09-30
https://python.org/documentation/getting-started?id=108274,0,Tranco-TopDomains,2026-09-30
https://blog.stackoverflow.com/press/announcements?category=engineering,0,Tranco-TopDomains,2026-09-30
https://python.org/articles/2026/technology?id=108274,0,Tranco-TopDomains,2026-09-30
https://www.python.org/?id=108274,0,Tranco-TopDomains,2026-09-30
https://wsj.com/documentation/getting-started?id=108274,0,Tranco-TopDomains,2026-09-30
https://blog.dropbox.com/about?lang=en,0,Tranco-TopDomains,2026-09-30
https://nature.com/articles/2026/technology,0,Tranco-TopDomains,2026-09-30
https://harvard.edu/documentation/getting-started,0,Tranco-TopDomains,2026-09-30
https://gitlab.com/download/release-v2.0?id=108274,0,Tranco-TopDomains,2026-09-30
https://developer.adobe.com/articles/2026/technology?lang=en,0,Tranco-TopDomains,2026-09-30
https://dropbox.com/,0,Tranco-TopDomains,2026-09-30
https://microsoft.com/about?page=2&sort=recent,0,Tranco-TopDomains,2026-09-30
https://apple.com/projects/open-source?view=grid&filter=active,0,Tranco-TopDomains,2026-09-30
https://developer.cloudflare.com/help/faq,0,Tranco-TopDomains,2026-09-30
https://microsoft.com/help/faq?page=2&sort=recent,0,Tranco-TopDomains,2026-09-30
https://blog.stackoverflow.com/legal/privacy-policy?lang=en,0,Tranco-TopDomains,2026-09-30
https://blog.apple.com/search?id=108274,0,Tranco-TopDomains,2026-09-30
https://blog.quora.com/about,0,Tranco-TopDomains,2026-09-30
https://blog.salesforce.com/?page=2&sort=recent,0,Tranco-TopDomains,2026-09-30
http://blog.github.com/download/release-v2.0?view=grid&filter=active,0,Tranco-TopDomains,2026-09-30
https://amazon.com/blog/post-102?q=machine+learning,0,Tranco-TopDomains,2026-09-30
https://dropbox.com/help/faq?id=108274,0,Tranco-TopDomains,2026-09-30
https://support.mozilla.org/pricing,0,Tranco-TopDomains,2026-09-30
https://docs.mozilla.org/documentation/getting-started?page=2&sort=recent,0,Tranco-TopDomains,2026-09-30
https://api.amazon.com/legal/privacy-policy,0,Tranco-TopDomains,2026-09-30
https://zoom.us/?view=grid&filter=active,0,Tranco-TopDomains,2026-09-30
https://www.harvard.edu/download/release-v2.0?id=108274,0,Tranco-TopDomains,2026-09-30
https://spotify.com/articles/2026/technology,0,Tranco-TopDomains,2026-09-30
https://linkedin.com/explore?category=engineering,0,Tranco-TopDomains,2026-09-30
https://reuters.com?lang=en,0,Tranco-TopDomains,2026-09-30
https://medium.com/press/announcements?view=grid&filter=active,0,Tranco-TopDomains,2026-09-30
https://blog.cnn.com/projects/open-source?category=engineering,0,Tranco-TopDomains,2026-09-30
https://blog.mit.edu/about?category=engineering,0,Tranco-TopDomains,2026-09-30
https://mozilla.org/search?category=engineering,0,Tranco-TopDomains,2026-09-30
https://salesforce.com/legal/privacy-policy?category=engineering,0,Tranco-TopDomains,2026-09-30
https://www.microsoft.com/download/release-v2.0,0,Tranco-TopDomains,2026-09-30
https://support.reuters.com/projects/open-source,0,Tranco-TopDomains,2026-09-30
https://medium.com/features/security-whitepaper,0,Tranco-TopDomains,2026-09-30
https://support.salesforce.com/articles/2026/technology?page=2&sort=recent,0,Tranco-TopDomains,2026-09-30
https://docs.netflix.com/,0,Tranco-TopDomains,2026-09-30
https://api.nih.gov/terms-of-service?id=108274,0,Tranco-TopDomains,2026-09-30
https://www.salesforce.com,0,Tranco-TopDomains,2026-09-30
https://support.oracle.com/blog/post-102?lang=en,0,Tranco-TopDomains,2026-09-30
https://blog.reuters.com?q=machine+learning,0,Tranco-TopDomains,2026-09-30
https://www.netflix.com/articles/2026/technology?lang=en,0,Tranco-TopDomains,2026-09-30
http://developer.python.org/?page=2&sort=recent,0,Tranco-TopDomains,2026-09-30
https://docs.amazon.com/documentation/getting-started?q=machine+learning,0,Tranco-TopDomains,2026-09-30
https://api.harvard.edu/projects/open-source?id=108274,0,Tranco-TopDomains,2026-09-30
https://adobe.com/pricing?q=machine+learning,0,Tranco-TopDomains,2026-09-30
https://cloudflare.com/explore?view=grid&filter=active,0,Tranco-TopDomains,2026-09-30
https://blog.stackoverflow.com/?q=machine+learning,0,Tranco-TopDomains,2026-09-30
https://www.apple.com/press/announcements?q=machine+learning,0,Tranco-TopDomains,2026-09-30
https://www.adobe.com/?category=engineering,0,Tranco-TopDomains,2026-09-30
https://wikipedia.org/press/announcements?page=2&sort=recent,0,Tranco-TopDomains,2026-09-30
https://developer.cloudflare.com/download/release-v2.0?id=108274,0,Tranco-TopDomains,2026-09-30
https://reuters.com,0,Tranco-TopDomains,2026-09-30
https://microsoft.com/explore?page=2&sort=recent,0,Tranco-TopDomains,2026-09-30
https://blog.stackoverflow.com/search?id=108274,0,Tranco-TopDomains,2026-09-30
https://support.cnn.com/terms-of-service?view=grid&filter=active,0,Tranco-TopDomains,2026-09-30
https://docs.quora.com/legal/privacy-policy,0,Tranco-TopDomains,2026-09-30
https://stripe.com/projects/open-source?category=engineering,0,Tranco-TopDomains,2026-09-30
https://spotify.com/,0,Tranco-TopDomains,2026-09-30
https://wikipedia.org/legal/privacy-policy,0,Tranco-TopDomains,2026-09-30
https://www.nih.gov/pricing?id=108274,0,Tranco-TopDomains,2026-09-30
https://app.microsoft.com/search?category=engineering,0,Tranco-TopDomains,2026-09-30
https://www.nytimes.com/search,0,Tranco-TopDomains,2026-09-30
https://api.linkedin.com/terms-of-service?category=engineering,0,Tranco-TopDomains,2026-09-30
https://medium.com/legal/privacy-policy,0,Tranco-TopDomains,2026-09-30
https://stripe.com/help/faq,0,Tranco-TopDomains,2026-09-30
https://www.dropbox.com/press/announcements?category=engineering,0,Tranco-TopDomains,2026-09-30
https://blog.github.com/explore,0,Tranco-TopDomains,2026-09-30
https://digitalocean.com/?q=machine+learning,0,Tranco-TopDomains,2026-09-30
https://blog.amazon.com/projects/open-source?page=2&sort=recent,0,Tranco-TopDomains,2026-09-30
https://apple.com/pricing,0,Tranco-TopDomains,2026-09-30
https://api.wikipedia.org/projects/open-source,0,Tranco-TopDomains,2026-09-30
https://docs.harvard.edu/terms-of-service?page=2&sort=recent,0,Tranco-TopDomains,2026-09-30
https://blog.digitalocean.com/articles/2026/technology?category=engineering,0,Tranco-TopDomains,2026-09-30
https://developer.quora.com/download/release-v2.0?id=108274,0,Tranco-TopDomains,2026-09-30
https://app.mozilla.org/projects/open-source?id=108274,0,Tranco-TopDomains,2026-09-30
https://salesforce.com/explore?q=machine+learning,0,Tranco-TopDomains,2026-09-30
https://nature.com/features/security-whitepaper?q=machine+learning,0,Tranco-TopDomains,2026-09-30
http://developer.cnn.com/search?category=engineering,0,Tranco-TopDomains,2026-09-30
https://api.nih.gov/explore,0,Tranco-TopDomains,2026-09-30
https://developer.netflix.com,0,Tranco-TopDomains,2026-09-30
https://docs.wikipedia.org/legal/privacy-policy,0,Tranco-TopDomains,2026-09-30
https://docs.gitlab.com/articles/2026/technology?category=engineering,0,Tranco-TopDomains,2026-09-30
https://app.stripe.com/pricing?lang=en,0,Tranco-TopDomains,2026-09-30
https://docker.com/legal/privacy-policy,0,Tranco-TopDomains,2026-09-30
https://app.netflix.com/pricing?q=machine+learning,0,Tranco-TopDomains,2026-09-30
https://docs.cloudflare.com?id=108274,0,Tranco-TopDomains,2026-09-30
https://mit.edu/projects/open-source,0,Tranco-TopDomains,2026-09-30
https://docs.nih.gov/search?category=engineering,0,Tranco-TopDomains,2026-09-30
https://nature.com/download/release-v2.0,0,Tranco-TopDomains,2026-09-30
https://reddit.com/pricing,0,Tranco-TopDomains,2026-09-30
https://stripe.com/features/security-whitepaper,0,Tranco-TopDomains,2026-09-30
https://blog.oracle.com/documentation/getting-started?id=108274,0,Tranco-TopDomains,2026-09-30
https://app.adobe.com/help/faq?q=machine+learning,0,Tranco-TopDomains,2026-09-30
https://reuters.com?lang=en,0,Tranco-TopDomains,2026-09-30
https://support.spotify.com/explore,0,Tranco-TopDomains,2026-09-30
https://api.digitalocean.com?id=108274,0,Tranco-TopDomains,2026-09-30
https://support.mozilla.org/help/faq?id=108274,0,Tranco-TopDomains,2026-09-30
https://docs.digitalocean.com/about?id=108274,0,Tranco-TopDomains,2026-09-30
https://api.zoom.us/download/release-v2.0,0,Tranco-TopDomains,2026-09-30
https://harvard.edu/press/announcements?category=engineering,0,Tranco-TopDomains,2026-09-30
https://www.mozilla.org/terms-of-service?page=2&sort=recent,0,Tranco-TopDomains,2026-09-30
https://docs.stackoverflow.com/projects/open-source?lang=en,0,Tranco-TopDomains,2026-09-30
https://www.mozilla.org/legal/privacy-policy?id=108274,0,Tranco-TopDomains,2026-09-30
https://github.com/articles/2026/technology?view=grid&filter=active,0,Tranco-TopDomains,2026-09-30
https://google.com/download/release-v2.0?category=engineering,0,Tranco-TopDomains,2026-09-30
https://zoom.us/,0,Tranco-TopDomains,2026-09-30
https://blog.zoom.us/projects/open-source,0,Tranco-TopDomains,2026-09-30
http://app.mit.edu/terms-of-service,0,Tranco-TopDomains,2026-09-30
https://support.wikipedia.org/?lang=en,0,Tranco-TopDomains,2026-09-30
https://api.wikipedia.org/?view=grid&filter=active,0,Tranco-TopDomains,2026-09-30
https://blog.bbc.co.uk/projects/open-source?view=grid&filter=active,0,Tranco-TopDomains,2026-09-30
https://mozilla.org/help/faq?q=machine+learning,0,Tranco-TopDomains,2026-09-30
https://linkedin.com/press/announcements?view=grid&filter=active,0,Tranco-TopDomains,2026-09-30
https://support.salesforce.com/articles/2026/technology,0,Tranco-TopDomains,2026-09-30
https://gitlab.com/pricing?category=engineering,0,Tranco-TopDomains,2026-09-30
https://api.python.org?id=108274,0,Tranco-TopDomains,2026-09-30
https://developer.quora.com/pricing,0,Tranco-TopDomains,2026-09-30
https://docs.wikipedia.org?category=engineering,0,Tranco-TopDomains,2026-09-30
https://docs.wsj.com/about?q=machine+learning,0,Tranco-TopDomains,2026-09-30
https://www.docker.com/about,0,Tranco-TopDomains,2026-09-30
https://api.adobe.com/articles/2026/technology?q=machine+learning,0,Tranco-TopDomains,2026-09-30
https://slack.com/features/security-whitepaper?id=108274,0,Tranco-TopDomains,2026-09-30
https://docker.com/projects/open-source,0,Tranco-TopDomains,2026-09-30
https://app.apple.com/articles/2026/technology,0,Tranco-TopDomains,2026-09-30
https://support.nih.gov/documentation/getting-started?id=108274,0,Tranco-TopDomains,2026-09-30
https://adobe.com/features/security-whitepaper?view=grid&filter=active,0,Tranco-TopDomains,2026-09-30
https://support.spotify.com/explore?q=machine+learning,0,Tranco-TopDomains,2026-09-30
https://blog.wikipedia.org/legal/privacy-policy?lang=en,0,Tranco-TopDomains,2026-09-30
https://amazon.com/terms-of-service,0,Tranco-TopDomains,2026-09-30
https://docs.slack.com/,0,Tranco-TopDomains,2026-09-30
https://salesforce.com/documentation/getting-started?view=grid&filter=active,0,Tranco-TopDomains,2026-09-30
https://medium.com/pricing?view=grid&filter=active,0,Tranco-TopDomains,2026-09-30
https://developer.mozilla.org/press/announcements?id=108274,0,Tranco-TopDomains,2026-09-30
https://bbc.co.uk,0,Tranco-TopDomains,2026-09-30
https://app.quora.com/articles/2026/technology,0,Tranco-TopDomains,2026-09-30
https://blog.medium.com/download/release-v2.0,0,Tranco-TopDomains,2026-09-30
https://developer.dropbox.com/features/security-whitepaper?q=machine+learning,0,Tranco-TopDomains,2026-09-30
https://blog.nih.gov/documentation/getting-started,0,Tranco-TopDomains,2026-09-30
http://blog.bbc.co.uk/terms-of-service?category=engineering,0,Tranco-TopDomains,2026-09-30
https://app.nih.gov/features/security-whitepaper,0,Tranco-TopDomains,2026-09-30
https://support.wsj.com/pricing,0,Tranco-TopDomains,2026-09-30
https://support.amazon.com/press/announcements?q=machine+learning,0,Tranco-TopDomains,2026-09-30
https://reuters.com?page=2&sort=recent,0,Tranco-TopDomains,2026-09-30
https://blog.zoom.us/search,0,Tranco-TopDomains,2026-09-30
https://nytimes.com/documentation/getting-started?page=2&sort=recent,0,Tranco-TopDomains,2026-09-30
http://nytimes.com/pricing?page=2&sort=recent,0,Tranco-TopDomains,2026-09-30
https://blog.dropbox.com/features/security-whitepaper,0,Tranco-TopDomains,2026-09-30
https://app.slack.com/search,0,Tranco-TopDomains,2026-09-30
https://bbc.co.uk/search?page=2&sort=recent,0,Tranco-TopDomains,2026-09-30
https://app.docker.com/?id=108274,0,Tranco-TopDomains,2026-09-30
https://www.linkedin.com/download/release-v2.0?id=108274,0,Tranco-TopDomains,2026-09-30
https://wsj.com/articles/2026/technology,0,Tranco-TopDomains,2026-09-30
https://api.github.com/?q=machine+learning,0,Tranco-TopDomains,2026-09-30
https://support.wsj.com/blog/post-102?id=108274,0,Tranco-TopDomains,2026-09-30
https://docs.python.org/terms-of-service?id=108274,0,Tranco-TopDomains,2026-09-30
https://wikipedia.org/legal/privacy-policy?page=2&sort=recent,0,Tranco-TopDomains,2026-09-30
https://blog.wsj.com/features/security-whitepaper,0,Tranco-TopDomains,2026-09-30
https://gitlab.com/help/faq,0,Tranco-TopDomains,2026-09-30
https://support.wsj.com/features/security-whitepaper?category=engineering,0,Tranco-TopDomains,2026-09-30
https://wsj.com?view=grid&filter=active,0,Tranco-TopDomains,2026-09-30
https://app.wikipedia.org/about?view=grid&filter=active,0,Tranco-TopDomains,2026-09-30
https://developer.wsj.com/pricing?id=108274,0,Tranco-TopDomains,2026-09-30
https://blog.digitalocean.com/press/announcements,0,Tranco-TopDomains,2026-09-30
https://api.python.org/projects/open-source?view=grid&filter=active,0,Tranco-TopDomains,2026-09-30
http://blog.github.com/terms-of-service?id=108274,0,Tranco-TopDomains,2026-09-30
https://www.bbc.co.uk/help/faq,0,Tranco-TopDomains,2026-09-30
https://api.microsoft.com/pricing?category=engineering,0,Tranco-TopDomains,2026-09-30
https://developer.dropbox.com/,0,Tranco-TopDomains,2026-09-30
https://docs.nytimes.com/articles/2026/technology?page=2&sort=recent,0,Tranco-TopDomains,2026-09-30
https://docs.linkedin.com/articles/2026/technology?id=108274,0,Tranco-TopDomains,2026-09-30
https://www.slack.com/search?page=2&sort=recent,0,Tranco-TopDomains,2026-09-30
https://salesforce.com/documentation/getting-started,0,Tranco-TopDomains,2026-09-30
https://support.linkedin.com/documentation/getting-started?q=machine+learning,0,Tranco-TopDomains,2026-09-30
https://api.cloudflare.com/pricing,0,Tranco-TopDomains,2026-09-30
https://adobe.com/terms-of-service?view=grid&filter=active,0,Tranco-TopDomains,2026-09-30
https://support.dropbox.com/articles/2026/technology,0,Tranco-TopDomains,2026-09-30
https://www.nih.gov/terms-of-service?id=108274,0,Tranco-TopDomains,2026-09-30
https://netflix.com/documentation/getting-started?id=108274,0,Tranco-TopDomains,2026-09-30
https://api.slack.com/help/faq,0,Tranco-TopDomains,2026-09-30
https://blog.quora.com/blog/post-102?category=engineering,0,Tranco-TopDomains,2026-09-30
https://api.nature.com?page=2&sort=recent,0,Tranco-TopDomains,2026-09-30
https://docs.salesforce.com/documentation/getting-started,0,Tranco-TopDomains,2026-09-30
https://blog.stackoverflow.com/about,0,Tranco-TopDomains,2026-09-30
https://reddit.com/?q=machine+learning,0,Tranco-TopDomains,2026-09-30
https://app.dropbox.com/documentation/getting-started?lang=en,0,Tranco-TopDomains,2026-09-30
https://api.apple.com/projects/open-source?category=engineering,0,Tranco-TopDomains,2026-09-30
https://docs.adobe.com/features/security-whitepaper,0,Tranco-TopDomains,2026-09-30
https://www.adobe.com/explore?q=machine+learning,0,Tranco-TopDomains,2026-09-30
https://app.netflix.com/projects/open-source?category=engineering,0,Tranco-TopDomains,2026-09-30
https://reuters.com/documentation/getting-started?category=engineering,0,Tranco-TopDomains,2026-09-30
https://adobe.com?lang=en,0,Tranco-TopDomains,2026-09-30
http://mozilla.org/legal/privacy-policy,0,Tranco-TopDomains,2026-09-30
https://spotify.com/features/security-whitepaper?category=engineering,0,Tranco-TopDomains,2026-09-30
https://app.stackoverflow.com/press/announcements?id=108274,0,Tranco-TopDomains,2026-09-30
https://developer.python.org?lang=en,0,Tranco-TopDomains,2026-09-30
https://blog.cnn.com/help/faq?category=engineering,0,Tranco-TopDomains,2026-09-30
https://api.python.org/download/release-v2.0?category=engineering,0,Tranco-TopDomains,2026-09-30
https://app.adobe.com/download/release-v2.0?view=grid&filter=active,0,Tranco-TopDomains,2026-09-30
https://docs.linkedin.com/articles/2026/technology,0,Tranco-TopDomains,2026-09-30
https://blog.dropbox.com/terms-of-service?lang=en,0,Tranco-TopDomains,2026-09-30
https://app.dropbox.com/download/release-v2.0?page=2&sort=recent,0,Tranco-TopDomains,2026-09-30
https://app.adobe.com/legal/privacy-policy,0,Tranco-TopDomains,2026-09-30
https://app.oracle.com/explore,0,Tranco-TopDomains,2026-09-30
https://api.digitalocean.com,0,Tranco-TopDomains,2026-09-30
https://google.com/,0,Tranco-TopDomains,2026-09-30
https://www.netflix.com/documentation/getting-started,0,Tranco-TopDomains,2026-09-30
https://python.org/terms-of-service?page=2&sort=recent,0,Tranco-TopDomains,2026-09-30
http://api.google.com/terms-of-service?view=grid&filter=active,0,Tranco-TopDomains,2026-09-30
https://support.harvard.edu/articles/2026/technology,0,Tranco-TopDomains,2026-09-30
https://blog.salesforce.com/pricing?category=engineering,0,Tranco-TopDomains,2026-09-30
https://quora.com/press/announcements?q=machine+learning,0,Tranco-TopDomains,2026-09-30
https://docs.gitlab.com/download/release-v2.0,0,Tranco-TopDomains,2026-09-30
https://api.python.org/articles/2026/technology?page=2&sort=recent,0,Tranco-TopDomains,2026-09-30
https://blog.wikipedia.org/projects/open-source,0,Tranco-TopDomains,2026-09-30
https://cloudflare.com/projects/open-source,0,Tranco-TopDomains,2026-09-30
https://mozilla.org/legal/privacy-policy,0,Tranco-TopDomains,2026-09-30
https://google.com/documentation/getting-started?category=engineering,0,Tranco-TopDomains,2026-09-30
http://www.nytimes.com/features/security-whitepaper?page=2&sort=recent,0,Tranco-TopDomains,2026-09-30
https://developer.nytimes.com/pricing?id=108274,0,Tranco-TopDomains,2026-09-30
https://docker.com/articles/2026/technology?page=2&sort=recent,0,Tranco-TopDomains,2026-09-30
https://docs.adobe.com/help/faq?id=108274,0,Tranco-TopDomains,2026-09-30
https://reddit.com/pricing,0,Tranco-TopDomains,2026-09-30
https://api.github.com/search,0,Tranco-TopDomains,2026-09-30
https://support.docker.com/documentation/getting-started,0,Tranco-TopDomains,2026-09-30
https://nature.com/features/security-whitepaper,0,Tranco-TopDomains,2026-09-30
https://bbc.co.uk/features/security-whitepaper?q=machine+learning,0,Tranco-TopDomains,2026-09-30
https://app.harvard.edu/articles/2026/technology,0,Tranco-TopDomains,2026-09-30
https://bbc.co.uk/projects/open-source?category=engineering,0,Tranco-TopDomains,2026-09-30
https://support.cloudflare.com/terms-of-service,0,Tranco-TopDomains,2026-09-30
https://blog.cnn.com/search?q=machine+learning,0,Tranco-TopDomains,2026-09-30
https://api.adobe.com/documentation/getting-started?id=108274,0,Tranco-TopDomains,2026-09-30
https://docs.nature.com/blog/post-102?category=engineering,0,Tranco-TopDomains,2026-09-30
https://developer.docker.com/documentation/getting-started,0,Tranco-TopDomains,2026-09-30
https://www.salesforce.com?page=2&sort=recent,0,Tranco-TopDomains,2026-09-30
https://app.medium.com/press/announcements,0,Tranco-TopDomains,2026-09-30
https://app.gitlab.com/features/security-whitepaper,0,Tranco-TopDomains,2026-09-30
https://developer.bbc.co.uk/about,0,Tranco-TopDomains,2026-09-30
https://app.cnn.com/features/security-whitepaper?id=108274,0,Tranco-TopDomains,2026-09-30
https://www.stackoverflow.com/press/announcements?page=2&sort=recent,0,Tranco-TopDomains,2026-09-30
https://blog.nature.com/documentation/getting-started,0,Tranco-TopDomains,2026-09-30
https://cloudflare.com/help/faq?category=engineering,0,Tranco-TopDomains,2026-09-30
http://blog.amazon.com/projects/open-source,0,Tranco-TopDomains,2026-09-30
https://docs.github.com/press/announcements?view=grid&filter=active,0,Tranco-TopDomains,2026-09-30
https://app.theguardian.com/features/security-whitepaper?page=2&sort=recent,0,Tranco-TopDomains,2026-09-30
https://blog.netflix.com/help/faq,0,Tranco-TopDomains,2026-09-30
https://support.wsj.com/,0,Tranco-TopDomains,2026-09-30
https://docs.linkedin.com/documentation/getting-started?category=engineering,0,Tranco-TopDomains,2026-09-30
https://adobe.com/features/security-whitepaper,0,Tranco-TopDomains,2026-09-30
https://www.nytimes.com/about,0,Tranco-TopDomains,2026-09-30
https://app.nytimes.com/help/faq,0,Tranco-TopDomains,2026-09-30
https://developer.mit.edu/blog/post-102?id=108274,0,Tranco-TopDomains,2026-09-30
https://mit.edu/download/release-v2.0?view=grid&filter=active,0,Tranco-TopDomains,2026-09-30
https://quora.com/explore,0,Tranco-TopDomains,2026-09-30
https://mozilla.org/explore?q=machine+learning,0,Tranco-TopDomains,2026-09-30
https://support.docker.com/features/security-whitepaper,0,Tranco-TopDomains,2026-09-30
https://apple.com/explore?category=engineering,0,Tranco-TopDomains,2026-09-30
https://python.org/,0,Tranco-TopDomains,2026-09-30
https://developer.github.com/search?page=2&sort=recent,0,Tranco-TopDomains,2026-09-30
https://developer.reuters.com/documentation/getting-started?q=machine+learning,0,Tranco-TopDomains,2026-09-30
https://harvard.edu/legal/privacy-policy?q=machine+learning,0,Tranco-TopDomains,2026-09-30
https://www.dropbox.com,0,Tranco-TopDomains,2026-09-30
https://blog.oracle.com/explore,0,Tranco-TopDomains,2026-09-30
https://salesforce.com/explore,0,Tranco-TopDomains,2026-09-30
https://support.nature.com/search?page=2&sort=recent,0,Tranco-TopDomains,2026-09-30
https://adobe.com/search?lang=en,0,Tranco-TopDomains,2026-09-30
https://app.microsoft.com/projects/open-source?page=2&sort=recent,0,Tranco-TopDomains,2026-09-30
https://support.spotify.com/about,0,Tranco-TopDomains,2026-09-30
https://app.harvard.edu/help/faq,0,Tranco-TopDomains,2026-09-30
https://quora.com/explore?q=machine+learning,0,Tranco-TopDomains,2026-09-30
https://stackoverflow.com/blog/post-102?q=machine+learning,0,Tranco-TopDomains,2026-09-30
https://blog.spotify.com/terms-of-service?id=108274,0,Tranco-TopDomains,2026-09-30
https://oracle.com/projects/open-source,0,Tranco-TopDomains,2026-09-30
https://wikipedia.org,0,Tranco-TopDomains,2026-09-30
https://support.amazon.com/explore?page=2&sort=recent,0,Tranco-TopDomains,2026-09-30
https://www.reddit.com/press/announcements?lang=en,0,Tranco-TopDomains,2026-09-30
https://developer.amazon.com/about?category=engineering,0,Tranco-TopDomains,2026-09-30
https://support.microsoft.com/documentation/getting-started,0,Tranco-TopDomains,2026-09-30
https://blog.salesforce.com/explore?page=2&sort=recent,0,Tranco-TopDomains,2026-09-30
http://nytimes.com/documentation/getting-started?lang=en,0,Tranco-TopDomains,2026-09-30
https://amazon.com?page=2&sort=recent,0,Tranco-TopDomains,2026-09-30
https://developer.slack.com/features/security-whitepaper?page=2&sort=recent,0,Tranco-TopDomains,2026-09-30
https://app.oracle.com/about?page=2&sort=recent,0,Tranco-TopDomains,2026-09-30
https://api.spotify.com/legal/privacy-policy?category=engineering,0,Tranco-TopDomains,2026-09-30
https://docs.cnn.com/press/announcements,0,Tranco-TopDomains,2026-09-30
https://developer.medium.com/download/release-v2.0,0,Tranco-TopDomains,2026-09-30
https://nature.com/explore?id=108274,0,Tranco-TopDomains,2026-09-30
https://harvard.edu/download/release-v2.0?id=108274,0,Tranco-TopDomains,2026-09-30
https://support.gitlab.com/blog/post-102,0,Tranco-TopDomains,2026-09-30
http://blog.digitalocean.com/?id=108274,0,Tranco-TopDomains,2026-09-30
https://api.cloudflare.com/features/security-whitepaper,0,Tranco-TopDomains,2026-09-30
https://microsoft.com/terms-of-service,0,Tranco-TopDomains,2026-09-30
https://blog.mit.edu/?category=engineering,0,Tranco-TopDomains,2026-09-30
https://cnn.com/features/security-whitepaper?q=machine+learning,0,Tranco-TopDomains,2026-09-30
https://docs.amazon.com/help/faq?id=108274,0,Tranco-TopDomains,2026-09-30
https://docs.quora.com/projects/open-source?category=engineering,0,Tranco-TopDomains,2026-09-30
https://mit.edu?category=engineering,0,Tranco-TopDomains,2026-09-30
https://blog.wsj.com/help/faq?view=grid&filter=active,0,Tranco-TopDomains,2026-09-30
http://app.digitalocean.com/blog/post-102?view=grid&filter=active,0,Tranco-TopDomains,2026-09-30
https://blog.stackoverflow.com?page=2&sort=recent,0,Tranco-TopDomains,2026-09-30
https://app.mit.edu/pricing,0,Tranco-TopDomains,2026-09-30
https://docs.gitlab.com/download/release-v2.0?category=engineering,0,Tranco-TopDomains,2026-09-30
https://mozilla.org/help/faq,0,Tranco-TopDomains,2026-09-30
https://developer.python.org,0,Tranco-TopDomains,2026-09-30
https://support.linkedin.com/download/release-v2.0?category=engineering,0,Tranco-TopDomains,2026-09-30
https://app.dropbox.com,0,Tranco-TopDomains,2026-09-30
https://developer.amazon.com/press/announcements?view=grid&filter=active,0,Tranco-TopDomains,2026-09-30
https://medium.com?lang=en,0,Tranco-TopDomains,2026-09-30
https://blog.wsj.com/about?lang=en,0,Tranco-TopDomains,2026-09-30
https://www.adobe.com/about?page=2&sort=recent,0,Tranco-TopDomains,2026-09-30
https://docs.github.com/?lang=en,0,Tranco-TopDomains,2026-09-30
https://support.quora.com/press/announcements?q=machine+learning,0,Tranco-TopDomains,2026-09-30
https://developer.mit.edu/features/security-whitepaper,0,Tranco-TopDomains,2026-09-30
https://app.zoom.us/legal/privacy-policy,0,Tranco-TopDomains,2026-09-30
https://zoom.us/search?q=machine+learning,0,Tranco-TopDomains,2026-09-30
https://developer.amazon.com/press/announcements?lang=en,0,Tranco-TopDomains,2026-09-30
https://api.bbc.co.uk/download/release-v2.0,0,Tranco-TopDomains,2026-09-30
https://app.theguardian.com/legal/privacy-policy,0,Tranco-TopDomains,2026-09-30
https://gitlab.com/about?lang=en,0,Tranco-TopDomains,2026-09-30
https://digitalocean.com?q=machine+learning,0,Tranco-TopDomains,2026-09-30
https://developer.theguardian.com/articles/2026/technology,0,Tranco-TopDomains,2026-09-30
https://amazon.com?lang=en,0,Tranco-TopDomains,2026-09-30
https://wsj.com/documentation/getting-started?page=2&sort=recent,0,Tranco-TopDomains,2026-09-30
https://app.theguardian.com/features/security-whitepaper,0,Tranco-TopDomains,2026-09-30
https://developer.apple.com?id=108274,0,Tranco-TopDomains,2026-09-30
https://blog.salesforce.com,0,Tranco-TopDomains,2026-09-30
https://docs.slack.com/legal/privacy-policy?id=108274,0,Tranco-TopDomains,2026-09-30
https://developer.stackoverflow.com/help/faq?id=108274,0,Tranco-TopDomains,2026-09-30
https://app.nih.gov/features/security-whitepaper?id=108274,0,Tranco-TopDomains,2026-09-30
https://blog.google.com/articles/2026/technology,0,Tranco-TopDomains,2026-09-30
https://blog.medium.com/?category=engineering,0,Tranco-TopDomains,2026-09-30
https://reddit.com/articles/2026/technology?q=machine+learning,0,Tranco-TopDomains,2026-09-30
https://docs.apple.com/pricing,0,Tranco-TopDomains,2026-09-30
https://apple.com/press/announcements?lang=en,0,Tranco-TopDomains,2026-09-30
https://blog.digitalocean.com/search?view=grid&filter=active,0,Tranco-TopDomains,2026-09-30
https://app.slack.com/press/announcements,0,Tranco-TopDomains,2026-09-30
https://www.spotify.com/explore?lang=en,0,Tranco-TopDomains,2026-09-30
https://app.apple.com/download/release-v2.0,0,Tranco-TopDomains,2026-09-30
https://developer.github.com/documentation/getting-started,0,Tranco-TopDomains,2026-09-30
https://blog.nature.com/documentation/getting-started?page=2&sort=recent,0,Tranco-TopDomains,2026-09-30
https://spotify.com/features/security-whitepaper?category=engineering,0,Tranco-TopDomains,2026-09-30
https://app.github.com/download/release-v2.0?lang=en,0,Tranco-TopDomains,2026-09-30
https://support.zoom.us/documentation/getting-started?lang=en,0,Tranco-TopDomains,2026-09-30
https://digitalocean.com/blog/post-102?view=grid&filter=active,0,Tranco-TopDomains,2026-09-30
https://mozilla.org/features/security-whitepaper,0,Tranco-TopDomains,2026-09-30
https://dropbox.com/pricing,0,Tranco-TopDomains,2026-09-30
https://app.spotify.com/documentation/getting-started?category=engineering,0,Tranco-TopDomains,2026-09-30
https://wsj.com?id=108274,0,Tranco-TopDomains,2026-09-30
https://docs.nih.gov/pricing?id=108274,0,Tranco-TopDomains,2026-09-30
https://app.nih.gov/?category=engineering,0,Tranco-TopDomains,2026-09-30
https://support.medium.com/press/announcements,0,Tranco-TopDomains,2026-09-30
http://developer.reuters.com/about?category=engineering,0,Tranco-TopDomains,2026-09-30
https://wikipedia.org/legal/privacy-policy,0,Tranco-TopDomains,2026-09-30
https://app.stackoverflow.com/documentation/getting-started?page=2&sort=recent,0,Tranco-TopDomains,2026-09-30
https://www.nytimes.com/download/release-v2.0,0,Tranco-TopDomains,2026-09-30
https://support.reddit.com?page=2&sort=recent,0,Tranco-TopDomains,2026-09-30
https://cnn.com/blog/post-102?page=2&sort=recent,0,Tranco-TopDomains,2026-09-30
https://support.cloudflare.com/terms-of-service,0,Tranco-TopDomains,2026-09-30
https://docs.netflix.com/legal/privacy-policy?view=grid&filter=active,0,Tranco-TopDomains,2026-09-30
https://app.stackoverflow.com/explore?category=engineering,0,Tranco-TopDomains,2026-09-30
http://www.github.com/legal/privacy-policy?lang=en,0,Tranco-TopDomains,2026-09-30
https://support.stripe.com/about?view=grid&filter=active,0,Tranco-TopDomains,2026-09-30
https://reddit.com/search?lang=en,0,Tranco-TopDomains,2026-09-30
https://wsj.com?category=engineering,0,Tranco-TopDomains,2026-09-30
https://nature.com/explore?lang=en,0,Tranco-TopDomains,2026-09-30
https://support.linkedin.com/explore?q=machine+learning,0,Tranco-TopDomains,2026-09-30
https://support.bbc.co.uk/pricing?lang=en,0,Tranco-TopDomains,2026-09-30
https://app.wsj.com/documentation/getting-started?category=engineering,0,Tranco-TopDomains,2026-09-30
https://developer.nature.com/legal/privacy-policy?id=108274,0,Tranco-TopDomains,2026-09-30
https://oracle.com/terms-of-service?page=2&sort=recent,0,Tranco-TopDomains,2026-09-30
https://adobe.com/explore,0,Tranco-TopDomains,2026-09-30
https://bbc.co.uk/press/announcements?page=2&sort=recent,0,Tranco-TopDomains,2026-09-30
https://zoom.us/help/faq,0,Tranco-TopDomains,2026-09-30
https://support.apple.com/?q=machine+learning,0,Tranco-TopDomains,2026-09-30
https://blog.wsj.com/pricing?q=machine+learning,0,Tranco-TopDomains,2026-09-30
https://support.cnn.com/search,0,Tranco-TopDomains,2026-09-30
https://api.medium.com/help/faq,0,Tranco-TopDomains,2026-09-30
https://google.com?lang=en,0,Tranco-TopDomains,2026-09-30
http://blog.oracle.com/blog/post-102,0,Tranco-TopDomains,2026-09-30
https://support.zoom.us/blog/post-102?id=108274,0,Tranco-TopDomains,2026-09-30
https://developer.digitalocean.com/download/release-v2.0,0,Tranco-TopDomains,2026-09-30
https://docs.digitalocean.com/articles/2026/technology,0,Tranco-TopDomains,2026-09-30
https://api.oracle.com/download/release-v2.0?page=2&sort=recent,0,Tranco-TopDomains,2026-09-30
https://api.gitlab.com?view=grid&filter=active,0,Tranco-TopDomains,2026-09-30
https://api.oracle.com/documentation/getting-started?q=machine+learning,0,Tranco-TopDomains,2026-09-30
https://support.microsoft.com/search?q=machine+learning,0,Tranco-TopDomains,2026-09-30
https://docs.netflix.com/pricing?category=engineering,0,Tranco-TopDomains,2026-09-30
https://support.bbc.co.uk/terms-of-service?lang=en,0,Tranco-TopDomains,2026-09-30
https://api.slack.com/help/faq?q=machine+learning,0,Tranco-TopDomains,2026-09-30
https://support.google.com/articles/2026/technology,0,Tranco-TopDomains,2026-09-30
https://docs.mozilla.org/articles/2026/technology?view=grid&filter=active,0,Tranco-TopDomains,2026-09-30
https://developer.reddit.com/legal/privacy-policy?category=engineering,0,Tranco-TopDomains,2026-09-30
http://app.adobe.com/about?category=engineering,0,Tranco-TopDomains,2026-09-30
https://apple.com/blog/post-102,0,Tranco-TopDomains,2026-09-30
http://docs.theguardian.com/pricing,0,Tranco-TopDomains,2026-09-30
https://wsj.com/explore?view=grid&filter=active,0,Tranco-TopDomains,2026-09-30
https://developer.slack.com/press/announcements?id=108274,0,Tranco-TopDomains,2026-09-30
https://apple.com/help/faq?view=grid&filter=active,0,Tranco-TopDomains,2026-09-30
https://docs.google.com/features/security-whitepaper,0,Tranco-TopDomains,2026-09-30
https://docs.stripe.com/articles/2026/technology?category=engineering,0,Tranco-TopDomains,2026-09-30
https://stackoverflow.com/?q=machine+learning,0,Tranco-TopDomains,2026-09-30
https://developer.nih.gov/terms-of-service?q=machine+learning,0,Tranco-TopDomains,2026-09-30
https://blog.zoom.us/?view=grid&filter=active,0,Tranco-TopDomains,2026-09-30
https://api.nytimes.com/blog/post-102?id=108274,0,Tranco-TopDomains,2026-09-30
https://python.org/documentation/getting-started?id=108274,0,Tranco-TopDomains,2026-09-30
http://api.medium.com/blog/post-102,0,Tranco-TopDomains,2026-09-30
https://docs.digitalocean.com/legal/privacy-policy?page=2&sort=recent,0,Tranco-TopDomains,2026-09-30
https://api.docker.com/search?q=machine+learning,0,Tranco-TopDomains,2026-09-30
https://wikipedia.org/search?q=machine+learning,0,Tranco-TopDomains,2026-09-30
https://docs.gitlab.com/press/announcements,0,Tranco-TopDomains,2026-09-30
https://www.slack.com/documentation/getting-started?lang=en,0,Tranco-TopDomains,2026-09-30
https://developer.nytimes.com/articles/2026/technology,0,Tranco-TopDomains,2026-09-30
https://blog.nature.com/pricing,0,Tranco-TopDomains,2026-09-30
https://api.reddit.com?id=108274,0,Tranco-TopDomains,2026-09-30
https://app.wikipedia.org/pricing?q=machine+learning,0,Tranco-TopDomains,2026-09-30
https://api.medium.com/projects/open-source,0,Tranco-TopDomains,2026-09-30
https://api.nih.gov/search?lang=en,0,Tranco-TopDomains,2026-09-30
http://api.nih.gov/documentation/getting-started?lang=en,0,Tranco-TopDomains,2026-09-30
https://blog.cloudflare.com/about?category=engineering,0,Tranco-TopDomains,2026-09-30
https://docs.theguardian.com/about?category=engineering,0,Tranco-TopDomains,2026-09-30
https://docs.bbc.co.uk/blog/post-102?lang=en,0,Tranco-TopDomains,2026-09-30
https://docs.netflix.com/blog/post-102?category=engineering,0,Tranco-TopDomains,2026-09-30
https://www.wsj.com/help/faq,0,Tranco-TopDomains,2026-09-30
https://developer.harvard.edu/explore,0,Tranco-TopDomains,2026-09-30
https://www.adobe.com/explore,0,Tranco-TopDomains,2026-09-30
https://blog.theguardian.com/blog/post-102?id=108274,0,Tranco-TopDomains,2026-09-30
https://app.digitalocean.com/search,0,Tranco-TopDomains,2026-09-30
https://developer.adobe.com/search?view=grid&filter=active,0,Tranco-TopDomains,2026-09-30
https://gitlab.com/blog/post-102?category=engineering,0,Tranco-TopDomains,2026-09-30
https://app.apple.com/pricing?lang=en,0,Tranco-TopDomains,2026-09-30
https://www.python.org/documentation/getting-started?view=grid&filter=active,0,Tranco-TopDomains,2026-09-30
https://www.cnn.com/explore,0,Tranco-TopDomains,2026-09-30
https://developer.nature.com?category=engineering,0,Tranco-TopDomains,2026-09-30
https://app.nytimes.com/projects/open-source,0,Tranco-TopDomains,2026-09-30
https://theguardian.com/projects/open-source,0,Tranco-TopDomains,2026-09-30
https://github.com,0,Tranco-TopDomains,2026-09-30
https://google.com/about?id=108274,0,Tranco-TopDomains,2026-09-30
https://support.digitalocean.com/explore,0,Tranco-TopDomains,2026-09-30
https://app.theguardian.com/press/announcements?category=engineering,0,Tranco-TopDomains,2026-09-30
https://nature.com/legal/privacy-policy?q=machine+learning,0,Tranco-TopDomains,2026-09-30
https://docs.apple.com/?q=machine+learning,0,Tranco-TopDomains,2026-09-30
https://api.salesforce.com/documentation/getting-started,0,Tranco-TopDomains,2026-09-30
https://developer.amazon.com/blog/post-102?category=engineering,0,Tranco-TopDomains,2026-09-30
https://nature.com/projects/open-source?page=2&sort=recent,0,Tranco-TopDomains,2026-09-30
https://adobe.com/,0,Tranco-TopDomains,2026-09-30
http://developer.microsoft.com/pricing,0,Tranco-TopDomains,2026-09-30
https://api.linkedin.com/pricing?view=grid&filter=active,0,Tranco-TopDomains,2026-09-30
https://dropbox.com/?category=engineering,0,Tranco-TopDomains,2026-09-30
https://support.zoom.us/blog/post-102,0,Tranco-TopDomains,2026-09-30
https://api.slack.com/legal/privacy-policy,0,Tranco-TopDomains,2026-09-30
https://docs.nih.gov?view=grid&filter=active,0,Tranco-TopDomains,2026-09-30
http://support.cloudflare.com/blog/post-102?view=grid&filter=active,0,Tranco-TopDomains,2026-09-30
https://api.google.com/projects/open-source?category=engineering,0,Tranco-TopDomains,2026-09-30
https://docs.mit.edu/search?category=engineering,0,Tranco-TopDomains,2026-09-30
https://slack.com/pricing?view=grid&filter=active,0,Tranco-TopDomains,2026-09-30
https://www.reuters.com/download/release-v2.0?id=108274,0,Tranco-TopDomains,2026-09-30
https://developer.stackoverflow.com/press/announcements,0,Tranco-TopDomains,2026-09-30
https://app.netflix.com/download/release-v2.0,0,Tranco-TopDomains,2026-09-30
http://app.wikipedia.org/features/security-whitepaper?category=engineering,0,Tranco-TopDomains,2026-09-30
https://cnn.com,0,Tranco-TopDomains,2026-09-30
http://developer.spotify.com/articles/2026/technology?category=engineering,0,Tranco-TopDomains,2026-09-30
https://blog.apple.com?page=2&sort=recent,0,Tranco-TopDomains,2026-09-30
https://developer.wikipedia.org/help/faq?page=2&sort=recent,0,Tranco-TopDomains,2026-09-30
https://developer.stackoverflow.com/press/announcements?view=grid&filter=active,0,Tranco-TopDomains,2026-09-30
https://apple.com/press/announcements?lang=en,0,Tranco-TopDomains,2026-09-30
https://bbc.co.uk/explore?id=108274,0,Tranco-TopDomains,2026-09-30
https://nature.com/blog/post-102,0,Tranco-TopDomains,2026-09-30
https://slack.com/download/release-v2.0?lang=en,0,Tranco-TopDomains,2026-09-30
https://app.mozilla.org/press/announcements?page=2&sort=recent,0,Tranco-TopDomains,2026-09-30
https://developer.wikipedia.org/?lang=en,0,Tranco-TopDomains,2026-09-30
https://docs.netflix.com/search,0,Tranco-TopDomains,2026-09-30
https://docs.spotify.com/help/faq?view=grid&filter=active,0,Tranco-TopDomains,2026-09-30
https://api.github.com/download/release-v2.0?id=108274,0,Tranco-TopDomains,2026-09-30
https://mozilla.org/help/faq?view=grid&filter=active,0,Tranco-TopDomains,2026-09-30
https://microsoft.com/about?category=engineering,0,Tranco-TopDomains,2026-09-30
https://support.dropbox.com/blog/post-102,0,Tranco-TopDomains,2026-09-30
https://harvard.edu/blog/post-102?view=grid&filter=active,0,Tranco-TopDomains,2026-09-30
http://theguardian.com/terms-of-service?lang=en,0,Tranco-TopDomains,2026-09-30
https://developer.apple.com/articles/2026/technology,0,Tranco-TopDomains,2026-09-30
https://www.gitlab.com/about,0,Tranco-TopDomains,2026-09-30
https://support.wikipedia.org/help/faq,0,Tranco-TopDomains,2026-09-30
https://api.amazon.com/,0,Tranco-TopDomains,2026-09-30
https://netflix.com/articles/2026/technology?view=grid&filter=active,0,Tranco-TopDomains,2026-09-30
https://cloudflare.com/terms-of-service,0,Tranco-TopDomains,2026-09-30
https://api.github.com/documentation/getting-started?view=grid&filter=active,0,Tranco-TopDomains,2026-09-30
https://www.python.org/,0,Tranco-TopDomains,2026-09-30
http://app.digitalocean.com/terms-of-service,0,Tranco-TopDomains,2026-09-30
https://docs.reddit.com/about?id=108274,0,Tranco-TopDomains,2026-09-30
https://blog.oracle.com/terms-of-service?lang=en,0,Tranco-TopDomains,2026-09-30
https://app.mozilla.org/features/security-whitepaper?category=engineering,0,Tranco-TopDomains,2026-09-30
https://support.harvard.edu/help/faq,0,Tranco-TopDomains,2026-09-30
https://developer.linkedin.com/explore?category=engineering,0,Tranco-TopDomains,2026-09-30
https://app.apple.com/search?view=grid&filter=active,0,Tranco-TopDomains,2026-09-30
https://blog.oracle.com/about?q=machine+learning,0,Tranco-TopDomains,2026-09-30
http://wikipedia.org/blog/post-102?page=2&sort=recent,0,Tranco-TopDomains,2026-09-30
https://blog.spotify.com/pricing?q=machine+learning,0,Tranco-TopDomains,2026-09-30
https://developer.wikipedia.org/legal/privacy-policy?q=machine+learning,0,Tranco-TopDomains,2026-09-30
https://developer.netflix.com/blog/post-102?id=108274,0,Tranco-TopDomains,2026-09-30
https://api.cnn.com/search?category=engineering,0,Tranco-TopDomains,2026-09-30
https://docs.slack.com/download/release-v2.0,0,Tranco-TopDomains,2026-09-30
https://www.gitlab.com/documentation/getting-started?lang=en,0,Tranco-TopDomains,2026-09-30
https://blog.wsj.com/projects/open-source?id=108274,0,Tranco-TopDomains,2026-09-30
https://api.bbc.co.uk/documentation/getting-started?category=engineering,0,Tranco-TopDomains,2026-09-30
http://support.oracle.com/search?id=108274,0,Tranco-TopDomains,2026-09-30
https://dropbox.com/features/security-whitepaper?view=grid&filter=active,0,Tranco-TopDomains,2026-09-30
https://support.amazon.com/help/faq?view=grid&filter=active,0,Tranco-TopDomains,2026-09-30
https://spotify.com/help/faq?category=engineering,0,Tranco-TopDomains,2026-09-30
https://bbc.co.uk/?id=108274,0,Tranco-TopDomains,2026-09-30
https://adobe.com/?view=grid&filter=active,0,Tranco-TopDomains,2026-09-30
https://oracle.com/explore?q=machine+learning,0,Tranco-TopDomains,2026-09-30
https://apple.com/features/security-whitepaper?id=108274,0,Tranco-TopDomains,2026-09-30
https://app.cloudflare.com,0,Tranco-TopDomains,2026-09-30
https://developer.salesforce.com/pricing,0,Tranco-TopDomains,2026-09-30
https://bbc.co.uk?category=engineering,0,Tranco-TopDomains,2026-09-30
https://www.netflix.com/terms-of-service?lang=en,0,Tranco-TopDomains,2026-09-30
https://apple.com,0,Tranco-TopDomains,2026-09-30
https://developer.bbc.co.uk/terms-of-service?page=2&sort=recent,0,Tranco-TopDomains,2026-09-30
https://amazon.com/articles/2026/technology?category=engineering,0,Tranco-TopDomains,2026-09-30
https://amazon.com/terms-of-service,0,Tranco-TopDomains,2026-09-30
https://api.bbc.co.uk/blog/post-102?view=grid&filter=active,0,Tranco-TopDomains,2026-09-30
http://dropbox.com/features/security-whitepaper?lang=en,0,Tranco-TopDomains,2026-09-30
https://quora.com/features/security-whitepaper?q=machine+learning,0,Tranco-TopDomains,2026-09-30
https://app.docker.com/?page=2&sort=recent,0,Tranco-TopDomains,2026-09-30
http://netflix.com/documentation/getting-started,0,Tranco-TopDomains,2026-09-30
https://docs.slack.com/projects/open-source?lang=en,0,Tranco-TopDomains,2026-09-30
https://www.google.com/explore,0,Tranco-TopDomains,2026-09-30
http://python.org/projects/open-source?category=engineering,0,Tranco-TopDomains,2026-09-30
https://salesforce.com/about?id=108274,0,Tranco-TopDomains,2026-09-30
https://www.cloudflare.com/terms-of-service,0,Tranco-TopDomains,2026-09-30
https://api.spotify.com/documentation/getting-started?page=2&sort=recent,0,Tranco-TopDomains,2026-09-30
https://dropbox.com/?page=2&sort=recent,0,Tranco-TopDomains,2026-09-30
https://github.com/download/release-v2.0?view=grid&filter=active,0,Tranco-TopDomains,2026-09-30
https://google.com/pricing?category=engineering,0,Tranco-TopDomains,2026-09-30
https://nature.com/about?id=108274,0,Tranco-TopDomains,2026-09-30
https://developer.gitlab.com/blog/post-102,0,Tranco-TopDomains,2026-09-30
https://developer.cnn.com/blog/post-102,0,Tranco-TopDomains,2026-09-30
https://www.harvard.edu/legal/privacy-policy?lang=en,0,Tranco-TopDomains,2026-09-30
https://www.netflix.com,0,Tranco-TopDomains,2026-09-30
https://support.docker.com/articles/2026/technology?page=2&sort=recent,0,Tranco-TopDomains,2026-09-30
https://harvard.edu/help/faq,0,Tranco-TopDomains,2026-09-30
https://support.harvard.edu/terms-of-service?lang=en,0,Tranco-TopDomains,2026-09-30
https://slack.com/legal/privacy-policy,0,Tranco-TopDomains,2026-09-30
https://medium.com/,0,Tranco-TopDomains,2026-09-30
https://www.mozilla.org/documentation/getting-started?lang=en,0,Tranco-TopDomains,2026-09-30
https://cloudflare.com,0,Tranco-TopDomains,2026-09-30
http://stripe.com/help/faq?q=machine+learning,0,Tranco-TopDomains,2026-09-30
https://blog.wsj.com/download/release-v2.0?id=108274,0,Tranco-TopDomains,2026-09-30
https://google.com/explore,0,Tranco-TopDomains,2026-09-30
https://www.gitlab.com/search,0,Tranco-TopDomains,2026-09-30
https://developer.dropbox.com/terms-of-service?id=108274,0,Tranco-TopDomains,2026-09-30
https://developer.wsj.com/terms-of-service,0,Tranco-TopDomains,2026-09-30
http://docs.digitalocean.com/articles/2026/technology?category=engineering,0,Tranco-TopDomains,2026-09-30
https://support.cnn.com/articles/2026/technology,0,Tranco-TopDomains,2026-09-30
https://developer.mozilla.org/help/faq?page=2&sort=recent,0,Tranco-TopDomains,2026-09-30
https://docs.wikipedia.org/features/security-whitepaper?view=grid&filter=active,0,Tranco-TopDomains,2026-09-30
https://python.org/features/security-whitepaper,0,Tranco-TopDomains,2026-09-30
http://spotify.com/documentation/getting-started?id=108274,0,Tranco-TopDomains,2026-09-30
https://support.mit.edu/articles/2026/technology,0,Tranco-TopDomains,2026-09-30
https://nytimes.com/help/faq?id=108274,0,Tranco-TopDomains,2026-09-30
https://app.reuters.com/press/announcements,0,Tranco-TopDomains,2026-09-30
https://support.cloudflare.com/explore,0,Tranco-TopDomains,2026-09-30
https://blog.harvard.edu/help/faq?page=2&sort=recent,0,Tranco-TopDomains,2026-09-30
https://app.apple.com/terms-of-service?view=grid&filter=active,0,Tranco-TopDomains,2026-09-30
https://reddit.com/explore?category=engineering,0,Tranco-TopDomains,2026-09-30
https://github.com/terms-of-service?q=machine+learning,0,Tranco-TopDomains,2026-09-30
https://harvard.edu/pricing,0,Tranco-TopDomains,2026-09-30
https://reddit.com/blog/post-102?page=2&sort=recent,0,Tranco-TopDomains,2026-09-30
https://oracle.com/explore?id=108274,0,Tranco-TopDomains,2026-09-30
https://reddit.com,0,Tranco-TopDomains,2026-09-30
https://app.harvard.edu/legal/privacy-policy?id=108274,0,Tranco-TopDomains,2026-09-30
https://nih.gov/search,0,Tranco-TopDomains,2026-09-30
https://docs.linkedin.com/press/announcements?lang=en,0,Tranco-TopDomains,2026-09-30
https://blog.python.org/explore,0,Tranco-TopDomains,2026-09-30
https://app.netflix.com/projects/open-source,0,Tranco-TopDomains,2026-09-30
https://google.com/?q=machine+learning,0,Tranco-TopDomains,2026-09-30
https://linkedin.com/documentation/getting-started,0,Tranco-TopDomains,2026-09-30
https://developer.gitlab.com/help/faq,0,Tranco-TopDomains,2026-09-30
http://www.cloudflare.com/help/faq?q=machine+learning,0,Tranco-TopDomains,2026-09-30
https://blog.python.org/about?category=engineering,0,Tranco-TopDomains,2026-09-30
https://support.amazon.com/blog/post-102?category=engineering,0,Tranco-TopDomains,2026-09-30
https://api.amazon.com/documentation/getting-started?view=grid&filter=active,0,Tranco-TopDomains,2026-09-30
https://support.spotify.com/explore?id=108274,0,Tranco-TopDomains,2026-09-30
https://wikipedia.org/articles/2026/technology,0,Tranco-TopDomains,2026-09-30
https://developer.wikipedia.org/legal/privacy-policy?category=engineering,0,Tranco-TopDomains,2026-09-30
https://github.com/projects/open-source,0,Tranco-TopDomains,2026-09-30
https://docs.microsoft.com/documentation/getting-started?id=108274,0,Tranco-TopDomains,2026-09-30
https://app.wikipedia.org/pricing?category=engineering,0,Tranco-TopDomains,2026-09-30
https://www.apple.com/explore?category=engineering,0,Tranco-TopDomains,2026-09-30
https://theguardian.com/help/faq?category=engineering,0,Tranco-TopDomains,2026-09-30
https://support.netflix.com/pricing?view=grid&filter=active,0,Tranco-TopDomains,2026-09-30
https://support.github.com/documentation/getting-started?category=engineering,0,Tranco-TopDomains,2026-09-30
https://app.apple.com/pricing?page=2&sort=recent,0,Tranco-TopDomains,2026-09-30
https://app.oracle.com/legal/privacy-policy?lang=en,0,Tranco-TopDomains,2026-09-30
https://developer.github.com/download/release-v2.0?category=engineering,0,Tranco-TopDomains,2026-09-30
https://app.oracle.com/projects/open-source?q=machine+learning,0,Tranco-TopDomains,2026-09-30
https://spotify.com/legal/privacy-policy?category=engineering,0,Tranco-TopDomains,2026-09-30
https://mit.edu/articles/2026/technology?category=engineering,0,Tranco-TopDomains,2026-09-30
https://stackoverflow.com/legal/privacy-policy,0,Tranco-TopDomains,2026-09-30
https://stripe.com/terms-of-service?id=108274,0,Tranco-TopDomains,2026-09-30
https://linkedin.com/explore?id=108274,0,Tranco-TopDomains,2026-09-30
https://blog.github.com/press/announcements,0,Tranco-TopDomains,2026-09-30
https://stripe.com/documentation/getting-started?lang=en,0,Tranco-TopDomains,2026-09-30
https://app.apple.com/pricing?lang=en,0,Tranco-TopDomains,2026-09-30
https://api.nature.com/documentation/getting-started,0,Tranco-TopDomains,2026-09-30
https://developer.salesforce.com/articles/2026/technology?page=2&sort=recent,0,Tranco-TopDomains,2026-09-30
https://blog.netflix.com/documentation/getting-started?q=machine+learning,0,Tranco-TopDomains,2026-09-30
https://mit.edu/documentation/getting-started,0,Tranco-TopDomains,2026-09-30
http://blog.netflix.com/press/announcements?category=engineering,0,Tranco-TopDomains,2026-09-30
https://api.linkedin.com/features/security-whitepaper?category=engineering,0,Tranco-TopDomains,2026-09-30
https://developer.linkedin.com/terms-of-service?view=grid&filter=active,0,Tranco-TopDomains,2026-09-30
https://api.linkedin.com/projects/open-source?page=2&sort=recent,0,Tranco-TopDomains,2026-09-30
https://api.digitalocean.com/press/announcements?lang=en,0,Tranco-TopDomains,2026-09-30
https://support.theguardian.com/about?category=engineering,0,Tranco-TopDomains,2026-09-30
https://linkedin.com/about,0,Tranco-TopDomains,2026-09-30
https://netflix.com?page=2&sort=recent,0,Tranco-TopDomains,2026-09-30
https://blog.oracle.com/about?page=2&sort=recent,0,Tranco-TopDomains,2026-09-30
https://app.slack.com/search?page=2&sort=recent,0,Tranco-TopDomains,2026-09-30
https://app.netflix.com/pricing?category=engineering,0,Tranco-TopDomains,2026-09-30
http://gitlab.com/explore?q=machine+learning,0,Tranco-TopDomains,2026-09-30
https://linkedin.com/documentation/getting-started?page=2&sort=recent,0,Tranco-TopDomains,2026-09-30
https://docs.stackoverflow.com/articles/2026/technology?category=engineering,0,Tranco-TopDomains,2026-09-30
https://salesforce.com/blog/post-102?id=108274,0,Tranco-TopDomains,2026-09-30
https://cnn.com/download/release-v2.0,0,Tranco-TopDomains,2026-09-30
https://docs.adobe.com/projects/open-source,0,Tranco-TopDomains,2026-09-30
https://www.stripe.com/features/security-whitepaper?q=machine+learning,0,Tranco-TopDomains,2026-09-30
https://microsoft.com/explore?view=grid&filter=active,0,Tranco-TopDomains,2026-09-30
https://spotify.com/search,0,Tranco-TopDomains,2026-09-30
https://developer.nature.com/about?id=108274,0,Tranco-TopDomains,2026-09-30
https://www.nytimes.com/help/faq?lang=en,0,Tranco-TopDomains,2026-09-30
https://support.bbc.co.uk/features/security-whitepaper?lang=en,0,Tranco-TopDomains,2026-09-30
https://quora.com/explore?view=grid&filter=active,0,Tranco-TopDomains,2026-09-30
https://nytimes.com/download/release-v2.0?page=2&sort=recent,0,Tranco-TopDomains,2026-09-30
https://www.mozilla.org/features/security-whitepaper?view=grid&filter=active,0,Tranco-TopDomains,2026-09-30
https://support.digitalocean.com/terms-of-service?category=engineering,0,Tranco-TopDomains,2026-09-30
https://docker.com/explore?lang=en,0,Tranco-TopDomains,2026-09-30
https://api.github.com/search?view=grid&filter=active,0,Tranco-TopDomains,2026-09-30
https://wikipedia.org/help/faq?page=2&sort=recent,0,Tranco-TopDomains,2026-09-30
https://github.com,0,Tranco-TopDomains,2026-09-30
https://bbc.co.uk/about?lang=en,0,Tranco-TopDomains,2026-09-30
http://www.docker.com/explore?category=engineering,0,Tranco-TopDomains,2026-09-30
https://www.oracle.com/explore?q=machine+learning,0,Tranco-TopDomains,2026-09-30
https://reuters.com/press/announcements,0,Tranco-TopDomains,2026-09-30
https://mit.edu/projects/open-source?category=engineering,0,Tranco-TopDomains,2026-09-30
https://spotify.com/pricing,0,Tranco-TopDomains,2026-09-30
https://app.microsoft.com/articles/2026/technology?view=grid&filter=active,0,Tranco-TopDomains,2026-09-30
https://spotify.com/help/faq?page=2&sort=recent,0,Tranco-TopDomains,2026-09-30
https://www.harvard.edu/search,0,Tranco-TopDomains,2026-09-30
https://www.gitlab.com/projects/open-source?id=108274,0,Tranco-TopDomains,2026-09-30
https://bbc.co.uk/legal/privacy-policy?page=2&sort=recent,0,Tranco-TopDomains,2026-09-30
https://api.nih.gov/documentation/getting-started,0,Tranco-TopDomains,2026-09-30
https://digitalocean.com/help/faq,0,Tranco-TopDomains,2026-09-30
https://apple.com/features/security-whitepaper,0,Tranco-TopDomains,2026-09-30
https://app.zoom.us/press/announcements,0,Tranco-TopDomains,2026-09-30
https://www.nytimes.com/pricing,0,Tranco-TopDomains,2026-09-30
https://quora.com/search?category=engineering,0,Tranco-TopDomains,2026-09-30
https://www.nature.com/articles/2026/technology,0,Tranco-TopDomains,2026-09-30
https://support.quora.com/blog/post-102?id=108274,0,Tranco-TopDomains,2026-09-30
https://developer.slack.com/projects/open-source?page=2&sort=recent,0,Tranco-TopDomains,2026-09-30
https://medium.com/search?q=machine+learning,0,Tranco-TopDomains,2026-09-30
https://harvard.edu/search,0,Tranco-TopDomains,2026-09-30
https://theguardian.com/explore?lang=en,0,Tranco-TopDomains,2026-09-30
https://api.mozilla.org/search,0,Tranco-TopDomains,2026-09-30
https://support.spotify.com/?category=engineering,0,Tranco-TopDomains,2026-09-30
https://www.dropbox.com/help/faq,0,Tranco-TopDomains,2026-09-30
https://developer.cnn.com/documentation/getting-started,0,Tranco-TopDomains,2026-09-30
https://blog.stackoverflow.com/?lang=en,0,Tranco-TopDomains,2026-09-30
http://docs.quora.com/explore?q=machine+learning,0,Tranco-TopDomains,2026-09-30
https://www.adobe.com/legal/privacy-policy,0,Tranco-TopDomains,2026-09-30
https://adobe.com,0,Tranco-TopDomains,2026-09-30
https://zoom.us/pricing,0,Tranco-TopDomains,2026-09-30
https://support.salesforce.com/documentation/getting-started?view=grid&filter=active,0,Tranco-TopDomains,2026-09-30
https://zoom.us/terms-of-service?lang=en,0,Tranco-TopDomains,2026-09-30
https://api.github.com/terms-of-service?lang=en,0,Tranco-TopDomains,2026-09-30
https://bbc.co.uk/help/faq,0,Tranco-TopDomains,2026-09-30
https://linkedin.com/about?page=2&sort=recent,0,Tranco-TopDomains,2026-09-30
https://linkedin.com/about?category=engineering,0,Tranco-TopDomains,2026-09-30
https://app.harvard.edu/terms-of-service?view=grid&filter=active,0,Tranco-TopDomains,2026-09-30
https://spotify.com/?view=grid&filter=active,0,Tranco-TopDomains,2026-09-30
https://python.org/blog/post-102,0,Tranco-TopDomains,2026-09-30
https://nytimes.com/about?view=grid&filter=active,0,Tranco-TopDomains,2026-09-30
https://apple.com/legal/privacy-policy,0,Tranco-TopDomains,2026-09-30
https://support.cnn.com/pricing?view=grid&filter=active,0,Tranco-TopDomains,2026-09-30
https://support.docker.com/?id=108274,0,Tranco-TopDomains,2026-09-30
https://wikipedia.org/download/release-v2.0?view=grid&filter=active,0,Tranco-TopDomains,2026-09-30
https://nih.gov/articles/2026/technology,0,Tranco-TopDomains,2026-09-30
https://zoom.us/features/security-whitepaper?page=2&sort=recent,0,Tranco-TopDomains,2026-09-30
https://blog.reuters.com/press/announcements?id=108274,0,Tranco-TopDomains,2026-09-30
https://www.cnn.com/legal/privacy-policy?q=machine+learning,0,Tranco-TopDomains,2026-09-30
https://support.apple.com/terms-of-service?lang=en,0,Tranco-TopDomains,2026-09-30
https://app.theguardian.com/terms-of-service,0,Tranco-TopDomains,2026-09-30
https://mozilla.org/articles/2026/technology,0,Tranco-TopDomains,2026-09-30
https://spotify.com/help/faq?view=grid&filter=active,0,Tranco-TopDomains,2026-09-30
https://docs.linkedin.com/features/security-whitepaper?lang=en,0,Tranco-TopDomains,2026-09-30
https://amazon.com/search?category=engineering,0,Tranco-TopDomains,2026-09-30
https://support.docker.com/legal/privacy-policy?lang=en,0,Tranco-TopDomains,2026-09-30
https://developer.digitalocean.com/pricing?lang=en,0,Tranco-TopDomains,2026-09-30
https://docs.gitlab.com/about?category=engineering,0,Tranco-TopDomains,2026-09-30
https://api.zoom.us/download/release-v2.0,0,Tranco-TopDomains,2026-09-30
https://dropbox.com?category=engineering,0,Tranco-TopDomains,2026-09-30
http://www.adobe.com/press/announcements?q=machine+learning,0,Tranco-TopDomains,2026-09-30
https://docs.zoom.us/download/release-v2.0,0,Tranco-TopDomains,2026-09-30
https://gitlab.com/explore?page=2&sort=recent,0,Tranco-TopDomains,2026-09-30
http://www.zoom.us/terms-of-service?q=machine+learning,0,Tranco-TopDomains,2026-09-30
https://app.netflix.com/features/security-whitepaper,0,Tranco-TopDomains,2026-09-30
https://spotify.com/articles/2026/technology?id=108274,0,Tranco-TopDomains,2026-09-30
https://www.stripe.com/download/release-v2.0?lang=en,0,Tranco-TopDomains,2026-09-30
https://api.apple.com/legal/privacy-policy?id=108274,0,Tranco-TopDomains,2026-09-30
https://app.nature.com/terms-of-service?category=engineering,0,Tranco-TopDomains,2026-09-30
https://support.salesforce.com/download/release-v2.0?q=machine+learning,0,Tranco-TopDomains,2026-09-30
https://docs.dropbox.com/legal/privacy-policy?q=machine+learning,0,Tranco-TopDomains,2026-09-30
https://medium.com/legal/privacy-policy,0,Tranco-TopDomains,2026-09-30
https://app.cnn.com/documentation/getting-started?lang=en,0,Tranco-TopDomains,2026-09-30
https://docs.gitlab.com/documentation/getting-started?lang=en,0,Tranco-TopDomains,2026-09-30
https://medium.com/articles/2026/technology,0,Tranco-TopDomains,2026-09-30
https://blog.dropbox.com/download/release-v2.0,0,Tranco-TopDomains,2026-09-30
https://www.reddit.com/blog/post-102,0,Tranco-TopDomains,2026-09-30
https://cloudflare.com/features/security-whitepaper,0,Tranco-TopDomains,2026-09-30
https://bbc.co.uk/press/announcements,0,Tranco-TopDomains,2026-09-30
https://blog.oracle.com/help/faq?q=machine+learning,0,Tranco-TopDomains,2026-09-30
https://api.stripe.com/terms-of-service?view=grid&filter=active,0,Tranco-TopDomains,2026-09-30
http://python.org/?q=machine+learning,0,Tranco-TopDomains,2026-09-30
https://docs.oracle.com/download/release-v2.0?lang=en,0,Tranco-TopDomains,2026-09-30
https://wikipedia.org/documentation/getting-started,0,Tranco-TopDomains,2026-09-30
https://api.mozilla.org/explore,0,Tranco-TopDomains,2026-09-30
https://developer.harvard.edu/terms-of-service?category=engineering,0,Tranco-TopDomains,2026-09-30
https://app.reuters.com/pricing?q=machine+learning,0,Tranco-TopDomains,2026-09-30
https://developer.dropbox.com?id=108274,0,Tranco-TopDomains,2026-09-30
https://app.apple.com/projects/open-source,0,Tranco-TopDomains,2026-09-30
https://blog.netflix.com/legal/privacy-policy?q=machine+learning,0,Tranco-TopDomains,2026-09-30
https://support.adobe.com/pricing?q=machine+learning,0,Tranco-TopDomains,2026-09-30
https://blog.nih.gov/help/faq,0,Tranco-TopDomains,2026-09-30
https://salesforce.com/projects/open-source?category=engineering,0,Tranco-TopDomains,2026-09-30
https://python.org/documentation/getting-started?q=machine+learning,0,Tranco-TopDomains,2026-09-30
https://salesforce.com/blog/post-102?category=engineering,0,Tranco-TopDomains,2026-09-30
https://cloudflare.com/legal/privacy-policy?q=machine+learning,0,Tranco-TopDomains,2026-09-30
https://blog.stripe.com/pricing?id=108274,0,Tranco-TopDomains,2026-09-30
https://blog.github.com/terms-of-service,0,Tranco-TopDomains,2026-09-30
https://support.linkedin.com/,0,Tranco-TopDomains,2026-09-30
https://developer.apple.com/features/security-whitepaper?lang=en,0,Tranco-TopDomains,2026-09-30
https://www.medium.com/?lang=en,0,Tranco-TopDomains,2026-09-30
https://adobe.com/search?q=machine+learning,0,Tranco-TopDomains,2026-09-30
https://netflix.com/articles/2026/technology,0,Tranco-TopDomains,2026-09-30
https://support.linkedin.com/pricing?page=2&sort=recent,0,Tranco-TopDomains,2026-09-30
https://dropbox.com/projects/open-source?q=machine+learning,0,Tranco-TopDomains,2026-09-30
https://app.mozilla.org/documentation/getting-started,0,Tranco-TopDomains,2026-09-30
https://api.python.org/pricing,0,Tranco-TopDomains,2026-09-30
https://www.google.com?q=machine+learning,0,Tranco-TopDomains,2026-09-30
https://developer.stripe.com/features/security-whitepaper,0,Tranco-TopDomains,2026-09-30
https://support.stackoverflow.com/features/security-whitepaper?page=2&sort=recent,0,Tranco-TopDomains,2026-09-30
https://developer.google.com/download/release-v2.0,0,Tranco-TopDomains,2026-09-30
https://api.spotify.com/documentation/getting-started,0,Tranco-TopDomains,2026-09-30
https://www.netflix.com/,0,Tranco-TopDomains,2026-09-30
https://www.bbc.co.uk/blog/post-102?view=grid&filter=active,0,Tranco-TopDomains,2026-09-30
http://www.microsoft.com/blog/post-102,0,Tranco-TopDomains,2026-09-30
https://docs.wsj.com/features/security-whitepaper,0,Tranco-TopDomains,2026-09-30
https://microsoft.com/features/security-whitepaper,0,Tranco-TopDomains,2026-09-30
https://docs.python.org/?page=2&sort=recent,0,Tranco-TopDomains,2026-09-30
https://docs.stripe.com/features/security-whitepaper,0,Tranco-TopDomains,2026-09-30
https://developer.reddit.com/terms-of-service?lang=en,0,Tranco-TopDomains,2026-09-30
https://docs.bbc.co.uk/?category=engineering,0,Tranco-TopDomains,2026-09-30
https://www.wsj.com/features/security-whitepaper,0,Tranco-TopDomains,2026-09-30
https://reddit.com/terms-of-service?id=108274,0,Tranco-TopDomains,2026-09-30
https://wikipedia.org/search?page=2&sort=recent,0,Tranco-TopDomains,2026-09-30
https://support.dropbox.com/pricing?id=108274,0,Tranco-TopDomains,2026-09-30
https://blog.medium.com/search?q=machine+learning,0,Tranco-TopDomains,2026-09-30
https://developer.mit.edu/about,0,Tranco-TopDomains,2026-09-30
https://apple.com/,0,Tranco-TopDomains,2026-09-30
https://theguardian.com/documentation/getting-started?page=2&sort=recent,0,Tranco-TopDomains,2026-09-30
https://support.nature.com/,0,Tranco-TopDomains,2026-09-30
https://developer.amazon.com/legal/privacy-policy,0,Tranco-TopDomains,2026-09-30
https://app.nih.gov/search?page=2&sort=recent,0,Tranco-TopDomains,2026-09-30
https://api.medium.com/articles/2026/technology?page=2&sort=recent,0,Tranco-TopDomains,2026-09-30
https://developer.stackoverflow.com/explore,0,Tranco-TopDomains,2026-09-30
https://support.quora.com/blog/post-102?q=machine+learning,0,Tranco-TopDomains,2026-09-30
https://docker.com/articles/2026/technology,0,Tranco-TopDomains,2026-09-30
https://salesforce.com/search,0,Tranco-TopDomains,2026-09-30
https://api.zoom.us/blog/post-102?category=engineering,0,Tranco-TopDomains,2026-09-30
https://www.mit.edu?id=108274,0,Tranco-TopDomains,2026-09-30
https://docs.mit.edu/legal/privacy-policy?lang=en,0,Tranco-TopDomains,2026-09-30
https://docs.microsoft.com/press/announcements?id=108274,0,Tranco-TopDomains,2026-09-30
http://dropbox.com/blog/post-102?view=grid&filter=active,0,Tranco-TopDomains,2026-09-30
https://nytimes.com/help/faq?category=engineering,0,Tranco-TopDomains,2026-09-30
https://spotify.com/terms-of-service?q=machine+learning,0,Tranco-TopDomains,2026-09-30
https://developer.gitlab.com/blog/post-102,0,Tranco-TopDomains,2026-09-30
https://harvard.edu/terms-of-service?category=engineering,0,Tranco-TopDomains,2026-09-30
https://developer.bbc.co.uk/press/announcements?view=grid&filter=active,0,Tranco-TopDomains,2026-09-30
http://nytimes.com/help/faq,0,Tranco-TopDomains,2026-09-30
https://support.apple.com/help/faq?id=108274,0,Tranco-TopDomains,2026-09-30
https://python.org/help/faq,0,Tranco-TopDomains,2026-09-30
https://salesforce.com/about?page=2&sort=recent,0,Tranco-TopDomains,2026-09-30
https://www.stripe.com/,0,Tranco-TopDomains,2026-09-30
https://app.adobe.com/pricing?q=machine+learning,0,Tranco-TopDomains,2026-09-30
https://docker.com/download/release-v2.0,0,Tranco-TopDomains,2026-09-30
https://salesforce.com/?category=engineering,0,Tranco-TopDomains,2026-09-30
https://docs.dropbox.com?id=108274,0,Tranco-TopDomains,2026-09-30
https://www.mit.edu/explore?q=machine+learning,0,Tranco-TopDomains,2026-09-30
https://github.com/blog/post-102?id=108274,0,Tranco-TopDomains,2026-09-30
https://nih.gov/about,0,Tranco-TopDomains,2026-09-30
https://mozilla.org/articles/2026/technology,0,Tranco-TopDomains,2026-09-30
https://blog.salesforce.com/explore?page=2&sort=recent,0,Tranco-TopDomains,2026-09-30
https://blog.digitalocean.com/download/release-v2.0?id=108274,0,Tranco-TopDomains,2026-09-30
https://docs.slack.com,0,Tranco-TopDomains,2026-09-30
https://blog.stackoverflow.com/terms-of-service?lang=en,0,Tranco-TopDomains,2026-09-30
https://support.amazon.com/legal/privacy-policy?lang=en,0,Tranco-TopDomains,2026-09-30
https://google.com/pricing,0,Tranco-TopDomains,2026-09-30
https://developer.theguardian.com/features/security-whitepaper?id=108274,0,Tranco-TopDomains,2026-09-30
https://blog.adobe.com/terms-of-service?category=engineering,0,Tranco-TopDomains,2026-09-30
https://support.salesforce.com/legal/privacy-policy,0,Tranco-TopDomains,2026-09-30
https://www.python.org/legal/privacy-policy,0,Tranco-TopDomains,2026-09-30
https://support.mozilla.org/search,0,Tranco-TopDomains,2026-09-30
http://bbc.co.uk/legal/privacy-policy,0,Tranco-TopDomains,2026-09-30
https://app.nytimes.com/blog/post-102?id=108274,0,Tranco-TopDomains,2026-09-30
https://docs.stackoverflow.com/press/announcements?id=108274,0,Tranco-TopDomains,2026-09-30
https://stackoverflow.com/press/announcements?view=grid&filter=active,0,Tranco-TopDomains,2026-09-30
https://app.stripe.com/blog/post-102?id=108274,0,Tranco-TopDomains,2026-09-30
https://blog.nytimes.com/projects/open-source,0,Tranco-TopDomains,2026-09-30
https://microsoft.com/documentation/getting-started?category=engineering,0,Tranco-TopDomains,2026-09-30
http://microsoft.com,0,Tranco-TopDomains,2026-09-30
https://mit.edu/terms-of-service?q=machine+learning,0,Tranco-TopDomains,2026-09-30
https://mit.edu?page=2&sort=recent,0,Tranco-TopDomains,2026-09-30
https://adobe.com/blog/post-102?q=machine+learning,0,Tranco-TopDomains,2026-09-30
https://blog.cnn.com?page=2&sort=recent,0,Tranco-TopDomains,2026-09-30
https://support.nytimes.com/articles/2026/technology,0,Tranco-TopDomains,2026-09-30
https://blog.slack.com/download/release-v2.0,0,Tranco-TopDomains,2026-09-30
https://www.digitalocean.com/documentation/getting-started,0,Tranco-TopDomains,2026-09-30
https://blog.harvard.edu/pricing?q=machine+learning,0,Tranco-TopDomains,2026-09-30
https://support.reddit.com/about?id=108274,0,Tranco-TopDomains,2026-09-30
https://blog.stackoverflow.com/pricing,0,Tranco-TopDomains,2026-09-30
https://www.cloudflare.com/download/release-v2.0?id=108274,0,Tranco-TopDomains,2026-09-30
https://cloudflare.com/about?q=machine+learning,0,Tranco-TopDomains,2026-09-30
https://theguardian.com/projects/open-source?q=machine+learning,0,Tranco-TopDomains,2026-09-30
https://mozilla.org/documentation/getting-started?page=2&sort=recent,0,Tranco-TopDomains,2026-09-30
https://app.docker.com/about?id=108274,0,Tranco-TopDomains,2026-09-30
https://support.microsoft.com/press/announcements?view=grid&filter=active,0,Tranco-TopDomains,2026-09-30
http://support.github.com/help/faq,0,Tranco-TopDomains,2026-09-30
https://blog.wsj.com/explore?lang=en,0,Tranco-TopDomains,2026-09-30
https://app.wikipedia.org/search?view=grid&filter=active,0,Tranco-TopDomains,2026-09-30
https://stripe.com/features/security-whitepaper?id=108274,0,Tranco-TopDomains,2026-09-30
https://app.spotify.com/download/release-v2.0?id=108274,0,Tranco-TopDomains,2026-09-30
https://docs.wsj.com/help/faq?view=grid&filter=active,0,Tranco-TopDomains,2026-09-30
https://microsoft.com/pricing?category=engineering,0,Tranco-TopDomains,2026-09-30
https://blog.slack.com/pricing,0,Tranco-TopDomains,2026-09-30
https://app.spotify.com/explore,0,Tranco-TopDomains,2026-09-30
https://docs.harvard.edu/articles/2026/technology?page=2&sort=recent,0,Tranco-TopDomains,2026-09-30
https://support.linkedin.com?view=grid&filter=active,0,Tranco-TopDomains,2026-09-30
https://app.python.org?view=grid&filter=active,0,Tranco-TopDomains,2026-09-30
https://reddit.com/download/release-v2.0?category=engineering,0,Tranco-TopDomains,2026-09-30
https://oracle.com/features/security-whitepaper?category=engineering,0,Tranco-TopDomains,2026-09-30
https://nature.com/features/security-whitepaper?lang=en,0,Tranco-TopDomains,2026-09-30
https://docs.quora.com/help/faq?lang=en,0,Tranco-TopDomains,2026-09-30
https://blog.wikipedia.org/projects/open-source?id=108274,0,Tranco-TopDomains,2026-09-30
https://support.stackoverflow.com/features/security-whitepaper?q=machine+learning,0,Tranco-TopDomains,2026-09-30
https://blog.docker.com/terms-of-service?q=machine+learning,0,Tranco-TopDomains,2026-09-30
https://blog.wsj.com/explore?category=engineering,0,Tranco-TopDomains,2026-09-30
https://wsj.com/blog/post-102?lang=en,0,Tranco-TopDomains,2026-09-30
https://blog.nytimes.com/pricing,0,Tranco-TopDomains,2026-09-30
https://nytimes.com/,0,Tranco-TopDomains,2026-09-30
https://docker.com/pricing?category=engineering,0,Tranco-TopDomains,2026-09-30
https://amazon.com/articles/2026/technology?lang=en,0,Tranco-TopDomains,2026-09-30
http://api.medium.com/explore?q=machine+learning,0,Tranco-TopDomains,2026-09-30
https://app.wsj.com/projects/open-source,0,Tranco-TopDomains,2026-09-30
https://blog.oracle.com/documentation/getting-started?view=grid&filter=active,0,Tranco-TopDomains,2026-09-30
https://blog.cloudflare.com/help/faq?category=engineering,0,Tranco-TopDomains,2026-09-30
https://cnn.com/search?view=grid&filter=active,0,Tranco-TopDomains,2026-09-30
http://google.com?q=machine+learning,0,Tranco-TopDomains,2026-09-30
https://support.spotify.com/pricing,0,Tranco-TopDomains,2026-09-30
https://www.spotify.com?page=2&sort=recent,0,Tranco-TopDomains,2026-09-30
https://blog.cloudflare.com/blog/post-102?q=machine+learning,0,Tranco-TopDomains,2026-09-30
https://docs.wsj.com/download/release-v2.0?view=grid&filter=active,0,Tranco-TopDomains,2026-09-30
https://developer.theguardian.com,0,Tranco-TopDomains,2026-09-30
https://support.nytimes.com/,0,Tranco-TopDomains,2026-09-30
http://support.harvard.edu/help/faq,0,Tranco-TopDomains,2026-09-30
https://docs.linkedin.com/legal/privacy-policy?lang=en,0,Tranco-TopDomains,2026-09-30
https://support.github.com/press/announcements?lang=en,0,Tranco-TopDomains,2026-09-30
https://blog.digitalocean.com/pricing?page=2&sort=recent,0,Tranco-TopDomains,2026-09-30
https://support.github.com/search,0,Tranco-TopDomains,2026-09-30
https://app.spotify.com/download/release-v2.0?view=grid&filter=active,0,Tranco-TopDomains,2026-09-30
https://digitalocean.com/articles/2026/technology,0,Tranco-TopDomains,2026-09-30
https://api.google.com/documentation/getting-started?q=machine+learning,0,Tranco-TopDomains,2026-09-30
https://developer.salesforce.com?lang=en,0,Tranco-TopDomains,2026-09-30
https://support.reddit.com/legal/privacy-policy?id=108274,0,Tranco-TopDomains,2026-09-30
https://api.adobe.com/documentation/getting-started?category=engineering,0,Tranco-TopDomains,2026-09-30
http://www.cloudflare.com/documentation/getting-started?page=2&sort=recent,0,Tranco-TopDomains,2026-09-30
https://apple.com/legal/privacy-policy?page=2&sort=recent,0,Tranco-TopDomains,2026-09-30
http://harvard.edu/articles/2026/technology,0,Tranco-TopDomains,2026-09-30
https://support.cnn.com/search,0,Tranco-TopDomains,2026-09-30
https://developer.wikipedia.org/documentation/getting-started,0,Tranco-TopDomains,2026-09-30
https://developer.docker.com/articles/2026/technology?category=engineering,0,Tranco-TopDomains,2026-09-30
https://blog.wsj.com/documentation/getting-started?page=2&sort=recent,0,Tranco-TopDomains,2026-09-30
https://blog.adobe.com/terms-of-service,0,Tranco-TopDomains,2026-09-30
https://oracle.com/help/faq,0,Tranco-TopDomains,2026-09-30
https://adobe.com/pricing,0,Tranco-TopDomains,2026-09-30
https://developer.adobe.com/help/faq,0,Tranco-TopDomains,2026-09-30
https://api.amazon.com/?id=108274,0,Tranco-TopDomains,2026-09-30
https://api.amazon.com/legal/privacy-policy,0,Tranco-TopDomains,2026-09-30
https://docs.docker.com/blog/post-102?view=grid&filter=active,0,Tranco-TopDomains,2026-09-30
https://www.netflix.com/help/faq,0,Tranco-TopDomains,2026-09-30
https://docs.reuters.com/explore?view=grid&filter=active,0,Tranco-TopDomains,2026-09-30
https://app.oracle.com/features/security-whitepaper?q=machine+learning,0,Tranco-TopDomains,2026-09-30
https://harvard.edu/terms-of-service?q=machine+learning,0,Tranco-TopDomains,2026-09-30
https://wsj.com/documentation/getting-started?q=machine+learning,0,Tranco-TopDomains,2026-09-30
https://support.harvard.edu/about,0,Tranco-TopDomains,2026-09-30
https://blog.cnn.com/articles/2026/technology?category=engineering,0,Tranco-TopDomains,2026-09-30
https://developer.theguardian.com/articles/2026/technology?id=108274,0,Tranco-TopDomains,2026-09-30
http://developer.bbc.co.uk/press/announcements?q=machine+learning,0,Tranco-TopDomains,2026-09-30
https://support.nature.com/articles/2026/technology?page=2&sort=recent,0,Tranco-TopDomains,2026-09-30
https://adobe.com/explore?view=grid&filter=active,0,Tranco-TopDomains,2026-09-30
https://api.stripe.com/projects/open-source?page=2&sort=recent,0,Tranco-TopDomains,2026-09-30
https://blog.reddit.com/,0,Tranco-TopDomains,2026-09-30
https://api.cloudflare.com/download/release-v2.0?view=grid&filter=active,0,Tranco-TopDomains,2026-09-30
https://support.linkedin.com/press/announcements,0,Tranco-TopDomains,2026-09-30
https://support.gitlab.com/articles/2026/technology?category=engineering,0,Tranco-TopDomains,2026-09-30
https://docs.wikipedia.org/documentation/getting-started?q=machine+learning,0,Tranco-TopDomains,2026-09-30
https://app.python.org/blog/post-102?category=engineering,0,Tranco-TopDomains,2026-09-30
https://docs.digitalocean.com/terms-of-service,0,Tranco-TopDomains,2026-09-30
https://microsoft.com/explore,0,Tranco-TopDomains,2026-09-30
https://api.nature.com/press/announcements?q=machine+learning,0,Tranco-TopDomains,2026-09-30
https://www.wsj.com/terms-of-service,0,Tranco-TopDomains,2026-09-30
https://blog.apple.com/download/release-v2.0?id=108274,0,Tranco-TopDomains,2026-09-30
https://salesforce.com/legal/privacy-policy?category=engineering,0,Tranco-TopDomains,2026-09-30
https://blog.theguardian.com/legal/privacy-policy?view=grid&filter=active,0,Tranco-TopDomains,2026-09-30
https://gitlab.com/help/faq?view=grid&filter=active,0,Tranco-TopDomains,2026-09-30
https://blog.spotify.com/search?id=108274,0,Tranco-TopDomains,2026-09-30
https://amazon.com/search,0,Tranco-TopDomains,2026-09-30
https://blog.docker.com/about,0,Tranco-TopDomains,2026-09-30
https://www.wsj.com/features/security-whitepaper,0,Tranco-TopDomains,2026-09-30
https://app.dropbox.com/legal/privacy-policy?lang=en,0,Tranco-TopDomains,2026-09-30
https://docs.cloudflare.com/projects/open-source?category=engineering,0,Tranco-TopDomains,2026-09-30
https://blog.nytimes.com/pricing?id=108274,0,Tranco-TopDomains,2026-09-30
https://www.bbc.co.uk?q=machine+learning,0,Tranco-TopDomains,2026-09-30
https://support.dropbox.com/explore,0,Tranco-TopDomains,2026-09-30
https://blog.quora.com/about?lang=en,0,Tranco-TopDomains,2026-09-30
https://app.dropbox.com,0,Tranco-TopDomains,2026-09-30
https://nytimes.com/features/security-whitepaper?view=grid&filter=active,0,Tranco-TopDomains,2026-09-30
https://api.netflix.com/search?id=108274,0,Tranco-TopDomains,2026-09-30
https://app.digitalocean.com/projects/open-source?q=machine+learning,0,Tranco-TopDomains,2026-09-30
https://netflix.com/terms-of-service?id=108274,0,Tranco-TopDomains,2026-09-30
https://developer.microsoft.com?page=2&sort=recent,0,Tranco-TopDomains,2026-09-30
https://slack.com/explore,0,Tranco-TopDomains,2026-09-30
https://apple.com/documentation/getting-started?id=108274,0,Tranco-TopDomains,2026-09-30
https://docs.reddit.com/search?page=2&sort=recent,0,Tranco-TopDomains,2026-09-30
https://support.cnn.com/,0,Tranco-TopDomains,2026-09-30
https://blog.adobe.com/explore?id=108274,0,Tranco-TopDomains,2026-09-30
https://docs.github.com/terms-of-service,0,Tranco-TopDomains,2026-09-30
https://www.oracle.com/features/security-whitepaper?q=machine+learning,0,Tranco-TopDomains,2026-09-30
https://blog.dropbox.com/press/announcements?q=machine+learning,0,Tranco-TopDomains,2026-09-30
https://slack.com/features/security-whitepaper,0,Tranco-TopDomains,2026-09-30
https://blog.spotify.com/pricing?q=machine+learning,0,Tranco-TopDomains,2026-09-30
https://app.cnn.com/,0,Tranco-TopDomains,2026-09-30
https://api.wsj.com/download/release-v2.0,0,Tranco-TopDomains,2026-09-30
https://developer.salesforce.com/documentation/getting-started,0,Tranco-TopDomains,2026-09-30
https://support.zoom.us/documentation/getting-started?view=grid&filter=active,0,Tranco-TopDomains,2026-09-30
https://api.spotify.com/explore,0,Tranco-TopDomains,2026-09-30
https://support.cnn.com/,0,Tranco-TopDomains,2026-09-30
https://developer.cnn.com/press/announcements,0,Tranco-TopDomains,2026-09-30
https://blog.nytimes.com/download/release-v2.0?category=engineering,0,Tranco-TopDomains,2026-09-30
https://www.dropbox.com/legal/privacy-policy,0,Tranco-TopDomains,2026-09-30
https://docs.zoom.us/blog/post-102,0,Tranco-TopDomains,2026-09-30
https://stripe.com/,0,Tranco-TopDomains,2026-09-30
https://api.docker.com/projects/open-source?page=2&sort=recent,0,Tranco-TopDomains,2026-09-30
https://support.oracle.com/blog/post-102,0,Tranco-TopDomains,2026-09-30
https://stackoverflow.com/projects/open-source?id=108274,0,Tranco-TopDomains,2026-09-30
https://developer.python.org/projects/open-source,0,Tranco-TopDomains,2026-09-30
https://support.quora.com/projects/open-source?category=engineering,0,Tranco-TopDomains,2026-09-30
https://theguardian.com/blog/post-102?lang=en,0,Tranco-TopDomains,2026-09-30
https://docker.com/documentation/getting-started?page=2&sort=recent,0,Tranco-TopDomains,2026-09-30
https://app.microsoft.com/download/release-v2.0,0,Tranco-TopDomains,2026-09-30
https://docs.slack.com,0,Tranco-TopDomains,2026-09-30
https://docs.wsj.com/features/security-whitepaper?lang=en,0,Tranco-TopDomains,2026-09-30
https://spotify.com/documentation/getting-started?page=2&sort=recent,0,Tranco-TopDomains,2026-09-30
https://docker.com/press/announcements,0,Tranco-TopDomains,2026-09-30
https://mit.edu/download/release-v2.0?id=108274,0,Tranco-TopDomains,2026-09-30
https://stackoverflow.com/pricing?lang=en,0,Tranco-TopDomains,2026-09-30
https://www.github.com/legal/privacy-policy?q=machine+learning,0,Tranco-TopDomains,2026-09-30
https://reuters.com/press/announcements?q=machine+learning,0,Tranco-TopDomains,2026-09-30
https://api.gitlab.com/documentation/getting-started?q=machine+learning,0,Tranco-TopDomains,2026-09-30
https://developer.salesforce.com/features/security-whitepaper,0,Tranco-TopDomains,2026-09-30
https://www.cloudflare.com,0,Tranco-TopDomains,2026-09-30
https://api.stackoverflow.com/projects/open-source?id=108274,0,Tranco-TopDomains,2026-09-30
https://stripe.com/articles/2026/technology?id=108274,0,Tranco-TopDomains,2026-09-30
https://api.python.org/blog/post-102,0,Tranco-TopDomains,2026-09-30
https://medium.com/articles/2026/technology?q=machine+learning,0,Tranco-TopDomains,2026-09-30
https://api.github.com/features/security-whitepaper?view=grid&filter=active,0,Tranco-TopDomains,2026-09-30
https://docs.linkedin.com/about,0,Tranco-TopDomains,2026-09-30
https://app.quora.com/blog/post-102,0,Tranco-TopDomains,2026-09-30
https://docs.nytimes.com/help/faq?q=machine+learning,0,Tranco-TopDomains,2026-09-30
https://wikipedia.org/press/announcements?lang=en,0,Tranco-TopDomains,2026-09-30
https://mozilla.org/blog/post-102?id=108274,0,Tranco-TopDomains,2026-09-30
https://app.microsoft.com/press/announcements,0,Tranco-TopDomains,2026-09-30
https://app.medium.com/download/release-v2.0?q=machine+learning,0,Tranco-TopDomains,2026-09-30
https://netflix.com/press/announcements?lang=en,0,Tranco-TopDomains,2026-09-30
https://docs.bbc.co.uk?lang=en,0,Tranco-TopDomains,2026-09-30
https://harvard.edu/download/release-v2.0,0,Tranco-TopDomains,2026-09-30
https://amazon.com/projects/open-source?lang=en,0,Tranco-TopDomains,2026-09-30
https://digitalocean.com/pricing?q=machine+learning,0,Tranco-TopDomains,2026-09-30
https://google.com/pricing?view=grid&filter=active,0,Tranco-TopDomains,2026-09-30
http://nytimes.com/search,0,Tranco-TopDomains,2026-09-30
https://www.dropbox.com/pricing?category=engineering,0,Tranco-TopDomains,2026-09-30
https://app.wikipedia.org/help/faq?q=machine+learning,0,Tranco-TopDomains,2026-09-30
https://app.wsj.com,0,Tranco-TopDomains,2026-09-30
https://app.reddit.com/terms-of-service,0,Tranco-TopDomains,2026-09-30
https://www.quora.com/search?page=2&sort=recent,0,Tranco-TopDomains,2026-09-30
https://google.com/features/security-whitepaper?q=machine+learning,0,Tranco-TopDomains,2026-09-30
https://www.apple.com/?view=grid&filter=active,0,Tranco-TopDomains,2026-09-30
https://apple.com/projects/open-source?id=108274,0,Tranco-TopDomains,2026-09-30
https://blog.github.com/press/announcements,0,Tranco-TopDomains,2026-09-30
http://quora.com/articles/2026/technology,0,Tranco-TopDomains,2026-09-30
https://api.medium.com/blog/post-102?category=engineering,0,Tranco-TopDomains,2026-09-30
https://quora.com/articles/2026/technology?id=108274,0,Tranco-TopDomains,2026-09-30
https://developer.wikipedia.org?view=grid&filter=active,0,Tranco-TopDomains,2026-09-30
https://support.cnn.com/,0,Tranco-TopDomains,2026-09-30
https://docs.oracle.com/search,0,Tranco-TopDomains,2026-09-30
https://support.apple.com,0,Tranco-TopDomains,2026-09-30
https://app.harvard.edu/blog/post-102,0,Tranco-TopDomains,2026-09-30
https://app.microsoft.com/blog/post-102?lang=en,0,Tranco-TopDomains,2026-09-30
https://developer.gitlab.com/articles/2026/technology?category=engineering,0,Tranco-TopDomains,2026-09-30
https://harvard.edu/download/release-v2.0?page=2&sort=recent,0,Tranco-TopDomains,2026-09-30
https://nih.gov/press/announcements?category=engineering,0,Tranco-TopDomains,2026-09-30
http://app.docker.com/legal/privacy-policy?id=108274,0,Tranco-TopDomains,2026-09-30
https://docs.python.org/help/faq?page=2&sort=recent,0,Tranco-TopDomains,2026-09-30
https://spotify.com/pricing,0,Tranco-TopDomains,2026-09-30
https://app.cloudflare.com/explore?page=2&sort=recent,0,Tranco-TopDomains,2026-09-30
https://app.wsj.com/about,0,Tranco-TopDomains,2026-09-30
https://support.wsj.com/legal/privacy-policy?id=108274,0,Tranco-TopDomains,2026-09-30
https://developer.medium.com/download/release-v2.0?id=108274,0,Tranco-TopDomains,2026-09-30
https://www.python.org/features/security-whitepaper?category=engineering,0,Tranco-TopDomains,2026-09-30
https://blog.google.com/blog/post-102?lang=en,0,Tranco-TopDomains,2026-09-30
https://blog.microsoft.com/documentation/getting-started?view=grid&filter=active,0,Tranco-TopDomains,2026-09-30
https://nature.com/explore,0,Tranco-TopDomains,2026-09-30
http://python.org/download/release-v2.0?lang=en,0,Tranco-TopDomains,2026-09-30
https://app.slack.com/projects/open-source?category=engineering,0,Tranco-TopDomains,2026-09-30
https://www.python.org/terms-of-service?q=machine+learning,0,Tranco-TopDomains,2026-09-30
https://blog.linkedin.com/download/release-v2.0?lang=en,0,Tranco-TopDomains,2026-09-30
https://blog.github.com/articles/2026/technology,0,Tranco-TopDomains,2026-09-30
https://support.reuters.com/terms-of-service?lang=en,0,Tranco-TopDomains,2026-09-30
https://mozilla.org/articles/2026/technology,0,Tranco-TopDomains,2026-09-30
https://developer.mit.edu/search,0,Tranco-TopDomains,2026-09-30
http://dropbox.com/projects/open-source?q=machine+learning,0,Tranco-TopDomains,2026-09-30
https://microsoft.com/pricing?q=machine+learning,0,Tranco-TopDomains,2026-09-30
https://developer.slack.com/documentation/getting-started,0,Tranco-TopDomains,2026-09-30
https://blog.google.com/about,0,Tranco-TopDomains,2026-09-30
https://slack.com,0,Tranco-TopDomains,2026-09-30
https://www.mozilla.org/search?view=grid&filter=active,0,Tranco-TopDomains,2026-09-30
https://app.docker.com/features/security-whitepaper,0,Tranco-TopDomains,2026-09-30
https://api.wsj.com/legal/privacy-policy?id=108274,0,Tranco-TopDomains,2026-09-30
https://blog.apple.com/download/release-v2.0?view=grid&filter=active,0,Tranco-TopDomains,2026-09-30
http://www.zoom.us/,0,Tranco-TopDomains,2026-09-30
https://docs.theguardian.com/documentation/getting-started?q=machine+learning,0,Tranco-TopDomains,2026-09-30
https://www.cloudflare.com/features/security-whitepaper,0,Tranco-TopDomains,2026-09-30
https://reuters.com/terms-of-service,0,Tranco-TopDomains,2026-09-30
https://api.nature.com/blog/post-102?page=2&sort=recent,0,Tranco-TopDomains,2026-09-30
https://oracle.com?q=machine+learning,0,Tranco-TopDomains,2026-09-30
https://google.com/help/faq?q=machine+learning,0,Tranco-TopDomains,2026-09-30
http://docs.cnn.com/download/release-v2.0?category=engineering,0,Tranco-TopDomains,2026-09-30
https://support.adobe.com/blog/post-102?lang=en,0,Tranco-TopDomains,2026-09-30
https://support.linkedin.com/download/release-v2.0?view=grid&filter=active,0,Tranco-TopDomains,2026-09-30
https://amazon.com/?id=108274,0,Tranco-TopDomains,2026-09-30
https://microsoft.com/about?id=108274,0,Tranco-TopDomains,2026-09-30
https://www.python.org/features/security-whitepaper?lang=en,0,Tranco-TopDomains,2026-09-30
https://support.mozilla.org/search,0,Tranco-TopDomains,2026-09-30
https://theguardian.com/press/announcements?lang=en,0,Tranco-TopDomains,2026-09-30
https://developer.python.org/documentation/getting-started?page=2&sort=recent,0,Tranco-TopDomains,2026-09-30
https://support.mit.edu/legal/privacy-policy,0,Tranco-TopDomains,2026-09-30
http://api.nih.gov/features/security-whitepaper,0,Tranco-TopDomains,2026-09-30
https://apple.com/explore?id=108274,0,Tranco-TopDomains,2026-09-30
https://api.nature.com/explore?id=108274,0,Tranco-TopDomains,2026-09-30
https://stripe.com/articles/2026/technology?page=2&sort=recent,0,Tranco-TopDomains,2026-09-30
https://docs.microsoft.com/pricing,0,Tranco-TopDomains,2026-09-30
https://developer.amazon.com/articles/2026/technology?q=machine+learning,0,Tranco-TopDomains,2026-09-30
https://support.digitalocean.com,0,Tranco-TopDomains,2026-09-30
https://www.nature.com/search?view=grid&filter=active,0,Tranco-TopDomains,2026-09-30
https://apple.com/projects/open-source,0,Tranco-TopDomains,2026-09-30
https://digitalocean.com/help/faq,0,Tranco-TopDomains,2026-09-30
https://blog.medium.com/help/faq,0,Tranco-TopDomains,2026-09-30
https://support.digitalocean.com/terms-of-service?q=machine+learning,0,Tranco-TopDomains,2026-09-30
https://docs.medium.com/pricing,0,Tranco-TopDomains,2026-09-30
https://oracle.com/search?view=grid&filter=active,0,Tranco-TopDomains,2026-09-30
https://docs.nih.gov/pricing,0,Tranco-TopDomains,2026-09-30
https://api.apple.com/documentation/getting-started,0,Tranco-TopDomains,2026-09-30
https://docs.harvard.edu/press/announcements,0,Tranco-TopDomains,2026-09-30
https://blog.spotify.com/download/release-v2.0,0,Tranco-TopDomains,2026-09-30
https://blog.stripe.com/articles/2026/technology,0,Tranco-TopDomains,2026-09-30
https://cloudflare.com/features/security-whitepaper,0,Tranco-TopDomains,2026-09-30
https://blog.google.com/pricing?category=engineering,0,Tranco-TopDomains,2026-09-30
https://api.zoom.us/pricing,0,Tranco-TopDomains,2026-09-30
https://linkedin.com/features/security-whitepaper?category=engineering,0,Tranco-TopDomains,2026-09-30
https://blog.gitlab.com/blog/post-102?lang=en,0,Tranco-TopDomains,2026-09-30
https://apple.com/?q=machine+learning,0,Tranco-TopDomains,2026-09-30
https://support.github.com/explore?id=108274,0,Tranco-TopDomains,2026-09-30
https://docs.reddit.com/search,0,Tranco-TopDomains,2026-09-30
https://www.linkedin.com/legal/privacy-policy,0,Tranco-TopDomains,2026-09-30
https://support.stripe.com/search,0,Tranco-TopDomains,2026-09-30
https://support.dropbox.com/blog/post-102?page=2&sort=recent,0,Tranco-TopDomains,2026-09-30
https://app.medium.com/articles/2026/technology,0,Tranco-TopDomains,2026-09-30
https://docs.linkedin.com/about,0,Tranco-TopDomains,2026-09-30
https://www.quora.com/about?id=108274,0,Tranco-TopDomains,2026-09-30
https://cnn.com/download/release-v2.0?q=machine+learning,0,Tranco-TopDomains,2026-09-30
https://app.dropbox.com/legal/privacy-policy?id=108274,0,Tranco-TopDomains,2026-09-30
https://theguardian.com/about?id=108274,0,Tranco-TopDomains,2026-09-30
https://blog.stripe.com?category=engineering,0,Tranco-TopDomains,2026-09-30
https://api.microsoft.com/explore,0,Tranco-TopDomains,2026-09-30
https://bbc.co.uk/articles/2026/technology?page=2&sort=recent,0,Tranco-TopDomains,2026-09-30
https://linkedin.com/articles/2026/technology?q=machine+learning,0,Tranco-TopDomains,2026-09-30
https://support.stackoverflow.com/?lang=en,0,Tranco-TopDomains,2026-09-30
https://support.reuters.com?q=machine+learning,0,Tranco-TopDomains,2026-09-30
https://blog.cloudflare.com/pricing,0,Tranco-TopDomains,2026-09-30
https://mit.edu/?q=machine+learning,0,Tranco-TopDomains,2026-09-30
https://blog.gitlab.com/,0,Tranco-TopDomains,2026-09-30
https://linkedin.com?q=machine+learning,0,Tranco-TopDomains,2026-09-30
https://reddit.com/documentation/getting-started,0,Tranco-TopDomains,2026-09-30
https://quora.com/features/security-whitepaper?id=108274,0,Tranco-TopDomains,2026-09-30
https://support.cloudflare.com/search?page=2&sort=recent,0,Tranco-TopDomains,2026-09-30
https://blog.amazon.com/blog/post-102,0,Tranco-TopDomains,2026-09-30
https://developer.salesforce.com/terms-of-service?page=2&sort=recent,0,Tranco-TopDomains,2026-09-30
https://stackoverflow.com/projects/open-source?view=grid&filter=active,0,Tranco-TopDomains,2026-09-30
http://blog.dropbox.com/articles/2026/technology,0,Tranco-TopDomains,2026-09-30
https://blog.nytimes.com/features/security-whitepaper?id=108274,0,Tranco-TopDomains,2026-09-30
https://reddit.com/features/security-whitepaper,0,Tranco-TopDomains,2026-09-30
https://docker.com/download/release-v2.0,0,Tranco-TopDomains,2026-09-30
https://blog.nature.com/explore?view=grid&filter=active,0,Tranco-TopDomains,2026-09-30
https://mozilla.org/projects/open-source?category=engineering,0,Tranco-TopDomains,2026-09-30
https://quora.com/projects/open-source?view=grid&filter=active,0,Tranco-TopDomains,2026-09-30
https://nih.gov/features/security-whitepaper?category=engineering,0,Tranco-TopDomains,2026-09-30
https://cloudflare.com/articles/2026/technology?lang=en,0,Tranco-TopDomains,2026-09-30
https://api.nature.com/help/faq?view=grid&filter=active,0,Tranco-TopDomains,2026-09-30
https://theguardian.com,0,Tranco-TopDomains,2026-09-30
https://www.salesforce.com/search?q=machine+learning,0,Tranco-TopDomains,2026-09-30
https://bbc.co.uk/explore?category=engineering,0,Tranco-TopDomains,2026-09-30
https://app.zoom.us/pricing?id=108274,0,Tranco-TopDomains,2026-09-30
http://docs.docker.com/pricing?view=grid&filter=active,0,Tranco-TopDomains,2026-09-30
https://api.gitlab.com/about?category=engineering,0,Tranco-TopDomains,2026-09-30
https://www.stackoverflow.com/help/faq,0,Tranco-TopDomains,2026-09-30
https://amazon.com/download/release-v2.0?lang=en,0,Tranco-TopDomains,2026-09-30
https://zoom.us?view=grid&filter=active,0,Tranco-TopDomains,2026-09-30
https://www.harvard.edu/help/faq,0,Tranco-TopDomains,2026-09-30
https://docs.reuters.com/articles/2026/technology?lang=en,0,Tranco-TopDomains,2026-09-30
https://app.stackoverflow.com/documentation/getting-started,0,Tranco-TopDomains,2026-09-30
http://blog.salesforce.com/about?q=machine+learning,0,Tranco-TopDomains,2026-09-30
https://oracle.com/download/release-v2.0,0,Tranco-TopDomains,2026-09-30
https://www.adobe.com/,0,Tranco-TopDomains,2026-09-30
https://support.wikipedia.org/press/announcements?page=2&sort=recent,0,Tranco-TopDomains,2026-09-30
https://support.nature.com/legal/privacy-policy?category=engineering,0,Tranco-TopDomains,2026-09-30
https://www.cnn.com/terms-of-service?q=machine+learning,0,Tranco-TopDomains,2026-09-30
http://apple.com?page=2&sort=recent,0,Tranco-TopDomains,2026-09-30
https://docs.stackoverflow.com/press/announcements?category=engineering,0,Tranco-TopDomains,2026-09-30
https://developer.mozilla.org/download/release-v2.0,0,Tranco-TopDomains,2026-09-30
https://blog.cnn.com/terms-of-service?page=2&sort=recent,0,Tranco-TopDomains,2026-09-30
https://stackoverflow.com/about?view=grid&filter=active,0,Tranco-TopDomains,2026-09-30
https://dropbox.com/search?q=machine+learning,0,Tranco-TopDomains,2026-09-30
https://blog.quora.com/explore?page=2&sort=recent,0,Tranco-TopDomains,2026-09-30
https://support.mozilla.org/?view=grid&filter=active,0,Tranco-TopDomains,2026-09-30
https://zoom.us/search?lang=en,0,Tranco-TopDomains,2026-09-30
https://api.digitalocean.com/blog/post-102?category=engineering,0,Tranco-TopDomains,2026-09-30
https://docker.com/?page=2&sort=recent,0,Tranco-TopDomains,2026-09-30
https://cloudflare.com/features/security-whitepaper?q=machine+learning,0,Tranco-TopDomains,2026-09-30
https://developer.theguardian.com/explore?page=2&sort=recent,0,Tranco-TopDomains,2026-09-30
https://developer.medium.com/documentation/getting-started?view=grid&filter=active,0,Tranco-TopDomains,2026-09-30
https://www.amazon.com/explore?view=grid&filter=active,0,Tranco-TopDomains,2026-09-30
https://blog.nih.gov,0,Tranco-TopDomains,2026-09-30
https://salesforce.com/legal/privacy-policy?id=108274,0,Tranco-TopDomains,2026-09-30
https://docker.com/pricing,0,Tranco-TopDomains,2026-09-30
https://api.bbc.co.uk/blog/post-102?category=engineering,0,Tranco-TopDomains,2026-09-30
https://slack.com/features/security-whitepaper,0,Tranco-TopDomains,2026-09-30
https://oracle.com/features/security-whitepaper?category=engineering,0,Tranco-TopDomains,2026-09-30
https://python.org/features/security-whitepaper?category=engineering,0,Tranco-TopDomains,2026-09-30
https://developer.mozilla.org/about?q=machine+learning,0,Tranco-TopDomains,2026-09-30
https://blog.harvard.edu/pricing?view=grid&filter=active,0,Tranco-TopDomains,2026-09-30
https://api.python.org/search?q=machine+learning,0,Tranco-TopDomains,2026-09-30
https://blog.digitalocean.com/press/announcements,0,Tranco-TopDomains,2026-09-30
https://docs.microsoft.com/pricing?q=machine+learning,0,Tranco-TopDomains,2026-09-30
http://api.dropbox.com/documentation/getting-started?lang=en,0,Tranco-TopDomains,2026-09-30
https://blog.microsoft.com/search?view=grid&filter=active,0,Tranco-TopDomains,2026-09-30
https://stripe.com/terms-of-service?view=grid&filter=active,0,Tranco-TopDomains,2026-09-30
https://medium.com/terms-of-service?q=machine+learning,0,Tranco-TopDomains,2026-09-30
https://support.adobe.com/features/security-whitepaper,0,Tranco-TopDomains,2026-09-30
https://app.theguardian.com/features/security-whitepaper?view=grid&filter=active,0,Tranco-TopDomains,2026-09-30
https://docs.spotify.com/articles/2026/technology?category=engineering,0,Tranco-TopDomains,2026-09-30
https://www.microsoft.com/blog/post-102,0,Tranco-TopDomains,2026-09-30
https://www.reddit.com/pricing,0,Tranco-TopDomains,2026-09-30
https://harvard.edu/,0,Tranco-TopDomains,2026-09-30
https://developer.mozilla.org/explore,0,Tranco-TopDomains,2026-09-30
https://api.docker.com/press/announcements?category=engineering,0,Tranco-TopDomains,2026-09-30
https://quora.com/download/release-v2.0,0,Tranco-TopDomains,2026-09-30
https://salesforce.com/help/faq,0,Tranco-TopDomains,2026-09-30
https://support.nature.com/documentation/getting-started,0,Tranco-TopDomains,2026-09-30
https://support.cloudflare.com?q=machine+learning,0,Tranco-TopDomains,2026-09-30
https://bbc.co.uk,0,Tranco-TopDomains,2026-09-30
https://nature.com/explore?lang=en,0,Tranco-TopDomains,2026-09-30
https://docs.slack.com/press/announcements,0,Tranco-TopDomains,2026-09-30
https://wsj.com/about?view=grid&filter=active,0,Tranco-TopDomains,2026-09-30
https://www.microsoft.com/about?category=engineering,0,Tranco-TopDomains,2026-09-30
https://gitlab.com/terms-of-service,0,Tranco-TopDomains,2026-09-30
https://app.salesforce.com/projects/open-source?q=machine+learning,0,Tranco-TopDomains,2026-09-30
https://docker.com/blog/post-102?lang=en,0,Tranco-TopDomains,2026-09-30
https://nih.gov/features/security-whitepaper,0,Tranco-TopDomains,2026-09-30
http://support.gitlab.com/documentation/getting-started?id=108274,0,Tranco-TopDomains,2026-09-30
https://app.nih.gov/?category=engineering,0,Tranco-TopDomains,2026-09-30
https://docs.adobe.com/,0,Tranco-TopDomains,2026-09-30
https://api.nature.com/explore?q=machine+learning,0,Tranco-TopDomains,2026-09-30
https://nih.gov/features/security-whitepaper,0,Tranco-TopDomains,2026-09-30
https://quora.com/about,0,Tranco-TopDomains,2026-09-30
https://support.stackoverflow.com/documentation/getting-started?page=2&sort=recent,0,Tranco-TopDomains,2026-09-30
https://app.oracle.com/download/release-v2.0,0,Tranco-TopDomains,2026-09-30
https://support.digitalocean.com/features/security-whitepaper?category=engineering,0,Tranco-TopDomains,2026-09-30
https://developer.nytimes.com/articles/2026/technology?id=108274,0,Tranco-TopDomains,2026-09-30
https://www.spotify.com/press/announcements?lang=en,0,Tranco-TopDomains,2026-09-30
https://netflix.com/features/security-whitepaper,0,Tranco-TopDomains,2026-09-30
https://support.wsj.com/legal/privacy-policy,0,Tranco-TopDomains,2026-09-30
https://api.quora.com/download/release-v2.0,0,Tranco-TopDomains,2026-09-30
https://wsj.com/explore,0,Tranco-TopDomains,2026-09-30
https://nytimes.com/about?page=2&sort=recent,0,Tranco-TopDomains,2026-09-30
https://www.oracle.com/?lang=en,0,Tranco-TopDomains,2026-09-30
https://app.github.com/documentation/getting-started,0,Tranco-TopDomains,2026-09-30
https://www.spotify.com/documentation/getting-started?q=machine+learning,0,Tranco-TopDomains,2026-09-30
http://www.nytimes.com/help/faq,0,Tranco-TopDomains,2026-09-30
https://api.netflix.com/help/faq,0,Tranco-TopDomains,2026-09-30
https://api.nih.gov/legal/privacy-policy?page=2&sort=recent,0,Tranco-TopDomains,2026-09-30
https://www.github.com/pricing?id=108274,0,Tranco-TopDomains,2026-09-30
https://docs.nature.com/projects/open-source?q=machine+learning,0,Tranco-TopDomains,2026-09-30
https://www.cnn.com/articles/2026/technology?lang=en,0,Tranco-TopDomains,2026-09-30
http://slack.com/download/release-v2.0,0,Tranco-TopDomains,2026-09-30
https://wsj.com/help/faq?id=108274,0,Tranco-TopDomains,2026-09-30
https://nih.gov/search?lang=en,0,Tranco-TopDomains,2026-09-30
https://apple.com/?view=grid&filter=active,0,Tranco-TopDomains,2026-09-30
https://api.slack.com/search,0,Tranco-TopDomains,2026-09-30
https://developer.cnn.com/pricing?q=machine+learning,0,Tranco-TopDomains,2026-09-30
https://docs.docker.com/help/faq?lang=en,0,Tranco-TopDomains,2026-09-30
https://support.google.com/articles/2026/technology?lang=en,0,Tranco-TopDomains,2026-09-30
https://developer.harvard.edu/terms-of-service,0,Tranco-TopDomains,2026-09-30
https://support.bbc.co.uk/features/security-whitepaper,0,Tranco-TopDomains,2026-09-30
https://developer.cloudflare.com/help/faq?q=machine+learning,0,Tranco-TopDomains,2026-09-30
https://support.python.org/blog/post-102?view=grid&filter=active,0,Tranco-TopDomains,2026-09-30
https://support.theguardian.com/blog/post-102?category=engineering,0,Tranco-TopDomains,2026-09-30
https://mozilla.org/download/release-v2.0,0,Tranco-TopDomains,2026-09-30
https://nih.gov,0,Tranco-TopDomains,2026-09-30
https://docs.wsj.com/terms-of-service,0,Tranco-TopDomains,2026-09-30
https://mit.edu/explore,0,Tranco-TopDomains,2026-09-30
https://api.nih.gov/help/faq,0,Tranco-TopDomains,2026-09-30
https://www.linkedin.com/search,0,Tranco-TopDomains,2026-09-30
https://docs.cloudflare.com/documentation/getting-started,0,Tranco-TopDomains,2026-09-30
https://developer.gitlab.com/features/security-whitepaper,0,Tranco-TopDomains,2026-09-30
https://api.python.org/blog/post-102,0,Tranco-TopDomains,2026-09-30
https://blog.apple.com/documentation/getting-started?lang=en,0,Tranco-TopDomains,2026-09-30
https://blog.adobe.com/explore,0,Tranco-TopDomains,2026-09-30
http://docs.google.com/press/announcements?view=grid&filter=active,0,Tranco-TopDomains,2026-09-30
https://support.quora.com/projects/open-source?q=machine+learning,0,Tranco-TopDomains,2026-09-30
https://app.nytimes.com/download/release-v2.0?page=2&sort=recent,0,Tranco-TopDomains,2026-09-30
https://amazon.com/terms-of-service?view=grid&filter=active,0,Tranco-TopDomains,2026-09-30
https://support.salesforce.com/blog/post-102,0,Tranco-TopDomains,2026-09-30
https://blog.dropbox.com/help/faq?id=108274,0,Tranco-TopDomains,2026-09-30
https://wsj.com/terms-of-service?category=engineering,0,Tranco-TopDomains,2026-09-30
http://reddit.com/pricing,0,Tranco-TopDomains,2026-09-30
https://docs.theguardian.com/pricing?view=grid&filter=active,0,Tranco-TopDomains,2026-09-30
https://api.nytimes.com/legal/privacy-policy?q=machine+learning,0,Tranco-TopDomains,2026-09-30
https://api.adobe.com/about?category=engineering,0,Tranco-TopDomains,2026-09-30
http://nytimes.com/articles/2026/technology?page=2&sort=recent,0,Tranco-TopDomains,2026-09-30
https://blog.cloudflare.com/articles/2026/technology?page=2&sort=recent,0,Tranco-TopDomains,2026-09-30
https://slack.com/legal/privacy-policy?view=grid&filter=active,0,Tranco-TopDomains,2026-09-30
https://www.stripe.com/blog/post-102,0,Tranco-TopDomains,2026-09-30
https://apple.com/articles/2026/technology?q=machine+learning,0,Tranco-TopDomains,2026-09-30
https://docs.apple.com/articles/2026/technology,0,Tranco-TopDomains,2026-09-30
http://support.stripe.com/articles/2026/technology?view=grid&filter=active,0,Tranco-TopDomains,2026-09-30
https://support.stripe.com?lang=en,0,Tranco-TopDomains,2026-09-30
https://dropbox.com/help/faq?category=engineering,0,Tranco-TopDomains,2026-09-30
http://developer.wikipedia.org/legal/privacy-policy,0,Tranco-TopDomains,2026-09-30
https://app.nih.gov/about,0,Tranco-TopDomains,2026-09-30
https://app.apple.com/documentation/getting-started?q=machine+learning,0,Tranco-TopDomains,2026-09-30
https://blog.mit.edu/articles/2026/technology,0,Tranco-TopDomains,2026-09-30
https://docker.com/about?q=machine+learning,0,Tranco-TopDomains,2026-09-30
https://google.com/download/release-v2.0,0,Tranco-TopDomains,2026-09-30
https://developer.mozilla.org/press/announcements,0,Tranco-TopDomains,2026-09-30
https://support.linkedin.com/explore?category=engineering,0,Tranco-TopDomains,2026-09-30
https://developer.amazon.com/download/release-v2.0,0,Tranco-TopDomains,2026-09-30
http://blog.harvard.edu/help/faq,0,Tranco-TopDomains,2026-09-30
https://www.adobe.com/features/security-whitepaper,0,Tranco-TopDomains,2026-09-30
https://digitalocean.com/features/security-whitepaper?category=engineering,0,Tranco-TopDomains,2026-09-30
https://nih.gov/projects/open-source?q=machine+learning,0,Tranco-TopDomains,2026-09-30
https://stackoverflow.com/blog/post-102?lang=en,0,Tranco-TopDomains,2026-09-30
https://docs.digitalocean.com/search?q=machine+learning,0,Tranco-TopDomains,2026-09-30
https://api.zoom.us/blog/post-102?lang=en,0,Tranco-TopDomains,2026-09-30
https://developer.mit.edu/articles/2026/technology?view=grid&filter=active,0,Tranco-TopDomains,2026-09-30
https://blog.zoom.us/help/faq?view=grid&filter=active,0,Tranco-TopDomains,2026-09-30
https://support.github.com/projects/open-source?lang=en,0,Tranco-TopDomains,2026-09-30
https://app.bbc.co.uk/?lang=en,0,Tranco-TopDomains,2026-09-30
https://developer.wikipedia.org/terms-of-service?page=2&sort=recent,0,Tranco-TopDomains,2026-09-30
https://developer.nature.com,0,Tranco-TopDomains,2026-09-30
https://app.quora.com/projects/open-source,0,Tranco-TopDomains,2026-09-30
https://bbc.co.uk/articles/2026/technology?lang=en,0,Tranco-TopDomains,2026-09-30
https://docs.gitlab.com/blog/post-102?lang=en,0,Tranco-TopDomains,2026-09-30
https://quora.com/documentation/getting-started?lang=en,0,Tranco-TopDomains,2026-09-30
https://www.dropbox.com/pricing?lang=en,0,Tranco-TopDomains,2026-09-30
https://google.com/help/faq?lang=en,0,Tranco-TopDomains,2026-09-30
https://www.netflix.com/pricing,0,Tranco-TopDomains,2026-09-30
https://docs.github.com/features/security-whitepaper,0,Tranco-TopDomains,2026-09-30
https://docs.digitalocean.com/about,0,Tranco-TopDomains,2026-09-30
https://app.google.com/terms-of-service?q=machine+learning,0,Tranco-TopDomains,2026-09-30
https://api.dropbox.com/press/announcements?lang=en,0,Tranco-TopDomains,2026-09-30
https://docs.slack.com/documentation/getting-started?page=2&sort=recent,0,Tranco-TopDomains,2026-09-30
https://microsoft.com/documentation/getting-started?view=grid&filter=active,0,Tranco-TopDomains,2026-09-30
https://support.medium.com/?lang=en,0,Tranco-TopDomains,2026-09-30
https://stripe.com/legal/privacy-policy?q=machine+learning,0,Tranco-TopDomains,2026-09-30
https://docs.reuters.com/blog/post-102?q=machine+learning,0,Tranco-TopDomains,2026-09-30
https://support.slack.com/about?id=108274,0,Tranco-TopDomains,2026-09-30
https://support.spotify.com/blog/post-102?category=engineering,0,Tranco-TopDomains,2026-09-30
https://support.python.org/documentation/getting-started?category=engineering,0,Tranco-TopDomains,2026-09-30
https://api.wikipedia.org/legal/privacy-policy,0,Tranco-TopDomains,2026-09-30
https://app.reuters.com/,0,Tranco-TopDomains,2026-09-30
https://reddit.com/explore,0,Tranco-TopDomains,2026-09-30
https://api.oracle.com/?view=grid&filter=active,0,Tranco-TopDomains,2026-09-30
https://support.nature.com?lang=en,0,Tranco-TopDomains,2026-09-30
https://support.netflix.com/download/release-v2.0,0,Tranco-TopDomains,2026-09-30
https://www.github.com/documentation/getting-started?view=grid&filter=active,0,Tranco-TopDomains,2026-09-30
http://app.digitalocean.com/documentation/getting-started?q=machine+learning,0,Tranco-TopDomains,2026-09-30
https://developer.reddit.com/projects/open-source,0,Tranco-TopDomains,2026-09-30
https://reddit.com/search,0,Tranco-TopDomains,2026-09-30
https://support.stripe.com/press/announcements?lang=en,0,Tranco-TopDomains,2026-09-30
https://blog.microsoft.com/features/security-whitepaper?id=108274,0,Tranco-TopDomains,2026-09-30
https://api.digitalocean.com/projects/open-source?id=108274,0,Tranco-TopDomains,2026-09-30
https://support.github.com/press/announcements?q=machine+learning,0,Tranco-TopDomains,2026-09-30
https://docs.harvard.edu/articles/2026/technology?id=108274,0,Tranco-TopDomains,2026-09-30
https://developer.theguardian.com/pricing,0,Tranco-TopDomains,2026-09-30
https://api.adobe.com?lang=en,0,Tranco-TopDomains,2026-09-30
https://python.org/features/security-whitepaper,0,Tranco-TopDomains,2026-09-30
https://support.nature.com/about?id=108274,0,Tranco-TopDomains,2026-09-30
https://gitlab.com/download/release-v2.0?category=engineering,0,Tranco-TopDomains,2026-09-30
https://amazon.com/pricing,0,Tranco-TopDomains,2026-09-30
https://developer.google.com/projects/open-source,0,Tranco-TopDomains,2026-09-30
https://app.theguardian.com/about?id=108274,0,Tranco-TopDomains,2026-09-30
https://quora.com/search?category=engineering,0,Tranco-TopDomains,2026-09-30
https://www.harvard.edu/features/security-whitepaper,0,Tranco-TopDomains,2026-09-30
https://blog.google.com/download/release-v2.0?lang=en,0,Tranco-TopDomains,2026-09-30
http://support.nytimes.com/legal/privacy-policy,0,Tranco-TopDomains,2026-09-30
https://www.wsj.com/about?q=machine+learning,0,Tranco-TopDomains,2026-09-30
https://app.oracle.com,0,Tranco-TopDomains,2026-09-30
https://developer.stripe.com?category=engineering,0,Tranco-TopDomains,2026-09-30
https://app.wikipedia.org/terms-of-service?id=108274,0,Tranco-TopDomains,2026-09-30
https://api.google.com/blog/post-102?id=108274,0,Tranco-TopDomains,2026-09-30
https://www.linkedin.com/blog/post-102?q=machine+learning,0,Tranco-TopDomains,2026-09-30
https://mozilla.org/features/security-whitepaper?id=108274,0,Tranco-TopDomains,2026-09-30
https://blog.reddit.com?category=engineering,0,Tranco-TopDomains,2026-09-30
https://www.linkedin.com/explore?page=2&sort=recent,0,Tranco-TopDomains,2026-09-30
https://app.reuters.com/,0,Tranco-TopDomains,2026-09-30
https://app.medium.com/search?id=108274,0,Tranco-TopDomains,2026-09-30
https://www.google.com/features/security-whitepaper,0,Tranco-TopDomains,2026-09-30
https://app.amazon.com/search?category=engineering,0,Tranco-TopDomains,2026-09-30
http://developer.github.com/?q=machine+learning,0,Tranco-TopDomains,2026-09-30
https://wsj.com/about?view=grid&filter=active,0,Tranco-TopDomains,2026-09-30
https://blog.mozilla.org/articles/2026/technology?category=engineering,0,Tranco-TopDomains,2026-09-30
https://docs.salesforce.com/terms-of-service,0,Tranco-TopDomains,2026-09-30
https://developer.microsoft.com/search?id=108274,0,Tranco-TopDomains,2026-09-30
https://app.dropbox.com/articles/2026/technology?view=grid&filter=active,0,Tranco-TopDomains,2026-09-30
http://apple.com/download/release-v2.0?id=108274,0,Tranco-TopDomains,2026-09-30
https://app.stackoverflow.com/pricing,0,Tranco-TopDomains,2026-09-30
http://support.reddit.com/pricing,0,Tranco-TopDomains,2026-09-30
https://blog.github.com/search,0,Tranco-TopDomains,2026-09-30
https://developer.stackoverflow.com/,0,Tranco-TopDomains,2026-09-30
https://www.stripe.com/blog/post-102?lang=en,0,Tranco-TopDomains,2026-09-30
https://app.adobe.com/pricing,0,Tranco-TopDomains,2026-09-30
https://blog.dropbox.com/press/announcements,0,Tranco-TopDomains,2026-09-30
https://docs.google.com/search?lang=en,0,Tranco-TopDomains,2026-09-30
https://www.netflix.com/download/release-v2.0,0,Tranco-TopDomains,2026-09-30
https://www.mozilla.org/features/security-whitepaper?page=2&sort=recent,0,Tranco-TopDomains,2026-09-30
https://blog.bbc.co.uk/blog/post-102?view=grid&filter=active,0,Tranco-TopDomains,2026-09-30
http://www.amazon.com/pricing?view=grid&filter=active,0,Tranco-TopDomains,2026-09-30
https://www.salesforce.com/pricing?page=2&sort=recent,0,Tranco-TopDomains,2026-09-30
https://oracle.com/help/faq?page=2&sort=recent,0,Tranco-TopDomains,2026-09-30
https://docs.digitalocean.com/about?id=108274,0,Tranco-TopDomains,2026-09-30
https://docs.netflix.com?q=machine+learning,0,Tranco-TopDomains,2026-09-30
https://blog.linkedin.com/search,0,Tranco-TopDomains,2026-09-30
https://developer.gitlab.com/documentation/getting-started?id=108274,0,Tranco-TopDomains,2026-09-30
https://support.slack.com/search?q=machine+learning,0,Tranco-TopDomains,2026-09-30
https://support.nih.gov/?category=engineering,0,Tranco-TopDomains,2026-09-30
https://app.docker.com/download/release-v2.0?lang=en,0,Tranco-TopDomains,2026-09-30
https://api.python.org/legal/privacy-policy?view=grid&filter=active,0,Tranco-TopDomains,2026-09-30
https://bbc.co.uk/?lang=en,0,Tranco-TopDomains,2026-09-30
https://support.reuters.com/articles/2026/technology,0,Tranco-TopDomains,2026-09-30
https://python.org/pricing?category=engineering,0,Tranco-TopDomains,2026-09-30
https://app.docker.com/download/release-v2.0,0,Tranco-TopDomains,2026-09-30
https://support.spotify.com/search?id=108274,0,Tranco-TopDomains,2026-09-30
https://blog.adobe.com/press/announcements?category=engineering,0,Tranco-TopDomains,2026-09-30
https://developer.docker.com/features/security-whitepaper,0,Tranco-TopDomains,2026-09-30
https://digitalocean.com/legal/privacy-policy,0,Tranco-TopDomains,2026-09-30
https://reuters.com/?id=108274,0,Tranco-TopDomains,2026-09-30
https://app.medium.com/documentation/getting-started,0,Tranco-TopDomains,2026-09-30
https://www.reuters.com/about,0,Tranco-TopDomains,2026-09-30
https://slack.com,0,Tranco-TopDomains,2026-09-30
https://docs.salesforce.com/?view=grid&filter=active,0,Tranco-TopDomains,2026-09-30
https://app.mozilla.org/about?lang=en,0,Tranco-TopDomains,2026-09-30
https://nih.gov/legal/privacy-policy,0,Tranco-TopDomains,2026-09-30
https://stackoverflow.com/projects/open-source?id=108274,0,Tranco-TopDomains,2026-09-30
https://api.quora.com/search?id=108274,0,Tranco-TopDomains,2026-09-30
https://app.github.com/download/release-v2.0?page=2&sort=recent,0,Tranco-TopDomains,2026-09-30
https://docs.zoom.us/articles/2026/technology,0,Tranco-TopDomains,2026-09-30
https://api.google.com/search,0,Tranco-TopDomains,2026-09-30
https://api.nih.gov/documentation/getting-started,0,Tranco-TopDomains,2026-09-30
https://support.quora.com/download/release-v2.0,0,Tranco-TopDomains,2026-09-30
https://blog.medium.com/pricing,0,Tranco-TopDomains,2026-09-30
https://wsj.com/help/faq?category=engineering,0,Tranco-TopDomains,2026-09-30
https://google.com/press/announcements?page=2&sort=recent,0,Tranco-TopDomains,2026-09-30
https://developer.google.com/download/release-v2.0?category=engineering,0,Tranco-TopDomains,2026-09-30
https://support.reuters.com/terms-of-service?view=grid&filter=active,0,Tranco-TopDomains,2026-09-30
https://salesforce.com/legal/privacy-policy?q=machine+learning,0,Tranco-TopDomains,2026-09-30
https://developer.oracle.com/blog/post-102,0,Tranco-TopDomains,2026-09-30
https://www.adobe.com/about?q=machine+learning,0,Tranco-TopDomains,2026-09-30
https://support.adobe.com/explore,0,Tranco-TopDomains,2026-09-30
https://developer.quora.com/projects/open-source,0,Tranco-TopDomains,2026-09-30
https://spotify.com/documentation/getting-started?category=engineering,0,Tranco-TopDomains,2026-09-30
https://bbc.co.uk/search?page=2&sort=recent,0,Tranco-TopDomains,2026-09-30
https://app.wikipedia.org/projects/open-source?id=108274,0,Tranco-TopDomains,2026-09-30
https://developer.harvard.edu/?q=machine+learning,0,Tranco-TopDomains,2026-09-30
https://docs.bbc.co.uk/legal/privacy-policy?lang=en,0,Tranco-TopDomains,2026-09-30
https://blog.salesforce.com?lang=en,0,Tranco-TopDomains,2026-09-30
https://developer.microsoft.com/download/release-v2.0,0,Tranco-TopDomains,2026-09-30
https://adobe.com?view=grid&filter=active,0,Tranco-TopDomains,2026-09-30
https://app.wikipedia.org/about?view=grid&filter=active,0,Tranco-TopDomains,2026-09-30
https://api.nature.com/about?view=grid&filter=active,0,Tranco-TopDomains,2026-09-30
https://blog.nytimes.com/help/faq,0,Tranco-TopDomains,2026-09-30
https://www.zoom.us/blog/post-102,0,Tranco-TopDomains,2026-09-30
http://blog.wikipedia.org/help/faq?id=108274,0,Tranco-TopDomains,2026-09-30
https://blog.spotify.com/about,0,Tranco-TopDomains,2026-09-30
https://docs.gitlab.com/blog/post-102?category=engineering,0,Tranco-TopDomains,2026-09-30
http://app.cnn.com/explore?category=engineering,0,Tranco-TopDomains,2026-09-30
https://developer.quora.com,0,Tranco-TopDomains,2026-09-30
https://cnn.com/legal/privacy-policy?page=2&sort=recent,0,Tranco-TopDomains,2026-09-30
https://blog.stackoverflow.com/blog/post-102,0,Tranco-TopDomains,2026-09-30
https://app.cnn.com/search,0,Tranco-TopDomains,2026-09-30
https://wsj.com/projects/open-source?category=engineering,0,Tranco-TopDomains,2026-09-30
https://nytimes.com/documentation/getting-started?id=108274,0,Tranco-TopDomains,2026-09-30
https://blog.wsj.com/pricing?lang=en,0,Tranco-TopDomains,2026-09-30
https://developer.microsoft.com,0,Tranco-TopDomains,2026-09-30
https://app.nytimes.com/terms-of-service,0,Tranco-TopDomains,2026-09-30
https://docs.zoom.us/download/release-v2.0?q=machine+learning,0,Tranco-TopDomains,2026-09-30
https://api.cnn.com/download/release-v2.0,0,Tranco-TopDomains,2026-09-30
https://app.mit.edu/features/security-whitepaper?lang=en,0,Tranco-TopDomains,2026-09-30
https://blog.microsoft.com/?category=engineering,0,Tranco-TopDomains,2026-09-30
https://app.theguardian.com/press/announcements,0,Tranco-TopDomains,2026-09-30
https://github.com/about?id=108274,0,Tranco-TopDomains,2026-09-30
https://www.salesforce.com/about,0,Tranco-TopDomains,2026-09-30
https://support.mozilla.org/pricing,0,Tranco-TopDomains,2026-09-30
http://docs.wsj.com/terms-of-service?id=108274,0,Tranco-TopDomains,2026-09-30
https://support.nytimes.com/documentation/getting-started,0,Tranco-TopDomains,2026-09-30
https://app.stackoverflow.com/pricing,0,Tranco-TopDomains,2026-09-30
https://docker.com/search,0,Tranco-TopDomains,2026-09-30
https://reddit.com/press/announcements?view=grid&filter=active,0,Tranco-TopDomains,2026-09-30
https://docs.netflix.com/legal/privacy-policy?view=grid&filter=active,0,Tranco-TopDomains,2026-09-30
https://blog.amazon.com/search?q=machine+learning,0,Tranco-TopDomains,2026-09-30
https://docs.wikipedia.org/pricing,0,Tranco-TopDomains,2026-09-30
https://www.dropbox.com/blog/post-102?category=engineering,0,Tranco-TopDomains,2026-09-30
https://support.quora.com/download/release-v2.0,0,Tranco-TopDomains,2026-09-30
https://www.bbc.co.uk/terms-of-service?category=engineering,0,Tranco-TopDomains,2026-09-30
https://www.netflix.com,0,Tranco-TopDomains,2026-09-30
https://blog.wikipedia.org/legal/privacy-policy,0,Tranco-TopDomains,2026-09-30
https://blog.quora.com/features/security-whitepaper,0,Tranco-TopDomains,2026-09-30
https://blog.zoom.us/pricing,0,Tranco-TopDomains,2026-09-30
https://support.amazon.com/documentation/getting-started,0,Tranco-TopDomains,2026-09-30
http://support.cnn.com?page=2&sort=recent,0,Tranco-TopDomains,2026-09-30
https://reuters.com/download/release-v2.0?lang=en,0,Tranco-TopDomains,2026-09-30
https://app.wsj.com/explore,0,Tranco-TopDomains,2026-09-30
https://app.github.com/explore,0,Tranco-TopDomains,2026-09-30
https://cnn.com/search?page=2&sort=recent,0,Tranco-TopDomains,2026-09-30
https://api.medium.com/articles/2026/technology?q=machine+learning,0,Tranco-TopDomains,2026-09-30
https://api.docker.com/features/security-whitepaper?page=2&sort=recent,0,Tranco-TopDomains,2026-09-30
http://app.stackoverflow.com/articles/2026/technology?category=engineering,0,Tranco-TopDomains,2026-09-30
https://support.wsj.com/,0,Tranco-TopDomains,2026-09-30
https://api.docker.com/press/announcements?lang=en,0,Tranco-TopDomains,2026-09-30
https://docs.medium.com/search,0,Tranco-TopDomains,2026-09-30
https://app.nature.com/legal/privacy-policy?lang=en,0,Tranco-TopDomains,2026-09-30
https://blog.nih.gov/about,0,Tranco-TopDomains,2026-09-30
https://nature.com/pricing?page=2&sort=recent,0,Tranco-TopDomains,2026-09-30
https://www.reuters.com/legal/privacy-policy?lang=en,0,Tranco-TopDomains,2026-09-30
https://support.slack.com/articles/2026/technology,0,Tranco-TopDomains,2026-09-30
https://netflix.com/explore?view=grid&filter=active,0,Tranco-TopDomains,2026-09-30
http://api.amazon.com/download/release-v2.0?category=engineering,0,Tranco-TopDomains,2026-09-30
https://stripe.com/download/release-v2.0,0,Tranco-TopDomains,2026-09-30
https://digitalocean.com/features/security-whitepaper,0,Tranco-TopDomains,2026-09-30
https://support.mozilla.org/pricing,0,Tranco-TopDomains,2026-09-30
https://spotify.com/help/faq?id=108274,0,Tranco-TopDomains,2026-09-30
https://api.wikipedia.org/projects/open-source,0,Tranco-TopDomains,2026-09-30
https://nih.gov/download/release-v2.0?view=grid&filter=active,0,Tranco-TopDomains,2026-09-30
https://support.adobe.com/?page=2&sort=recent,0,Tranco-TopDomains,2026-09-30
https://api.amazon.com/search,0,Tranco-TopDomains,2026-09-30
https://www.wikipedia.org/documentation/getting-started?page=2&sort=recent,0,Tranco-TopDomains,2026-09-30
https://medium.com/pricing?lang=en,0,Tranco-TopDomains,2026-09-30
https://www.netflix.com/explore?page=2&sort=recent,0,Tranco-TopDomains,2026-09-30
https://app.docker.com/?page=2&sort=recent,0,Tranco-TopDomains,2026-09-30
https://app.stackoverflow.com/about?id=108274,0,Tranco-TopDomains,2026-09-30
https://support.wsj.com/download/release-v2.0?lang=en,0,Tranco-TopDomains,2026-09-30
https://app.slack.com/projects/open-source?category=engineering,0,Tranco-TopDomains,2026-09-30
https://blog.stackoverflow.com/documentation/getting-started?q=machine+learning,0,Tranco-TopDomains,2026-09-30
https://docs.quora.com/features/security-whitepaper?category=engineering,0,Tranco-TopDomains,2026-09-30
https://api.google.com/features/security-whitepaper,0,Tranco-TopDomains,2026-09-30
https://developer.cnn.com/press/announcements,0,Tranco-TopDomains,2026-09-30
https://cnn.com/explore,0,Tranco-TopDomains,2026-09-30
https://support.netflix.com/press/announcements?q=machine+learning,0,Tranco-TopDomains,2026-09-30
https://app.mozilla.org/press/announcements?q=machine+learning,0,Tranco-TopDomains,2026-09-30
https://www.python.org/pricing?lang=en,0,Tranco-TopDomains,2026-09-30
https://blog.bbc.co.uk/search?page=2&sort=recent,0,Tranco-TopDomains,2026-09-30
https://support.nytimes.com/features/security-whitepaper?category=engineering,0,Tranco-TopDomains,2026-09-30
https://docs.bbc.co.uk/articles/2026/technology?view=grid&filter=active,0,Tranco-TopDomains,2026-09-30
https://app.cnn.com/articles/2026/technology?q=machine+learning,0,Tranco-TopDomains,2026-09-30
https://dropbox.com/,0,Tranco-TopDomains,2026-09-30
https://bbc.co.uk/explore?lang=en,0,Tranco-TopDomains,2026-09-30
https://google.com/download/release-v2.0?q=machine+learning,0,Tranco-TopDomains,2026-09-30
https://blog.bbc.co.uk/blog/post-102?lang=en,0,Tranco-TopDomains,2026-09-30
https://developer.oracle.com/about?id=108274,0,Tranco-TopDomains,2026-09-30
https://developer.google.com/terms-of-service?page=2&sort=recent,0,Tranco-TopDomains,2026-09-30
https://docs.dropbox.com/terms-of-service,0,Tranco-TopDomains,2026-09-30
https://developer.amazon.com/terms-of-service?category=engineering,0,Tranco-TopDomains,2026-09-30
http://www.wikipedia.org/documentation/getting-started,0,Tranco-TopDomains,2026-09-30
https://docs.slack.com/documentation/getting-started?q=machine+learning,0,Tranco-TopDomains,2026-09-30
https://support.bbc.co.uk/search,0,Tranco-TopDomains,2026-09-30
https://developer.docker.com/projects/open-source?q=machine+learning,0,Tranco-TopDomains,2026-09-30
https://blog.stripe.com/?category=engineering,0,Tranco-TopDomains,2026-09-30
http://developer.oracle.com?view=grid&filter=active,0,Tranco-TopDomains,2026-09-30
https://api.nature.com/?q=machine+learning,0,Tranco-TopDomains,2026-09-30
https://api.github.com/terms-of-service,0,Tranco-TopDomains,2026-09-30
https://oracle.com/legal/privacy-policy,0,Tranco-TopDomains,2026-09-30
https://developer.github.com/legal/privacy-policy,0,Tranco-TopDomains,2026-09-30
https://docs.quora.com?category=engineering,0,Tranco-TopDomains,2026-09-30
https://blog.netflix.com/articles/2026/technology?category=engineering,0,Tranco-TopDomains,2026-09-30
https://api.python.org?category=engineering,0,Tranco-TopDomains,2026-09-30
https://google.com/documentation/getting-started?category=engineering,0,Tranco-TopDomains,2026-09-30
https://api.theguardian.com/pricing?lang=en,0,Tranco-TopDomains,2026-09-30
https://docs.wikipedia.org/features/security-whitepaper?lang=en,0,Tranco-TopDomains,2026-09-30
https://app.quora.com/projects/open-source,0,Tranco-TopDomains,2026-09-30
https://app.harvard.edu/press/announcements?id=108274,0,Tranco-TopDomains,2026-09-30
https://docs.wikipedia.org/download/release-v2.0,0,Tranco-TopDomains,2026-09-30
https://api.adobe.com?lang=en,0,Tranco-TopDomains,2026-09-30
https://harvard.edu/download/release-v2.0?category=engineering,0,Tranco-TopDomains,2026-09-30
https://python.org/documentation/getting-started?lang=en,0,Tranco-TopDomains,2026-09-30
https://cloudflare.com/explore,0,Tranco-TopDomains,2026-09-30
https://wsj.com/explore?page=2&sort=recent,0,Tranco-TopDomains,2026-09-30
http://api.nature.com/documentation/getting-started?lang=en,0,Tranco-TopDomains,2026-09-30
https://wikipedia.org/features/security-whitepaper?category=engineering,0,Tranco-TopDomains,2026-09-30
https://nytimes.com/projects/open-source?id=108274,0,Tranco-TopDomains,2026-09-30
https://developer.oracle.com/legal/privacy-policy,0,Tranco-TopDomains,2026-09-30
https://api.nytimes.com/pricing?view=grid&filter=active,0,Tranco-TopDomains,2026-09-30
https://quora.com/search,0,Tranco-TopDomains,2026-09-30
https://blog.reuters.com/press/announcements,0,Tranco-TopDomains,2026-09-30
https://docs.wsj.com/about?category=engineering,0,Tranco-TopDomains,2026-09-30
https://zoom.us/projects/open-source?lang=en,0,Tranco-TopDomains,2026-09-30
https://support.netflix.com/legal/privacy-policy?view=grid&filter=active,0,Tranco-TopDomains,2026-09-30
https://docs.wsj.com/pricing,0,Tranco-TopDomains,2026-09-30
https://blog.adobe.com/download/release-v2.0?view=grid&filter=active,0,Tranco-TopDomains,2026-09-30
https://www.zoom.us/documentation/getting-started,0,Tranco-TopDomains,2026-09-30
https://gitlab.com/projects/open-source?category=engineering,0,Tranco-TopDomains,2026-09-30
https://blog.amazon.com/,0,Tranco-TopDomains,2026-09-30
https://support.zoom.us/search,0,Tranco-TopDomains,2026-09-30
https://api.adobe.com/terms-of-service?view=grid&filter=active,0,Tranco-TopDomains,2026-09-30
https://docs.stripe.com/terms-of-service?view=grid&filter=active,0,Tranco-TopDomains,2026-09-30
https://support.reuters.com/terms-of-service?page=2&sort=recent,0,Tranco-TopDomains,2026-09-30
https://developer.spotify.com/help/faq,0,Tranco-TopDomains,2026-09-30
https://docs.bbc.co.uk/press/announcements?category=engineering,0,Tranco-TopDomains,2026-09-30
https://google.com/pricing?id=108274,0,Tranco-TopDomains,2026-09-30
https://support.reuters.com/search?lang=en,0,Tranco-TopDomains,2026-09-30
https://spotify.com/download/release-v2.0?category=engineering,0,Tranco-TopDomains,2026-09-30
https://adobe.com/search,0,Tranco-TopDomains,2026-09-30
https://docs.oracle.com/about?id=108274,0,Tranco-TopDomains,2026-09-30
https://docs.reddit.com,0,Tranco-TopDomains,2026-09-30
https://www.mit.edu/download/release-v2.0?id=108274,0,Tranco-TopDomains,2026-09-30
https://blog.microsoft.com/documentation/getting-started?page=2&sort=recent,0,Tranco-TopDomains,2026-09-30
https://github.com/features/security-whitepaper,0,Tranco-TopDomains,2026-09-30
https://www.stripe.com/?lang=en,0,Tranco-TopDomains,2026-09-30
https://linkedin.com/projects/open-source?id=108274,0,Tranco-TopDomains,2026-09-30
https://amazon.com/?page=2&sort=recent,0,Tranco-TopDomains,2026-09-30
https://app.wsj.com/documentation/getting-started,0,Tranco-TopDomains,2026-09-30
https://linkedin.com/projects/open-source?lang=en,0,Tranco-TopDomains,2026-09-30
https://app.google.com/download/release-v2.0,0,Tranco-TopDomains,2026-09-30
https://app.reddit.com/press/announcements?view=grid&filter=active,0,Tranco-TopDomains,2026-09-30
https://api.linkedin.com/search?id=108274,0,Tranco-TopDomains,2026-09-30
https://api.harvard.edu/pricing?lang=en,0,Tranco-TopDomains,2026-09-30
https://api.oracle.com/?view=grid&filter=active,0,Tranco-TopDomains,2026-09-30
https://developer.zoom.us/legal/privacy-policy?id=108274,0,Tranco-TopDomains,2026-09-30
https://app.google.com/terms-of-service?view=grid&filter=active,0,Tranco-TopDomains,2026-09-30
https://app.nih.gov/blog/post-102,0,Tranco-TopDomains,2026-09-30
http://nature.com/search?category=engineering,0,Tranco-TopDomains,2026-09-30
https://docs.medium.com/search,0,Tranco-TopDomains,2026-09-30
https://api.apple.com/search?page=2&sort=recent,0,Tranco-TopDomains,2026-09-30
https://developer.microsoft.com/projects/open-source?lang=en,0,Tranco-TopDomains,2026-09-30
https://nih.gov/features/security-whitepaper?view=grid&filter=active,0,Tranco-TopDomains,2026-09-30
https://support.wsj.com/features/security-whitepaper?page=2&sort=recent,0,Tranco-TopDomains,2026-09-30
https://docs.stackoverflow.com/about?id=108274,0,Tranco-TopDomains,2026-09-30
http://blog.linkedin.com/articles/2026/technology?q=machine+learning,0,Tranco-TopDomains,2026-09-30
https://reuters.com/terms-of-service?id=108274,0,Tranco-TopDomains,2026-09-30
https://docs.theguardian.com/explore?category=engineering,0,Tranco-TopDomains,2026-09-30
https://nih.gov/download/release-v2.0,0,Tranco-TopDomains,2026-09-30
https://blog.netflix.com/pricing?lang=en,0,Tranco-TopDomains,2026-09-30
https://developer.stripe.com/legal/privacy-policy?id=108274,0,Tranco-TopDomains,2026-09-30
https://www.gitlab.com?category=engineering,0,Tranco-TopDomains,2026-09-30
https://harvard.edu/help/faq,0,Tranco-TopDomains,2026-09-30
https://reuters.com/features/security-whitepaper?id=108274,0,Tranco-TopDomains,2026-09-30
https://salesforce.com/pricing?page=2&sort=recent,0,Tranco-TopDomains,2026-09-30
https://support.oracle.com?category=engineering,0,Tranco-TopDomains,2026-09-30
https://cnn.com/features/security-whitepaper,0,Tranco-TopDomains,2026-09-30
https://reddit.com/features/security-whitepaper?id=108274,0,Tranco-TopDomains,2026-09-30
https://microsoft.com/articles/2026/technology?q=machine+learning,0,Tranco-TopDomains,2026-09-30
https://amazon.com/download/release-v2.0?page=2&sort=recent,0,Tranco-TopDomains,2026-09-30
https://developer.wsj.com/?id=108274,0,Tranco-TopDomains,2026-09-30
https://developer.docker.com/terms-of-service?lang=en,0,Tranco-TopDomains,2026-09-30
https://support.gitlab.com/press/announcements?page=2&sort=recent,0,Tranco-TopDomains,2026-09-30
https://reuters.com/?view=grid&filter=active,0,Tranco-TopDomains,2026-09-30
https://blog.docker.com/about?page=2&sort=recent,0,Tranco-TopDomains,2026-09-30
https://developer.adobe.com/?id=108274,0,Tranco-TopDomains,2026-09-30
https://blog.netflix.com/pricing,0,Tranco-TopDomains,2026-09-30
https://www.nature.com/blog/post-102?id=108274,0,Tranco-TopDomains,2026-09-30
https://www.stripe.com,0,Tranco-TopDomains,2026-09-30
https://support.reddit.com/about,0,Tranco-TopDomains,2026-09-30
https://slack.com/articles/2026/technology,0,Tranco-TopDomains,2026-09-30
https://api.microsoft.com/about?id=108274,0,Tranco-TopDomains,2026-09-30
https://wsj.com/search?id=108274,0,Tranco-TopDomains,2026-09-30
https://zoom.us/search,0,Tranco-TopDomains,2026-09-30
https://quora.com/pricing?category=engineering,0,Tranco-TopDomains,2026-09-30
https://github.com/?view=grid&filter=active,0,Tranco-TopDomains,2026-09-30
https://developer.nih.gov/search?id=108274,0,Tranco-TopDomains,2026-09-30
https://app.nature.com/documentation/getting-started?q=machine+learning,0,Tranco-TopDomains,2026-09-30
https://support.theguardian.com/legal/privacy-policy?view=grid&filter=active,0,Tranco-TopDomains,2026-09-30
https://api.cnn.com/?category=engineering,0,Tranco-TopDomains,2026-09-30
https://blog.docker.com/download/release-v2.0?id=108274,0,Tranco-TopDomains,2026-09-30
https://www.nih.gov/terms-of-service?page=2&sort=recent,0,Tranco-TopDomains,2026-09-30
https://developer.google.com/features/security-whitepaper?q=machine+learning,0,Tranco-TopDomains,2026-09-30
https://www.nytimes.com/explore?page=2&sort=recent,0,Tranco-TopDomains,2026-09-30
https://api.github.com/features/security-whitepaper,0,Tranco-TopDomains,2026-09-30
https://blog.apple.com/press/announcements?q=machine+learning,0,Tranco-TopDomains,2026-09-30
https://docs.linkedin.com/?lang=en,0,Tranco-TopDomains,2026-09-30
https://blog.theguardian.com/projects/open-source,0,Tranco-TopDomains,2026-09-30
https://oracle.com/legal/privacy-policy?view=grid&filter=active,0,Tranco-TopDomains,2026-09-30
https://cloudflare.com/documentation/getting-started?page=2&sort=recent,0,Tranco-TopDomains,2026-09-30
https://support.mit.edu/features/security-whitepaper,0,Tranco-TopDomains,2026-09-30
https://blog.slack.com/about,0,Tranco-TopDomains,2026-09-30
https://developer.gitlab.com/features/security-whitepaper?id=108274,0,Tranco-TopDomains,2026-09-30
https://www.mozilla.org/legal/privacy-policy?lang=en,0,Tranco-TopDomains,2026-09-30
https://docs.theguardian.com/blog/post-102?category=engineering,0,Tranco-TopDomains,2026-09-30
https://salesforce.com/documentation/getting-started?category=engineering,0,Tranco-TopDomains,2026-09-30
https://docs.digitalocean.com,0,Tranco-TopDomains,2026-09-30
https://app.python.org/terms-of-service?view=grid&filter=active,0,Tranco-TopDomains,2026-09-30
https://blog.quora.com/projects/open-source,0,Tranco-TopDomains,2026-09-30
https://api.quora.com/features/security-whitepaper,0,Tranco-TopDomains,2026-09-30
https://developer.mozilla.org/documentation/getting-started,0,Tranco-TopDomains,2026-09-30
https://www.nature.com/,0,Tranco-TopDomains,2026-09-30
https://api.apple.com/help/faq?lang=en,0,Tranco-TopDomains,2026-09-30
https://www.nih.gov/articles/2026/technology?lang=en,0,Tranco-TopDomains,2026-09-30
https://netflix.com/help/faq?lang=en,0,Tranco-TopDomains,2026-09-30
https://support.digitalocean.com?view=grid&filter=active,0,Tranco-TopDomains,2026-09-30
https://docs.oracle.com/pricing?view=grid&filter=active,0,Tranco-TopDomains,2026-09-30
https://zoom.us/explore?page=2&sort=recent,0,Tranco-TopDomains,2026-09-30
https://blog.spotify.com/legal/privacy-policy,0,Tranco-TopDomains,2026-09-30
https://docs.quora.com/explore?category=engineering,0,Tranco-TopDomains,2026-09-30
https://api.google.com,0,Tranco-TopDomains,2026-09-30
https://blog.wikipedia.org/explore?category=engineering,0,Tranco-TopDomains,2026-09-30
https://docs.wikipedia.org/explore?q=machine+learning,0,Tranco-TopDomains,2026-09-30
https://docs.oracle.com/press/announcements?category=engineering,0,Tranco-TopDomains,2026-09-30
https://app.amazon.com/blog/post-102?id=108274,0,Tranco-TopDomains,2026-09-30
https://developer.quora.com/legal/privacy-policy,0,Tranco-TopDomains,2026-09-30
https://app.python.org/search?id=108274,0,Tranco-TopDomains,2026-09-30
https://www.cnn.com,0,Tranco-TopDomains,2026-09-30
https://spotify.com/pricing,0,Tranco-TopDomains,2026-09-30
https://support.mit.edu/pricing?view=grid&filter=active,0,Tranco-TopDomains,2026-09-30
https://support.zoom.us/download/release-v2.0?category=engineering,0,Tranco-TopDomains,2026-09-30
https://google.com/terms-of-service?category=engineering,0,Tranco-TopDomains,2026-09-30
https://linkedin.com/,0,Tranco-TopDomains,2026-09-30
https://python.org/documentation/getting-started?lang=en,0,Tranco-TopDomains,2026-09-30
https://wsj.com/about?q=machine+learning,0,Tranco-TopDomains,2026-09-30
https://blog.digitalocean.com/documentation/getting-started?category=engineering,0,Tranco-TopDomains,2026-09-30
https://microsoft.com/press/announcements?view=grid&filter=active,0,Tranco-TopDomains,2026-09-30
https://adobe.com/legal/privacy-policy?lang=en,0,Tranco-TopDomains,2026-09-30
https://docs.stackoverflow.com/legal/privacy-policy,0,Tranco-TopDomains,2026-09-30
https://www.harvard.edu/help/faq,0,Tranco-TopDomains,2026-09-30
https://api.slack.com/download/release-v2.0?lang=en,0,Tranco-TopDomains,2026-09-30
https://zoom.us/explore?id=108274,0,Tranco-TopDomains,2026-09-30
https://quora.com/pricing?q=machine+learning,0,Tranco-TopDomains,2026-09-30
https://support.spotify.com/terms-of-service?page=2&sort=recent,0,Tranco-TopDomains,2026-09-30
https://nytimes.com/press/announcements?view=grid&filter=active,0,Tranco-TopDomains,2026-09-30
http://medium.com/legal/privacy-policy,0,Tranco-TopDomains,2026-09-30
https://api.nature.com,0,Tranco-TopDomains,2026-09-30
https://api.dropbox.com/about?q=machine+learning,0,Tranco-TopDomains,2026-09-30
https://docs.linkedin.com/blog/post-102?id=108274,0,Tranco-TopDomains,2026-09-30
https://mozilla.org/documentation/getting-started,0,Tranco-TopDomains,2026-09-30
https://www.cnn.com/about?lang=en,0,Tranco-TopDomains,2026-09-30
https://support.linkedin.com/about?page=2&sort=recent,0,Tranco-TopDomains,2026-09-30
https://app.salesforce.com/projects/open-source,0,Tranco-TopDomains,2026-09-30
https://docs.stackoverflow.com/features/security-whitepaper?id=108274,0,Tranco-TopDomains,2026-09-30
https://www.adobe.com/about,0,Tranco-TopDomains,2026-09-30
https://docs.google.com?page=2&sort=recent,0,Tranco-TopDomains,2026-09-30
https://developer.gitlab.com/download/release-v2.0?category=engineering,0,Tranco-TopDomains,2026-09-30
https://mit.edu/help/faq?id=108274,0,Tranco-TopDomains,2026-09-30
https://blog.cloudflare.com/press/announcements?q=machine+learning,0,Tranco-TopDomains,2026-09-30
https://app.harvard.edu/about?page=2&sort=recent,0,Tranco-TopDomains,2026-09-30
https://docs.wikipedia.org/documentation/getting-started?category=engineering,0,Tranco-TopDomains,2026-09-30
https://stripe.com/explore,0,Tranco-TopDomains,2026-09-30
http://nature.com/features/security-whitepaper,0,Tranco-TopDomains,2026-09-30
https://blog.slack.com/terms-of-service?category=engineering,0,Tranco-TopDomains,2026-09-30
https://developer.dropbox.com/?category=engineering,0,Tranco-TopDomains,2026-09-30
https://google.com/download/release-v2.0?q=machine+learning,0,Tranco-TopDomains,2026-09-30
https://api.wikipedia.org/blog/post-102,0,Tranco-TopDomains,2026-09-30
https://mit.edu/pricing,0,Tranco-TopDomains,2026-09-30
https://mit.edu/articles/2026/technology?id=108274,0,Tranco-TopDomains,2026-09-30
https://api.dropbox.com?page=2&sort=recent,0,Tranco-TopDomains,2026-09-30
https://python.org/legal/privacy-policy,0,Tranco-TopDomains,2026-09-30
https://mozilla.org/pricing?category=engineering,0,Tranco-TopDomains,2026-09-30
https://api.cloudflare.com/about?lang=en,0,Tranco-TopDomains,2026-09-30
https://mozilla.org/explore?category=engineering,0,Tranco-TopDomains,2026-09-30
https://www.cnn.com/search,0,Tranco-TopDomains,2026-09-30
https://docs.python.org/,0,Tranco-TopDomains,2026-09-30
https://app.nih.gov/search,0,Tranco-TopDomains,2026-09-30
https://api.amazon.com/pricing,0,Tranco-TopDomains,2026-09-30
https://app.cloudflare.com/,0,Tranco-TopDomains,2026-09-30
https://docs.harvard.edu/legal/privacy-policy?q=machine+learning,0,Tranco-TopDomains,2026-09-30
https://www.cloudflare.com/documentation/getting-started,0,Tranco-TopDomains,2026-09-30
https://support.reuters.com/explore?q=machine+learning,0,Tranco-TopDomains,2026-09-30
https://api.medium.com/download/release-v2.0?lang=en,0,Tranco-TopDomains,2026-09-30
https://docs.harvard.edu/articles/2026/technology?id=108274,0,Tranco-TopDomains,2026-09-30
https://app.oracle.com/features/security-whitepaper?category=engineering,0,Tranco-TopDomains,2026-09-30
https://docs.bbc.co.uk/download/release-v2.0?category=engineering,0,Tranco-TopDomains,2026-09-30
https://bbc.co.uk/help/faq?q=machine+learning,0,Tranco-TopDomains,2026-09-30
https://developer.docker.com/documentation/getting-started?lang=en,0,Tranco-TopDomains,2026-09-30
https://api.nature.com/articles/2026/technology?view=grid&filter=active,0,Tranco-TopDomains,2026-09-30
https://support.spotify.com/about?page=2&sort=recent,0,Tranco-TopDomains,2026-09-30
https://support.zoom.us/help/faq?page=2&sort=recent,0,Tranco-TopDomains,2026-09-30
https://docs.wikipedia.org/press/announcements?category=engineering,0,Tranco-TopDomains,2026-09-30
https://www.netflix.com/?category=engineering,0,Tranco-TopDomains,2026-09-30
https://docs.cloudflare.com/press/announcements?page=2&sort=recent,0,Tranco-TopDomains,2026-09-30
https://app.slack.com/help/faq,0,Tranco-TopDomains,2026-09-30
https://docs.gitlab.com/pricing?category=engineering,0,Tranco-TopDomains,2026-09-30
https://api.nih.gov/projects/open-source?id=108274,0,Tranco-TopDomains,2026-09-30
https://stripe.com/terms-of-service?q=machine+learning,0,Tranco-TopDomains,2026-09-30
https://support.mit.edu/press/announcements,0,Tranco-TopDomains,2026-09-30
https://developer.dropbox.com/about,0,Tranco-TopDomains,2026-09-30
https://www.stripe.com/documentation/getting-started?page=2&sort=recent,0,Tranco-TopDomains,2026-09-30
https://support.salesforce.com/terms-of-service?id=108274,0,Tranco-TopDomains,2026-09-30
https://app.cnn.com?category=engineering,0,Tranco-TopDomains,2026-09-30
https://blog.slack.com/search?lang=en,0,Tranco-TopDomains,2026-09-30
https://app.cnn.com/about?category=engineering,0,Tranco-TopDomains,2026-09-30
https://blog.nih.gov/about,0,Tranco-TopDomains,2026-09-30
http://www.theguardian.com/features/security-whitepaper,0,Tranco-TopDomains,2026-09-30
https://developer.microsoft.com/projects/open-source?view=grid&filter=active,0,Tranco-TopDomains,2026-09-30
https://developer.amazon.com/articles/2026/technology,0,Tranco-TopDomains,2026-09-30
https://blog.linkedin.com/download/release-v2.0?view=grid&filter=active,0,Tranco-TopDomains,2026-09-30
https://blog.microsoft.com/search?category=engineering,0,Tranco-TopDomains,2026-09-30
https://harvard.edu/search,0,Tranco-TopDomains,2026-09-30
https://www.slack.com/legal/privacy-policy?view=grid&filter=active,0,Tranco-TopDomains,2026-09-30
https://docs.adobe.com/search,0,Tranco-TopDomains,2026-09-30
https://api.salesforce.com/pricing?q=machine+learning,0,Tranco-TopDomains,2026-09-30
https://app.mit.edu/explore?view=grid&filter=active,0,Tranco-TopDomains,2026-09-30
https://oracle.com/projects/open-source?category=engineering,0,Tranco-TopDomains,2026-09-30
https://blog.medium.com/about,0,Tranco-TopDomains,2026-09-30
https://support.stripe.com/legal/privacy-policy?view=grid&filter=active,0,Tranco-TopDomains,2026-09-30
https://developer.stripe.com?category=engineering,0,Tranco-TopDomains,2026-09-30
https://www.nature.com/projects/open-source?page=2&sort=recent,0,Tranco-TopDomains,2026-09-30
https://stackoverflow.com/explore?category=engineering,0,Tranco-TopDomains,2026-09-30
https://app.spotify.com,0,Tranco-TopDomains,2026-09-30
https://app.cnn.com/blog/post-102,0,Tranco-TopDomains,2026-09-30
https://www.apple.com/documentation/getting-started?q=machine+learning,0,Tranco-TopDomains,2026-09-30
https://www.linkedin.com/press/announcements?category=engineering,0,Tranco-TopDomains,2026-09-30
http://docs.harvard.edu/explore?lang=en,0,Tranco-TopDomains,2026-09-30
https://docs.wsj.com/about,0,Tranco-TopDomains,2026-09-30
https://developer.digitalocean.com/projects/open-source,0,Tranco-TopDomains,2026-09-30
https://blog.medium.com/about,0,Tranco-TopDomains,2026-09-30
http://app.salesforce.com/about,0,Tranco-TopDomains,2026-09-30
https://oracle.com/,0,Tranco-TopDomains,2026-09-30
https://support.stripe.com/explore?category=engineering,0,Tranco-TopDomains,2026-09-30
https://github.com/?q=machine+learning,0,Tranco-TopDomains,2026-09-30
https://www.stackoverflow.com/blog/post-102?id=108274,0,Tranco-TopDomains,2026-09-30
https://docs.dropbox.com/blog/post-102,0,Tranco-TopDomains,2026-09-30
https://api.harvard.edu/projects/open-source,0,Tranco-TopDomains,2026-09-30
https://app.reddit.com/explore?view=grid&filter=active,0,Tranco-TopDomains,2026-09-30
https://www.cloudflare.com/pricing,0,Tranco-TopDomains,2026-09-30
https://reddit.com/about?view=grid&filter=active,0,Tranco-TopDomains,2026-09-30
https://python.org/legal/privacy-policy,0,Tranco-TopDomains,2026-09-30
https://developer.oracle.com,0,Tranco-TopDomains,2026-09-30
https://blog.reuters.com/about?lang=en,0,Tranco-TopDomains,2026-09-30
https://blog.python.org/features/security-whitepaper?lang=en,0,Tranco-TopDomains,2026-09-30
https://quora.com/projects/open-source?category=engineering,0,Tranco-TopDomains,2026-09-30
https://api.theguardian.com/press/announcements?category=engineering,0,Tranco-TopDomains,2026-09-30
https://www.digitalocean.com/about?q=machine+learning,0,Tranco-TopDomains,2026-09-30
https://apple.com/press/announcements?lang=en,0,Tranco-TopDomains,2026-09-30
https://support.stackoverflow.com/explore?lang=en,0,Tranco-TopDomains,2026-09-30
https://mozilla.org/help/faq?lang=en,0,Tranco-TopDomains,2026-09-30
https://www.wikipedia.org/about?page=2&sort=recent,0,Tranco-TopDomains,2026-09-30
https://support.amazon.com/download/release-v2.0,0,Tranco-TopDomains,2026-09-30
https://blog.stripe.com/blog/post-102?page=2&sort=recent,0,Tranco-TopDomains,2026-09-30
https://adobe.com/press/announcements?lang=en,0,Tranco-TopDomains,2026-09-30
https://google.com/help/faq?lang=en,0,Tranco-TopDomains,2026-09-30
https://developer.wikipedia.org/blog/post-102?id=108274,0,Tranco-TopDomains,2026-09-30
https://support.spotify.com/pricing?lang=en,0,Tranco-TopDomains,2026-09-30
https://nih.gov?page=2&sort=recent,0,Tranco-TopDomains,2026-09-30
https://support.dropbox.com/features/security-whitepaper?page=2&sort=recent,0,Tranco-TopDomains,2026-09-30
https://www.slack.com/help/faq?page=2&sort=recent,0,Tranco-TopDomains,2026-09-30
https://salesforce.com/articles/2026/technology?view=grid&filter=active,0,Tranco-TopDomains,2026-09-30
https://developer.apple.com/search?category=engineering,0,Tranco-TopDomains,2026-09-30
https://support.netflix.com/help/faq,0,Tranco-TopDomains,2026-09-30
https://developer.google.com,0,Tranco-TopDomains,2026-09-30
https://linkedin.com/documentation/getting-started,0,Tranco-TopDomains,2026-09-30
https://blog.zoom.us/download/release-v2.0,0,Tranco-TopDomains,2026-09-30
http://developer.theguardian.com/explore,0,Tranco-TopDomains,2026-09-30
https://support.stripe.com/?lang=en,0,Tranco-TopDomains,2026-09-30
https://developer.cloudflare.com/search?id=108274,0,Tranco-TopDomains,2026-09-30
https://support.reddit.com/articles/2026/technology?q=machine+learning,0,Tranco-TopDomains,2026-09-30
https://stackoverflow.com/help/faq,0,Tranco-TopDomains,2026-09-30
https://blog.mozilla.org/search,0,Tranco-TopDomains,2026-09-30
https://docs.mozilla.org?id=108274,0,Tranco-TopDomains,2026-09-30
https://adobe.com/projects/open-source?page=2&sort=recent,0,Tranco-TopDomains,2026-09-30
https://oracle.com?lang=en,0,Tranco-TopDomains,2026-09-30
https://docs.nature.com/features/security-whitepaper,0,Tranco-TopDomains,2026-09-30
https://cloudflare.com/documentation/getting-started?page=2&sort=recent,0,Tranco-TopDomains,2026-09-30
https://www.adobe.com/terms-of-service?view=grid&filter=active,0,Tranco-TopDomains,2026-09-30
https://blog.nytimes.com/search,0,Tranco-TopDomains,2026-09-30
https://docs.digitalocean.com/explore?page=2&sort=recent,0,Tranco-TopDomains,2026-09-30
https://nature.com/features/security-whitepaper?id=108274,0,Tranco-TopDomains,2026-09-30
http://blog.python.org,0,Tranco-TopDomains,2026-09-30
https://oracle.com/legal/privacy-policy?page=2&sort=recent,0,Tranco-TopDomains,2026-09-30
https://app.wikipedia.org/terms-of-service,0,Tranco-TopDomains,2026-09-30
https://theguardian.com/blog/post-102?lang=en,0,Tranco-TopDomains,2026-09-30
https://developer.stripe.com/legal/privacy-policy,0,Tranco-TopDomains,2026-09-30
https://bbc.co.uk/documentation/getting-started,0,Tranco-TopDomains,2026-09-30
https://developer.spotify.com?q=machine+learning,0,Tranco-TopDomains,2026-09-30
https://stackoverflow.com/explore?q=machine+learning,0,Tranco-TopDomains,2026-09-30
https://docs.gitlab.com/documentation/getting-started?category=engineering,0,Tranco-TopDomains,2026-09-30
https://api.google.com/terms-of-service?id=108274,0,Tranco-TopDomains,2026-09-30
https://stackoverflow.com/blog/post-102?q=machine+learning,0,Tranco-TopDomains,2026-09-30
invalid:::url^^format,0,test,2026-09-30
