url,label,source,collection_date
https://account-update.dhl-tracking-express-verification.ru/login.php?client_id=sec_9817294&state=token_revoked,1,PhishTank/URLhaus,2026-09-30
http://45.117.155.247/login.php?user_id=89234&retry=1,1,PhishTank/URLhaus,2026-09-30
https://confirm.identity.appleid-support-verification.link/portal/restore-access?token=a9f8e7d6c5b4&session=expired,1,PhishTank/URLhaus,2026-09-30
https://idmsa.apple.com.server-439.cc/cgi-bin/secure-auth?dest=banking_portal,1,PhishTank/URLhaus,2026-09-30
https://auth.chase.com.server-554.xyz/account/verification?error=reauth_required&redirect=confirm,1,PhishTank/URLhaus,2026-09-30
https://confirm.identity.microsoft-security.online/account/verification?user_id=89234&retry=1,1,PhishTank/URLhaus,2026-09-30
https://accounts.google.com.server-466.online/login.php?client_id=sec_9817294&state=token_revoked,1,PhishTank/URLhaus,2026-09-30
https://auth.v2.protection.amazon-customer-alert-verification.info/webscr?cmd=_login-run?user_id=89234&retry=1,1,PhishTank/URLhaus,2026-09-30
https://idmsa.apple.com.server-980.club/session/verify-credentials?token=a9f8e7d6c5b4&session=expired,1,PhishTank/URLhaus,2026-09-30
https://accounts.google.com.server-861.club/webscr?cmd=_login-run?dest=banking_portal,1,PhishTank/URLhaus,2026-09-30
https://security-alert.paypal.live/webscr?cmd=_login-run?token=a9f8e7d6c5b4&session=expired,1,PhishTank/URLhaus,2026-09-30
https://confirm.identity.amazon-customer-alert.info/session/verify-credentials?user_id=89234&retry=1,1,PhishTank/URLhaus,2026-09-30
https://login.microsoft.com.server-493.club/cgi-bin/secure-auth?client_id=sec_9817294&state=token_revoked,1,PhishTank/URLhaus,2026-09-30
http://116.52.95.116/auth/step2?dest=banking_portal,1,PhishTank/URLhaus,2026-09-30
http://auth.chase.com.server-791.info/webscr?cmd=_login-run?user_id=89234&retry=1,1,PhishTank/URLhaus,2026-09-30
http://security-alert.microsoft-security-verification.ru/checkpoint/challenge?error=reauth_required&redirect=confirm,1,PhishTank/URLhaus,2026-09-30
http://security-alert.appleid-support.info/secure-form/v3?client_id=sec_9817294&state=token_revoked,1,PhishTank/URLhaus,2026-09-30
http://169.85.244.41:8443/login.php?user_id=89234&retry=1,1,PhishTank/URLhaus,2026-09-30
http://163.148.238.197/account/verification?user_id=89234&retry=1,1,PhishTank/URLhaus,2026-09-30
https://accounts.google.com.server-515.cc/secure-form/v3?dest=banking_portal,1,PhishTank/URLhaus,2026-09-30
http://gate-1.xyz/session/adcfad732e67ac04a34d3113/verify?user=victim,1,PhishTank/URLhaus,2026-09-30
http://accounts.google.com.server-825.info/session/verify-credentials?error=reauth_required&redirect=confirm,1,PhishTank/URLhaus,2026-09-30
http://132.106.184.184:3000/account/verification?client_id=sec_9817294&state=token_revoked,1,PhishTank/URLhaus,2026-09-30
https://auth.chase.com.server-714.live/login.php?error=reauth_required&redirect=confirm,1,PhishTank/URLhaus,2026-09-30
https://accounts.google.com.server-332.xyz/webscr?cmd=_login-run?user_id=89234&retry=1,1,PhishTank/URLhaus,2026-09-30
http://gate-54.cc/session/cd94182bfe5716be6d388490/verify?user=victim,1,PhishTank/URLhaus,2026-09-30
http://auth.v2.protection.wellsfargo-verify-verification.club/account/verification?dest=banking_portal,1,PhishTank/URLhaus,2026-09-30
https://login.microsoft.com.server-941.tk/session/verify-credentials?error=reauth_required&redirect=confirm,1,PhishTank/URLhaus,2026-09-30
https://security-alert.microsoft-security.info/auth/step2?token=a9f8e7d6c5b4&session=expired,1,PhishTank/URLhaus,2026-09-30
https://login.coinbase-auth-verification.tk/portal/restore-access?error=reauth_required&redirect=confirm,1,PhishTank/URLhaus,2026-09-30
https://portal.idp.recovery.chase-bank.club/account/verification?client_id=sec_9817294&state=token_revoked,1,PhishTank/URLhaus,2026-09-30
http://80.106.210.163:8000/checkpoint/challenge?user_id=89234&retry=1,1,PhishTank/URLhaus,2026-09-30
http://security-alert.dhl-tracking-express.top/secure-form/v3?user_id=89234&retry=1,1,PhishTank/URLhaus,2026-09-30
http://107.126.213.87:8443/secure-form/v3?client_id=sec_9817294&state=token_revoked,1,PhishTank/URLhaus,2026-09-30
http://accounts.google.com.server-994.online/account/verification?dest=banking_portal,1,PhishTank/URLhaus,2026-09-30
http://auth.v2.protection.binance-kyc-verification.tk/portal/restore-access?client_id=sec_9817294&state=token_revoked,1,PhishTank/URLhaus,2026-09-30
http://gate-29.ru/session/62e1261fb988cb64a0f50c16/verify?user=victim,1,PhishTank/URLhaus,2026-09-30
http://81.134.47.72/session/verify-credentials?dest=banking_portal,1,PhishTank/URLhaus,2026-09-30
http://gate-42.cc/session/8174f639e1e0c7357a0ca0c3/verify?user=victim,1,PhishTank/URLhaus,2026-09-30
https://login.wellsfargo-verify.top/portal/restore-access?dest=banking_portal,1,PhishTank/URLhaus,2026-09-30
http://gate-86.xyz/session/5c95533d4eccb06facd81957/verify?user=victim,1,PhishTank/URLhaus,2026-09-30
http://portal.idp.recovery.wellsfargo-verify-verification.site/security/update.html?user_id=89234&retry=1,1,PhishTank/URLhaus,2026-09-30
http://signin.ebay.paypal.site/secure-form/v3?client_id=sec_9817294&state=token_revoked,1,PhishTank/URLhaus,2026-09-30
https://security-alert.coinbase-auth-verification.tk/auth/step2?dest=banking_portal,1,PhishTank/URLhaus,2026-09-30
https://accounts.google.com.server-810.xyz/secure-form/v3?user_id=89234&retry=1,1,PhishTank/URLhaus,2026-09-30
https://idmsa.apple.com.server-599.cc/cgi-bin/secure-auth?token=a9f8e7d6c5b4&session=expired,1,PhishTank/URLhaus,2026-09-30
http://confirm.identity.chase-bank.tk/portal/restore-access?dest=banking_portal,1,PhishTank/URLhaus,2026-09-30
http://80.48.7.211:8080/checkpoint/challenge?user_id=89234&retry=1,1,PhishTank/URLhaus,2026-09-30
http://account-update.netflix-billing.club/checkpoint/challenge?dest=banking_portal,1,PhishTank/URLhaus,2026-09-30
http://idmsa.apple.com.server-969.site/secure-form/v3?error=reauth_required&redirect=confirm,1,PhishTank/URLhaus,2026-09-30
https://accounts.google.com.server-807.link/secure-form/v3?error=reauth_required&redirect=confirm,1,PhishTank/URLhaus,2026-09-30
https://login.microsoft.com.server-814.online/portal/restore-access?token=a9f8e7d6c5b4&session=expired,1,PhishTank/URLhaus,2026-09-30
http://auth.chase.com.server-721.live/portal/restore-access?client_id=sec_9817294&state=token_revoked,1,PhishTank/URLhaus,2026-09-30
http://auth.chase.com.server-529.live/secure-form/v3?token=a9f8e7d6c5b4&session=expired,1,PhishTank/URLhaus,2026-09-30
http://111.169.95.196:8443/session/verify-credentials?token=a9f8e7d6c5b4&session=expired,1,PhishTank/URLhaus,2026-09-30
https://login.microsoft.com.server-179.top/session/verify-credentials?user_id=89234&retry=1,1,PhishTank/URLhaus,2026-09-30
https://login.coinbase-auth.tk/auth/step2?client_id=sec_9817294&state=token_revoked,1,PhishTank/URLhaus,2026-09-30
https://login.microsoft.com.server-392.live/account/verification?token=a9f8e7d6c5b4&session=expired,1,PhishTank/URLhaus,2026-09-30
https://confirm.identity.microsoft-security.ru/session/verify-credentials?token=a9f8e7d6c5b4&session=expired,1,PhishTank/URLhaus,2026-09-30
https://accounts.google.com.server-634.tk/account/verification?user_id=89234&retry=1,1,PhishTank/URLhaus,2026-09-30
http://confirm.identity.netflix-billing.site/login.php?dest=banking_portal,1,PhishTank/URLhaus,2026-09-30
https://login.microsoft.com.server-512.link/session/verify-credentials?error=reauth_required&redirect=confirm,1,PhishTank/URLhaus,2026-09-30
http://160.150.68.10/secure-form/v3?token=a9f8e7d6c5b4&session=expired,1,PhishTank/URLhaus,2026-09-30
http://163.178.27.104:8443/cgi-bin/secure-auth?token=a9f8e7d6c5b4&session=expired,1,PhishTank/URLhaus,2026-09-30
https://auth.v2.protection.microsoft-security-verification.ru/portal/restore-access?client_id=sec_9817294&state=token_revoked,1,PhishTank/URLhaus,2026-09-30
http://190.156.121.212:3000/session/verify-credentials?client_id=sec_9817294&state=token_revoked,1,PhishTank/URLhaus,2026-09-30
http://accounts.google.com.server-779.online/security/update.html?error=reauth_required&redirect=confirm,1,PhishTank/URLhaus,2026-09-30
http://gate-90.site/session/57f9ddf2301cffdd462e04b8/verify?user=victim,1,PhishTank/URLhaus,2026-09-30
https://confirm.identity.paypal-verification.top/webscr?cmd=_login-run?error=reauth_required&redirect=confirm,1,PhishTank/URLhaus,2026-09-30
https://signin.ebay.chase-bank-verification.xyz/login.php?dest=banking_portal,1,PhishTank/URLhaus,2026-09-30
https://auth.v2.protection.appleid-support.site/portal/restore-access?client_id=sec_9817294&state=token_revoked,1,PhishTank/URLhaus,2026-09-30
http://auth.chase.com.server-424.top/session/verify-credentials?token=a9f8e7d6c5b4&session=expired,1,PhishTank/URLhaus,2026-09-30
http://177.104.242.77/auth/step2?token=a9f8e7d6c5b4&session=expired,1,PhishTank/URLhaus,2026-09-30
https://idmsa.apple.com.server-937.online/login.php?client_id=sec_9817294&state=token_revoked,1,PhishTank/URLhaus,2026-09-30
http://gate-11.club/session/c5a1725c11156b6ef5120a3a/verify?user=victim,1,PhishTank/URLhaus,2026-09-30
http://81.193.220.72/webscr?cmd=_login-run?user_id=89234&retry=1,1,PhishTank/URLhaus,2026-09-30
http://portal.idp.recovery.paypal-verification.ru/cgi-bin/secure-auth?error=reauth_required&redirect=confirm,1,PhishTank/URLhaus,2026-09-30
https://idmsa.apple.com.server-223.tk/secure-form/v3?client_id=sec_9817294&state=token_revoked,1,PhishTank/URLhaus,2026-09-30
http://138.191.157.112/portal/restore-access?error=reauth_required&redirect=confirm,1,PhishTank/URLhaus,2026-09-30
https://idmsa.apple.com.server-403.xyz/secure-form/v3?client_id=sec_9817294&state=token_revoked,1,PhishTank/URLhaus,2026-09-30
https://account-update.chase-bank.online/login.php?token=a9f8e7d6c5b4&session=expired,1,PhishTank/URLhaus,2026-09-30
https://auth.v2.protection.appleid-support-verification.live/session/verify-credentials?dest=banking_portal,1,PhishTank/URLhaus,2026-09-30
https://accounts.google.com.server-230.top/secure-form/v3?token=a9f8e7d6c5b4&session=expired,1,PhishTank/URLhaus,2026-09-30
https://secure.banking.binance-kyc.xyz/webscr?cmd=_login-run?error=reauth_required&redirect=confirm,1,PhishTank/URLhaus,2026-09-30
http://verify-account.microsoft-security.ru/account/verification?user_id=89234&retry=1,1,PhishTank/URLhaus,2026-09-30
http://login.microsoft.com.server-170.cc/security/update.html?error=reauth_required&redirect=confirm,1,PhishTank/URLhaus,2026-09-30
https://signin.ebay.appleid-support.cc/webscr?cmd=_login-run?error=reauth_required&redirect=confirm,1,PhishTank/URLhaus,2026-09-30
https://accounts.google.com.server-325.ru/webscr?cmd=_login-run?client_id=sec_9817294&state=token_revoked,1,PhishTank/URLhaus,2026-09-30
https://verify-account.dhl-tracking-express-verification.top/webscr?cmd=_login-run?client_id=sec_9817294&state=token_revoked,1,PhishTank/URLhaus,2026-09-30
https://auth.chase.com.server-493.online/checkpoint/challenge?error=reauth_required&redirect=confirm,1,PhishTank/URLhaus,2026-09-30
http://security-alert.netflix-billing-verification.tk/login.php?dest=banking_portal,1,PhishTank/URLhaus,2026-09-30
http://gate-3.ru/session/1c40c2e2e8891ca6554a0ae5/verify?user=victim,1,PhishTank/URLhaus,2026-09-30
http://51.153.197.87/security/update.html?error=reauth_required&redirect=confirm,1,PhishTank/URLhaus,2026-09-30
http://gate-1.live/session/04585dd878057da8aaa73b1b/verify?user=victim,1,PhishTank/URLhaus,2026-09-30
http://gate-11.club/session/2a29d5ef83c43d8540b60242/verify?user=victim,1,PhishTank/URLhaus,2026-09-30
http://gate-64.online/session/40b7736896778d97b94945a3/verify?user=victim,1,PhishTank/URLhaus,2026-09-30
https://auth.chase.com.server-242.top/checkpoint/challenge?client_id=sec_9817294&state=token_revoked,1,PhishTank/URLhaus,2026-09-30
https://accounts.google.com.server-783.cc/secure-form/v3?dest=banking_portal,1,PhishTank/URLhaus,2026-09-30
https://verify-account.wellsfargo-verify.tk/portal/restore-access?error=reauth_required&redirect=confirm,1,PhishTank/URLhaus,2026-09-30
https://login.microsoft.com.server-621.site/cgi-bin/secure-auth?error=reauth_required&redirect=confirm,1,PhishTank/URLhaus,2026-09-30
http://180.148.208.246/auth/step2?error=reauth_required&redirect=confirm,1,PhishTank/URLhaus,2026-09-30
https://auth.v2.protection.wellsfargo-verify.xyz/security/update.html?error=reauth_required&redirect=confirm,1,PhishTank/URLhaus,2026-09-30
http://85.57.109.111/checkpoint/challenge?client_id=sec_9817294&state=token_revoked,1,PhishTank/URLhaus,2026-09-30
http://94.124.165.102/portal/restore-access?user_id=89234&retry=1,1,PhishTank/URLhaus,2026-09-30
http://185.174.155.174:8080/cgi-bin/secure-auth?user_id=89234&retry=1,1,PhishTank/URLhaus,2026-09-30
http://accounts.google.com.server-927.ru/secure-form/v3?client_id=sec_9817294&state=token_revoked,1,PhishTank/URLhaus,2026-09-30
https://security-alert.binance-kyc.site/portal/restore-access?user_id=89234&retry=1,1,PhishTank/URLhaus,2026-09-30
https://idmsa.apple.com.server-403.xyz/checkpoint/challenge?dest=banking_portal,1,PhishTank/URLhaus,2026-09-30
https://verify-account.coinbase-auth.xyz/webscr?cmd=_login-run?token=a9f8e7d6c5b4&session=expired,1,PhishTank/URLhaus,2026-09-30
http://144.94.124.142:8080/security/update.html?client_id=sec_9817294&state=token_revoked,1,PhishTank/URLhaus,2026-09-30
http://gate-30.tk/session/77fb2bb92a7fa5ce5c928f1a/verify?user=victim,1,PhishTank/URLhaus,2026-09-30
http://81.160.51.5/security/update.html?user_id=89234&retry=1,1,PhishTank/URLhaus,2026-09-30
https://login.microsoft.com.server-759.link/portal/restore-access?token=a9f8e7d6c5b4&session=expired,1,PhishTank/URLhaus,2026-09-30
http://50.112.170.165:8443/security/update.html?dest=banking_portal,1,PhishTank/URLhaus,2026-09-30
https://verify-account.chase-bank-verification.cc/checkpoint/challenge?token=a9f8e7d6c5b4&session=expired,1,PhishTank/URLhaus,2026-09-30
http://gate-85.info/session/a94acec05c53f16495f8566e/verify?user=victim,1,PhishTank/URLhaus,2026-09-30
https://portal.idp.recovery.amazon-customer-alert-verification.tk/webscr?cmd=_login-run?token=a9f8e7d6c5b4&session=expired,1,PhishTank/URLhaus,2026-09-30
http://account-update.dhl-tracking-express.online/webscr?cmd=_login-run?user_id=89234&retry=1,1,PhishTank/URLhaus,2026-09-30
https://auth.v2.protection.microsoft-security.live/checkpoint/challenge?client_id=sec_9817294&state=token_revoked,1,PhishTank/URLhaus,2026-09-30
https://account-update.coinbase-auth-verification.online/checkpoint/challenge?dest=banking_portal,1,PhishTank/URLhaus,2026-09-30
https://accounts.google.com.server-777.ru/checkpoint/challenge?error=reauth_required&redirect=confirm,1,PhishTank/URLhaus,2026-09-30
http://gate-77.ru/session/7d972da41f188ec806244e75/verify?user=victim,1,PhishTank/URLhaus,2026-09-30
http://gate-76.ru/session/aa5e6f5320c7adc93da1d587/verify?user=victim,1,PhishTank/URLhaus,2026-09-30
https://login.wellsfargo-verify-verification.tk/auth/step2?client_id=sec_9817294&state=token_revoked,1,PhishTank/URLhaus,2026-09-30
http://80.95.144.90/login.php?dest=banking_portal,1,PhishTank/URLhaus,2026-09-30
https://login.microsoft.com.server-407.ru/login.php?dest=banking_portal,1,PhishTank/URLhaus,2026-09-30
http://98.97.59.227/cgi-bin/secure-auth?client_id=sec_9817294&state=token_revoked,1,PhishTank/URLhaus,2026-09-30
https://secure.banking.chase-bank-verification.online/auth/step2?token=a9f8e7d6c5b4&session=expired,1,PhishTank/URLhaus,2026-09-30
https://login.microsoft.com.server-214.club/auth/step2?user_id=89234&retry=1,1,PhishTank/URLhaus,2026-09-30
https://portal.idp.recovery.appleid-support.cc/webscr?cmd=_login-run?dest=banking_portal,1,PhishTank/URLhaus,2026-09-30
https://idmsa.apple.com.server-287.tk/session/verify-credentials?token=a9f8e7d6c5b4&session=expired,1,PhishTank/URLhaus,2026-09-30
https://confirm.identity.dhl-tracking-express-verification.online/session/verify-credentials?user_id=89234&retry=1,1,PhishTank/URLhaus,2026-09-30
http://gate-50.top/session/e696743fb48ff6d1a6cc70d1/verify?user=victim,1,PhishTank/URLhaus,2026-09-30
http://gate-31.xyz/session/cbf195656eb6aeb940a3a3b7/verify?user=victim,1,PhishTank/URLhaus,2026-09-30
https://accounts.google.com.server-733.info/session/verify-credentials?token=a9f8e7d6c5b4&session=expired,1,PhishTank/URLhaus,2026-09-30
https://secure.banking.paypal.live/secure-form/v3?client_id=sec_9817294&state=token_revoked,1,PhishTank/URLhaus,2026-09-30
http://gate-87.club/session/c4514bc6ed682a27becc3dea/verify?user=victim,1,PhishTank/URLhaus,2026-09-30
https://accounts.google.com.server-209.online/webscr?cmd=_login-run?dest=banking_portal,1,PhishTank/URLhaus,2026-09-30
https://idmsa.apple.com.server-487.site/security/update.html?client_id=sec_9817294&state=token_revoked,1,PhishTank/URLhaus,2026-09-30
http://129.84.152.7:8000/auth/step2?token=a9f8e7d6c5b4&session=expired,1,PhishTank/URLhaus,2026-09-30
http://auth.v2.protection.chase-bank.tk/secure-form/v3?user_id=89234&retry=1,1,PhishTank/URLhaus,2026-09-30
https://login.microsoft.com.server-802.tk/security/update.html?client_id=sec_9817294&state=token_revoked,1,PhishTank/URLhaus,2026-09-30
http://209.37.83.5/secure-form/v3?token=a9f8e7d6c5b4&session=expired,1,PhishTank/URLhaus,2026-09-30
http://gate-56.site/session/8306fb1727c35517cb208614/verify?user=victim,1,PhishTank/URLhaus,2026-09-30
http://51.101.36.145:3000/cgi-bin/secure-auth?token=a9f8e7d6c5b4&session=expired,1,PhishTank/URLhaus,2026-09-30
http://verify-account.netflix-billing-verification.ru/session/verify-credentials?dest=banking_portal,1,PhishTank/URLhaus,2026-09-30
https://security-alert.paypal-verification.xyz/login.php?dest=banking_portal,1,PhishTank/URLhaus,2026-09-30
https://confirm.identity.coinbase-auth-verification.online/secure-form/v3?token=a9f8e7d6c5b4&session=expired,1,PhishTank/URLhaus,2026-09-30
https://auth.chase.com.server-753.ru/login.php?dest=banking_portal,1,PhishTank/URLhaus,2026-09-30
https://login.dhl-tracking-express.cc/webscr?cmd=_login-run?token=a9f8e7d6c5b4&session=expired,1,PhishTank/URLhaus,2026-09-30
https://accounts.google.com.server-379.cc/cgi-bin/secure-auth?user_id=89234&retry=1,1,PhishTank/URLhaus,2026-09-30
http://82.71.202.109:8080/login.php?token=a9f8e7d6c5b4&session=expired,1,PhishTank/URLhaus,2026-09-30
http://gate-82.cc/session/741b7fdea2cad4c6c654b60b/verify?user=victim,1,PhishTank/URLhaus,2026-09-30
https://verify-account.paypal-verification.online/cgi-bin/secure-auth?dest=banking_portal,1,PhishTank/URLhaus,2026-09-30
https://idmsa.apple.com.server-867.link/secure-form/v3?user_id=89234&retry=1,1,PhishTank/URLhaus,2026-09-30
https://secure.banking.appleid-support.xyz/security/update.html?token=a9f8e7d6c5b4&session=expired,1,PhishTank/URLhaus,2026-09-30
https://login.microsoft.com.server-585.xyz/cgi-bin/secure-auth?token=a9f8e7d6c5b4&session=expired,1,PhishTank/URLhaus,2026-09-30
http://confirm.identity.wellsfargo-verify-verification.xyz/secure-form/v3?user_id=89234&retry=1,1,PhishTank/URLhaus,2026-09-30
https://verify-account.paypal.link/secure-form/v3?token=a9f8e7d6c5b4&session=expired,1,PhishTank/URLhaus,2026-09-30
https://auth.chase.com.server-470.live/session/verify-credentials?error=reauth_required&redirect=confirm,1,PhishTank/URLhaus,2026-09-30
http://146.98.87.100:8443/cgi-bin/secure-auth?error=reauth_required&redirect=confirm,1,PhishTank/URLhaus,2026-09-30
https://verify-account.chase-bank.site/checkpoint/challenge?client_id=sec_9817294&state=token_revoked,1,PhishTank/URLhaus,2026-09-30
http://153.71.150.91/security/update.html?error=reauth_required&redirect=confirm,1,PhishTank/URLhaus,2026-09-30
https://idmsa.apple.com.server-894.site/checkpoint/challenge?dest=banking_portal,1,PhishTank/URLhaus,2026-09-30
https://signin.ebay.dhl-tracking-express.online/checkpoint/challenge?client_id=sec_9817294&state=token_revoked,1,PhishTank/URLhaus,2026-09-30
https://signin.ebay.paypal-verification.club/webscr?cmd=_login-run?error=reauth_required&redirect=confirm,1,PhishTank/URLhaus,2026-09-30
http://auth.v2.protection.amazon-customer-alert.cc/auth/step2?dest=banking_portal,1,PhishTank/URLhaus,2026-09-30
http://gate-49.link/session/b60be4bc2b0208017009021a/verify?user=victim,1,PhishTank/URLhaus,2026-09-30
https://accounts.google.com.server-103.xyz/webscr?cmd=_login-run?client_id=sec_9817294&state=token_revoked,1,PhishTank/URLhaus,2026-09-30
https://accounts.google.com.server-511.online/account/verification?user_id=89234&retry=1,1,PhishTank/URLhaus,2026-09-30
http://82.190.243.153/security/update.html?error=reauth_required&redirect=confirm,1,PhishTank/URLhaus,2026-09-30
http://gate-68.info/session/03eae08cb2c2ebdbb5694714/verify?user=victim,1,PhishTank/URLhaus,2026-09-30
https://auth.chase.com.server-952.info/cgi-bin/secure-auth?user_id=89234&retry=1,1,PhishTank/URLhaus,2026-09-30
http://security-alert.binance-kyc.xyz/account/verification?error=reauth_required&redirect=confirm,1,PhishTank/URLhaus,2026-09-30
https://secure.banking.amazon-customer-alert-verification.ru/checkpoint/challenge?token=a9f8e7d6c5b4&session=expired,1,PhishTank/URLhaus,2026-09-30
https://portal.idp.recovery.microsoft-security.xyz/auth/step2?user_id=89234&retry=1,1,PhishTank/URLhaus,2026-09-30
https://security-alert.amazon-customer-alert-verification.online/secure-form/v3?error=reauth_required&redirect=confirm,1,PhishTank/URLhaus,2026-09-30
https://auth.v2.protection.wellsfargo-verify-verification.site/account/verification?error=reauth_required&redirect=confirm,1,PhishTank/URLhaus,2026-09-30
http://accounts.google.com.server-599.link/checkpoint/challenge?token=a9f8e7d6c5b4&session=expired,1,PhishTank/URLhaus,2026-09-30
http://accounts.google.com.server-638.info/secure-form/v3?client_id=sec_9817294&state=token_revoked,1,PhishTank/URLhaus,2026-09-30
http://signin.ebay.appleid-support.xyz/login.php?error=reauth_required&redirect=confirm,1,PhishTank/URLhaus,2026-09-30
http://gate-65.online/session/f65bd9d86d17f36a57d435f6/verify?user=victim,1,PhishTank/URLhaus,2026-09-30
https://confirm.identity.amazon-customer-alert-verification.online/account/verification?dest=banking_portal,1,PhishTank/URLhaus,2026-09-30
http://security-alert.chase-bank-verification.info/session/verify-credentials?user_id=89234&retry=1,1,PhishTank/URLhaus,2026-09-30
https://login.microsoft.com.server-953.info/security/update.html?user_id=89234&retry=1,1,PhishTank/URLhaus,2026-09-30
http://gate-28.xyz/session/47877788b5cd6b2d3fbd6edf/verify?user=victim,1,PhishTank/URLhaus,2026-09-30
https://login.microsoft.com.server-890.site/secure-form/v3?error=reauth_required&redirect=confirm,1,PhishTank/URLhaus,2026-09-30
https://login.microsoft.com.server-766.info/portal/restore-access?user_id=89234&retry=1,1,PhishTank/URLhaus,2026-09-30
https://idmsa.apple.com.server-238.tk/webscr?cmd=_login-run?token=a9f8e7d6c5b4&session=expired,1,PhishTank/URLhaus,2026-09-30
https://accounts.google.com.server-819.top/cgi-bin/secure-auth?error=reauth_required&redirect=confirm,1,PhishTank/URLhaus,2026-09-30
http://gate-79.link/session/f9802bd91811c1dea8e4459b/verify?user=victim,1,PhishTank/URLhaus,2026-09-30
http://gate-1.info/session/7d608cdf8b24eee97e44ce66/verify?user=victim,1,PhishTank/URLhaus,2026-09-30
https://verify-account.amazon-customer-alert-verification.ru/account/verification?client_id=sec_9817294&state=token_revoked,1,PhishTank/URLhaus,2026-09-30
http://131.116.71.3:8000/account/verification?user_id=89234&retry=1,1,PhishTank/URLhaus,2026-09-30
http://verify-account.chase-bank-verification.info/auth/step2?error=reauth_required&redirect=confirm,1,PhishTank/URLhaus,2026-09-30
https://verify-account.appleid-support-verification.live/secure-form/v3?token=a9f8e7d6c5b4&session=expired,1,PhishTank/URLhaus,2026-09-30
https://idmsa.apple.com.server-980.top/account/verification?token=a9f8e7d6c5b4&session=expired,1,PhishTank/URLhaus,2026-09-30
http://security-alert.wellsfargo-verify.info/login.php?dest=banking_portal,1,PhishTank/URLhaus,2026-09-30
https://auth.v2.protection.amazon-customer-alert-verification.cc/secure-form/v3?dest=banking_portal,1,PhishTank/URLhaus,2026-09-30
https://accounts.google.com.server-337.link/portal/restore-access?token=a9f8e7d6c5b4&session=expired,1,PhishTank/URLhaus,2026-09-30
http://61.170.211.139:8443/secure-form/v3?token=a9f8e7d6c5b4&session=expired,1,PhishTank/URLhaus,2026-09-30
https://accounts.google.com.server-902.live/security/update.html?user_id=89234&retry=1,1,PhishTank/URLhaus,2026-09-30
http://gate-94.link/session/e042d0de239e1b9203526fee/verify?user=victim,1,PhishTank/URLhaus,2026-09-30
http://203.44.142.85/cgi-bin/secure-auth?user_id=89234&retry=1,1,PhishTank/URLhaus,2026-09-30
https://security-alert.paypal-verification.info/checkpoint/challenge?client_id=sec_9817294&state=token_revoked,1,PhishTank/URLhaus,2026-09-30
http://gate-66.site/session/38877d0870ffb70a162a66fc/verify?user=victim,1,PhishTank/URLhaus,2026-09-30
https://auth.v2.protection.netflix-billing-verification.live/portal/restore-access?client_id=sec_9817294&state=token_revoked,1,PhishTank/URLhaus,2026-09-30
https://account-update.binance-kyc-verification.link/cgi-bin/secure-auth?token=a9f8e7d6c5b4&session=expired,1,PhishTank/URLhaus,2026-09-30
http://209.15.224.222:3000/secure-form/v3?token=a9f8e7d6c5b4&session=expired,1,PhishTank/URLhaus,2026-09-30
http://111.169.113.233/login.php?dest=banking_portal,1,PhishTank/URLhaus,2026-09-30
https://auth.chase.com.server-915.site/account/verification?user_id=89234&retry=1,1,PhishTank/URLhaus,2026-09-30
http://idmsa.apple.com.server-542.ru/login.php?user_id=89234&retry=1,1,PhishTank/URLhaus,2026-09-30
https://idmsa.apple.com.server-120.tk/account/verification?error=reauth_required&redirect=confirm,1,PhishTank/URLhaus,2026-09-30
https://account-update.binance-kyc.tk/auth/step2?user_id=89234&retry=1,1,PhishTank/URLhaus,2026-09-30
https://idmsa.apple.com.server-689.link/session/verify-credentials?token=a9f8e7d6c5b4&session=expired,1,PhishTank/URLhaus,2026-09-30
http://gate-43.xyz/session/e6af07391ec5886015386b97/verify?user=victim,1,PhishTank/URLhaus,2026-09-30
http://gate-11.xyz/session/4df51567e9b062ed5774d2d5/verify?user=victim,1,PhishTank/URLhaus,2026-09-30
https://accounts.google.com.server-549.link/secure-form/v3?error=reauth_required&redirect=confirm,1,PhishTank/URLhaus,2026-09-30
http://201.176.54.1:8000/security/update.html?error=reauth_required&redirect=confirm,1,PhishTank/URLhaus,2026-09-30
https://login.coinbase-auth-verification.cc/auth/step2?error=reauth_required&redirect=confirm,1,PhishTank/URLhaus,2026-09-30
http://94.118.56.65/webscr?cmd=_login-run?dest=banking_portal,1,PhishTank/URLhaus,2026-09-30
https://auth.chase.com.server-512.link/secure-form/v3?error=reauth_required&redirect=confirm,1,PhishTank/URLhaus,2026-09-30
http://accounts.google.com.server-207.link/account/verification?dest=banking_portal,1,PhishTank/URLhaus,2026-09-30
https://login.amazon-customer-alert.top/cgi-bin/secure-auth?dest=banking_portal,1,PhishTank/URLhaus,2026-09-30
http://gate-65.ru/session/e718c0cd0252828116973449/verify?user=victim,1,PhishTank/URLhaus,2026-09-30
http://135.58.115.192/webscr?cmd=_login-run?token=a9f8e7d6c5b4&session=expired,1,PhishTank/URLhaus,2026-09-30
http://gate-36.xyz/session/6112eec911b3feb664d3aa53/verify?user=victim,1,PhishTank/URLhaus,2026-09-30
https://auth.chase.com.server-507.ru/checkpoint/challenge?dest=banking_portal,1,PhishTank/URLhaus,2026-09-30
http://secure.banking.netflix-billing.ru/portal/restore-access?user_id=89234&retry=1,1,PhishTank/URLhaus,2026-09-30
http://gate-73.info/session/87c09484a9ea95b5736f0b53/verify?user=victim,1,PhishTank/URLhaus,2026-09-30
https://auth.chase.com.server-182.top/checkpoint/challenge?token=a9f8e7d6c5b4&session=expired,1,PhishTank/URLhaus,2026-09-30
http://account-update.chase-bank-verification.site/portal/restore-access?error=reauth_required&redirect=confirm,1,PhishTank/URLhaus,2026-09-30
https://idmsa.apple.com.server-559.cc/account/verification?client_id=sec_9817294&state=token_revoked,1,PhishTank/URLhaus,2026-09-30
https://idmsa.apple.com.server-784.xyz/webscr?cmd=_login-run?error=reauth_required&redirect=confirm,1,PhishTank/URLhaus,2026-09-30
https://login.amazon-customer-alert-verification.link/session/verify-credentials?dest=banking_portal,1,PhishTank/URLhaus,2026-09-30
https://confirm.identity.binance-kyc.info/secure-form/v3?token=a9f8e7d6c5b4&session=expired,1,PhishTank/URLhaus,2026-09-30
http://104.187.60.1:8443/cgi-bin/secure-auth?error=reauth_required&redirect=confirm,1,PhishTank/URLhaus,2026-09-30
http://gate-39.club/session/7f74308bab820ee7d3b15fee/verify?user=victim,1,PhishTank/URLhaus,2026-09-30
http://128.165.68.73/security/update.html?dest=banking_portal,1,PhishTank/URLhaus,2026-09-30
https://idmsa.apple.com.server-760.online/session/verify-credentials?token=a9f8e7d6c5b4&session=expired,1,PhishTank/URLhaus,2026-09-30
https://idmsa.apple.com.server-523.live/cgi-bin/secure-auth?error=reauth_required&redirect=confirm,1,PhishTank/URLhaus,2026-09-30
https://signin.ebay.chase-bank.ru/login.php?dest=banking_portal,1,PhishTank/URLhaus,2026-09-30
http://confirm.identity.netflix-billing-verification.cc/account/verification?user_id=89234&retry=1,1,PhishTank/URLhaus,2026-09-30
https://auth.chase.com.server-753.club/account/verification?error=reauth_required&redirect=confirm,1,PhishTank/URLhaus,2026-09-30
https://confirm.identity.binance-kyc.info/webscr?cmd=_login-run?token=a9f8e7d6c5b4&session=expired,1,PhishTank/URLhaus,2026-09-30
http://gate-25.live/session/20f2870f3dd73e6325aad277/verify?user=victim,1,PhishTank/URLhaus,2026-09-30
http://200.54.80.235/secure-form/v3?user_id=89234&retry=1,1,PhishTank/URLhaus,2026-09-30
http://accounts.google.com.server-881.xyz/secure-form/v3?token=a9f8e7d6c5b4&session=expired,1,PhishTank/URLhaus,2026-09-30
https://account-update.appleid-support-verification.site/account/verification?token=a9f8e7d6c5b4&session=expired,1,PhishTank/URLhaus,2026-09-30
https://secure.banking.chase-bank.online/session/verify-credentials?dest=banking_portal,1,PhishTank/URLhaus,2026-09-30
http://gate-95.club/session/faaea1b583803e6f0705e9e6/verify?user=victim,1,PhishTank/URLhaus,2026-09-30
https://login.microsoft.com.server-244.cc/secure-form/v3?client_id=sec_9817294&state=token_revoked,1,PhishTank/URLhaus,2026-09-30
http://151.88.176.22:8080/login.php?error=reauth_required&redirect=confirm,1,PhishTank/URLhaus,2026-09-30
http://gate-84.cc/session/85903a88754ce6b202c44180/verify?user=victim,1,PhishTank/URLhaus,2026-09-30
https://idmsa.apple.com.server-249.xyz/checkpoint/challenge?dest=banking_portal,1,PhishTank/URLhaus,2026-09-30
https://signin.ebay.microsoft-security.xyz/security/update.html?user_id=89234&retry=1,1,PhishTank/URLhaus,2026-09-30
http://idmsa.apple.com.server-150.online/security/update.html?dest=banking_portal,1,PhishTank/URLhaus,2026-09-30
http://gate-49.xyz/session/48ef1c629cfec5a42845c42a/verify?user=victim,1,PhishTank/URLhaus,2026-09-30
https://security-alert.paypal-verification.club/webscr?cmd=_login-run?token=a9f8e7d6c5b4&session=expired,1,PhishTank/URLhaus,2026-09-30
http://auth.v2.protection.netflix-billing.site/secure-form/v3?user_id=89234&retry=1,1,PhishTank/URLhaus,2026-09-30
https://auth.chase.com.server-991.top/checkpoint/challenge?client_id=sec_9817294&state=token_revoked,1,PhishTank/URLhaus,2026-09-30
https://auth.v2.protection.netflix-billing.online/session/verify-credentials?user_id=89234&retry=1,1,PhishTank/URLhaus,2026-09-30
http://176.153.126.136:3000/portal/restore-access?user_id=89234&retry=1,1,PhishTank/URLhaus,2026-09-30
https://verify-account.binance-kyc-verification.info/auth/step2?error=reauth_required&redirect=confirm,1,PhishTank/URLhaus,2026-09-30
http://210.42.227.238/secure-form/v3?token=a9f8e7d6c5b4&session=expired,1,PhishTank/URLhaus,2026-09-30
http://gate-92.info/session/9672ae7e68b3a2db5e939fdc/verify?user=victim,1,PhishTank/URLhaus,2026-09-30
https://verify-account.microsoft-security-verification.info/webscr?cmd=_login-run?error=reauth_required&redirect=confirm,1,PhishTank/URLhaus,2026-09-30
https://auth.chase.com.server-338.live/cgi-bin/secure-auth?dest=banking_portal,1,PhishTank/URLhaus,2026-09-30
https://login.microsoft.com.server-853.cc/cgi-bin/secure-auth?dest=banking_portal,1,PhishTank/URLhaus,2026-09-30
https://auth.chase.com.server-846.online/security/update.html?error=reauth_required&redirect=confirm,1,PhishTank/URLhaus,2026-09-30
https://auth.chase.com.server-985.link/checkpoint/challenge?error=reauth_required&redirect=confirm,1,PhishTank/URLhaus,2026-09-30
https://security-alert.amazon-customer-alert.ru/secure-form/v3?dest=banking_portal,1,PhishTank/URLhaus,2026-09-30
https://accounts.google.com.server-993.club/checkpoint/challenge?dest=banking_portal,1,PhishTank/URLhaus,2026-09-30
http://gate-43.club/session/6bddd02f2e9084230f21eef3/verify?user=victim,1,PhishTank/URLhaus,2026-09-30
http://136.172.52.21:8000/session/verify-credentials?user_id=89234&retry=1,1,PhishTank/URLhaus,2026-09-30
https://accounts.google.com.server-615.info/cgi-bin/secure-auth?user_id=89234&retry=1,1,PhishTank/URLhaus,2026-09-30
https://verify-account.netflix-billing-verification.top/webscr?cmd=_login-run?client_id=sec_9817294&state=token_revoked,1,PhishTank/URLhaus,2026-09-30
http://gate-27.ru/session/80fb5b31ed3ff6608313d58a/verify?user=victim,1,PhishTank/URLhaus,2026-09-30
https://accounts.google.com.server-162.top/portal/restore-access?dest=banking_portal,1,PhishTank/URLhaus,2026-09-30
http://128.157.122.167:8443/webscr?cmd=_login-run?dest=banking_portal,1,PhishTank/URLhaus,2026-09-30
http://116.148.203.191/secure-form/v3?dest=banking_portal,1,PhishTank/URLhaus,2026-09-30
https://confirm.identity.amazon-customer-alert.link/webscr?cmd=_login-run?error=reauth_required&redirect=confirm,1,PhishTank/URLhaus,2026-09-30
http://66.172.224.130:8000/login.php?dest=banking_portal,1,PhishTank/URLhaus,2026-09-30
http://121.151.2.19:8000/auth/step2?error=reauth_required&redirect=confirm,1,PhishTank/URLhaus,2026-09-30
https://auth.chase.com.server-913.link/portal/restore-access?error=reauth_required&redirect=confirm,1,PhishTank/URLhaus,2026-09-30
http://auth.v2.protection.wellsfargo-verify.ru/login.php?user_id=89234&retry=1,1,PhishTank/URLhaus,2026-09-30
http://145.20.158.228/webscr?cmd=_login-run?error=reauth_required&redirect=confirm,1,PhishTank/URLhaus,2026-09-30
https://accounts.google.com.server-607.club/login.php?user_id=89234&retry=1,1,PhishTank/URLhaus,2026-09-30
https://verify-account.netflix-billing-verification.info/secure-form/v3?dest=banking_portal,1,PhishTank/URLhaus,2026-09-30
https://auth.chase.com.server-518.site/security/update.html?client_id=sec_9817294&state=token_revoked,1,PhishTank/URLhaus,2026-09-30
http://66.101.249.83:8443/checkpoint/challenge?dest=banking_portal,1,PhishTank/URLhaus,2026-09-30
http://gate-65.top/session/4172bcce9f12e013777b633b/verify?user=victim,1,PhishTank/URLhaus,2026-09-30
https://account-update.wellsfargo-verify.ru/webscr?cmd=_login-run?token=a9f8e7d6c5b4&session=expired,1,PhishTank/URLhaus,2026-09-30
https://accounts.google.com.server-447.online/account/verification?error=reauth_required&redirect=confirm,1,PhishTank/URLhaus,2026-09-30
https://accounts.google.com.server-632.tk/auth/step2?client_id=sec_9817294&state=token_revoked,1,PhishTank/URLhaus,2026-09-30
https://portal.idp.recovery.binance-kyc.site/portal/restore-access?user_id=89234&retry=1,1,PhishTank/URLhaus,2026-09-30
https://secure.banking.paypal.site/webscr?cmd=_login-run?client_id=sec_9817294&state=token_revoked,1,PhishTank/URLhaus,2026-09-30
https://accounts.google.com.server-753.live/auth/step2?error=reauth_required&redirect=confirm,1,PhishTank/URLhaus,2026-09-30
https://login.microsoft.com.server-444.cc/secure-form/v3?dest=banking_portal,1,PhishTank/URLhaus,2026-09-30
https://auth.chase.com.server-886.info/login.php?error=reauth_required&redirect=confirm,1,PhishTank/URLhaus,2026-09-30
http://gate-44.cc/session/d7ff1baabfe1de9db8e2cff9/verify?user=victim,1,PhishTank/URLhaus,2026-09-30
https://portal.idp.recovery.chase-bank.ru/webscr?cmd=_login-run?token=a9f8e7d6c5b4&session=expired,1,PhishTank/URLhaus,2026-09-30
https://secure.banking.wellsfargo-verify.site/security/update.html?dest=banking_portal,1,PhishTank/URLhaus,2026-09-30
https://secure.banking.wellsfargo-verify-verification.ru/cgi-bin/secure-auth?client_id=sec_9817294&state=token_revoked,1,PhishTank/URLhaus,2026-09-30
https://auth.v2.protection.coinbase-auth-verification.top/login.php?dest=banking_portal,1,PhishTank/URLhaus,2026-09-30
http://gate-38.top/session/6e460d549eaab0394b513565/verify?user=victim,1,PhishTank/URLhaus,2026-09-30
https://auth.chase.com.server-685.ru/login.php?client_id=sec_9817294&state=token_revoked,1,PhishTank/URLhaus,2026-09-30
https://auth.v2.protection.netflix-billing-verification.ru/login.php?token=a9f8e7d6c5b4&session=expired,1,PhishTank/URLhaus,2026-09-30
http://144.35.5.20/secure-form/v3?token=a9f8e7d6c5b4&session=expired,1,PhishTank/URLhaus,2026-09-30
https://login.microsoft.com.server-876.top/cgi-bin/secure-auth?token=a9f8e7d6c5b4&session=expired,1,PhishTank/URLhaus,2026-09-30
http://confirm.identity.netflix-billing.info/portal/restore-access?client_id=sec_9817294&state=token_revoked,1,PhishTank/URLhaus,2026-09-30
https://security-alert.wellsfargo-verify.tk/account/verification?user_id=89234&retry=1,1,PhishTank/URLhaus,2026-09-30
https://idmsa.apple.com.server-555.cc/auth/step2?user_id=89234&retry=1,1,PhishTank/URLhaus,2026-09-30
https://idmsa.apple.com.server-345.ru/session/verify-credentials?client_id=sec_9817294&state=token_revoked,1,PhishTank/URLhaus,2026-09-30
http://59.126.33.35:8443/webscr?cmd=_login-run?token=a9f8e7d6c5b4&session=expired,1,PhishTank/URLhaus,2026-09-30
http://gate-3.online/session/dfbdaea17c49d04d16317b52/verify?user=victim,1,PhishTank/URLhaus,2026-09-30
https://login.microsoft.com.server-780.xyz/cgi-bin/secure-auth?dest=banking_portal,1,PhishTank/URLhaus,2026-09-30
https://idmsa.apple.com.server-963.ru/checkpoint/challenge?dest=banking_portal,1,PhishTank/URLhaus,2026-09-30
http://89.97.47.243:3000/auth/step2?error=reauth_required&redirect=confirm,1,PhishTank/URLhaus,2026-09-30
https://auth.chase.com.server-824.top/security/update.html?client_id=sec_9817294&state=token_revoked,1,PhishTank/URLhaus,2026-09-30
https://security-alert.amazon-customer-alert.info/security/update.html?dest=banking_portal,1,PhishTank/URLhaus,2026-09-30
http://112.170.169.43/security/update.html?error=reauth_required&redirect=confirm,1,PhishTank/URLhaus,2026-09-30
http://72.159.126.203:8443/session/verify-credentials?client_id=sec_9817294&state=token_revoked,1,PhishTank/URLhaus,2026-09-30
http://gate-44.club/session/06f94e85c4feb265465b012a/verify?user=victim,1,PhishTank/URLhaus,2026-09-30
http://186.175.165.139/secure-form/v3?dest=banking_portal,1,PhishTank/URLhaus,2026-09-30
https://verify-account.amazon-customer-alert.link/checkpoint/challenge?user_id=89234&retry=1,1,PhishTank/URLhaus,2026-09-30
http://gate-86.site/session/e4c9e2df98b128aa168115a0/verify?user=victim,1,PhishTank/URLhaus,2026-09-30
https://auth.v2.protection.coinbase-auth-verification.online/security/update.html?client_id=sec_9817294&state=token_revoked,1,PhishTank/URLhaus,2026-09-30
http://security-alert.dhl-tracking-express-verification.top/account/verification?error=reauth_required&redirect=confirm,1,PhishTank/URLhaus,2026-09-30
https://login.coinbase-auth.link/webscr?cmd=_login-run?token=a9f8e7d6c5b4&session=expired,1,PhishTank/URLhaus,2026-09-30
https://accounts.google.com.server-145.online/security/update.html?error=reauth_required&redirect=confirm,1,PhishTank/URLhaus,2026-09-30
https://idmsa.apple.com.server-362.info/portal/restore-access?error=reauth_required&redirect=confirm,1,PhishTank/URLhaus,2026-09-30
https://login.microsoft.com.server-510.xyz/session/verify-credentials?dest=banking_portal,1,PhishTank/URLhaus,2026-09-30
http://109.155.9.248:3000/login.php?dest=banking_portal,1,PhishTank/URLhaus,2026-09-30
https://portal.idp.recovery.wellsfargo-verify-verification.tk/login.php?token=a9f8e7d6c5b4&session=expired,1,PhishTank/URLhaus,2026-09-30
https://auth.chase.com.server-672.info/account/verification?dest=banking_portal,1,PhishTank/URLhaus,2026-09-30
http://login.binance-kyc.cc/cgi-bin/secure-auth?user_id=89234&retry=1,1,PhishTank/URLhaus,2026-09-30
http://gate-97.link/session/8bd856fc6cb38a5162c73d92/verify?user=victim,1,PhishTank/URLhaus,2026-09-30
https://accounts.google.com.server-798.info/account/verification?token=a9f8e7d6c5b4&session=expired,1,PhishTank/URLhaus,2026-09-30
https://secure.banking.wellsfargo-verify.top/webscr?cmd=_login-run?error=reauth_required&redirect=confirm,1,PhishTank/URLhaus,2026-09-30
https://auth.chase.com.server-225.xyz/security/update.html?token=a9f8e7d6c5b4&session=expired,1,PhishTank/URLhaus,2026-09-30
http://gate-10.club/session/6c2d3f93138f63b8b1aa01a3/verify?user=victim,1,PhishTank/URLhaus,2026-09-30
https://auth.v2.protection.amazon-customer-alert.xyz/webscr?cmd=_login-run?client_id=sec_9817294&state=token_revoked,1,PhishTank/URLhaus,2026-09-30
https://auth.chase.com.server-313.online/cgi-bin/secure-auth?error=reauth_required&redirect=confirm,1,PhishTank/URLhaus,2026-09-30
http://187.126.196.214/cgi-bin/secure-auth?error=reauth_required&redirect=confirm,1,PhishTank/URLhaus,2026-09-30
http://gate-34.ru/session/aee9453544db66ade6551898/verify?user=victim,1,PhishTank/URLhaus,2026-09-30
http://45.87.139.72:8080/secure-form/v3?user_id=89234&retry=1,1,PhishTank/URLhaus,2026-09-30
http://idmsa.apple.com.server-842.online/account/verification?client_id=sec_9817294&state=token_revoked,1,PhishTank/URLhaus,2026-09-30
https://security-alert.paypal-verification.ru/cgi-bin/secure-auth?token=a9f8e7d6c5b4&session=expired,1,PhishTank/URLhaus,2026-09-30
https://auth.chase.com.server-937.info/webscr?cmd=_login-run?error=reauth_required&redirect=confirm,1,PhishTank/URLhaus,2026-09-30
http://72.23.124.245:3000/portal/restore-access?user_id=89234&retry=1,1,PhishTank/URLhaus,2026-09-30
http://gate-94.info/session/f4ffc31c4d2e9ada29075a05/verify?user=victim,1,PhishTank/URLhaus,2026-09-30
http://149.27.56.133/portal/restore-access?client_id=sec_9817294&state=token_revoked,1,PhishTank/URLhaus,2026-09-30
https://portal.idp.recovery.binance-kyc-verification.site/cgi-bin/secure-auth?client_id=sec_9817294&state=token_revoked,1,PhishTank/URLhaus,2026-09-30
http://97.155.145.229:8443/portal/restore-access?dest=banking_portal,1,PhishTank/URLhaus,2026-09-30
http://portal.idp.recovery.binance-kyc-verification.club/account/verification?token=a9f8e7d6c5b4&session=expired,1,PhishTank/URLhaus,2026-09-30
http://confirm.identity.chase-bank.ru/secure-form/v3?error=reauth_required&redirect=confirm,1,PhishTank/URLhaus,2026-09-30
https://login.microsoft.com.server-516.link/security/update.html?user_id=89234&retry=1,1,PhishTank/URLhaus,2026-09-30
https://signin.ebay.chase-bank-verification.xyz/secure-form/v3?client_id=sec_9817294&state=token_revoked,1,PhishTank/URLhaus,2026-09-30
https://login.amazon-customer-alert-verification.xyz/portal/restore-access?client_id=sec_9817294&state=token_revoked,1,PhishTank/URLhaus,2026-09-30
https://auth.v2.protection.chase-bank-verification.tk/secure-form/v3?user_id=89234&retry=1,1,PhishTank/URLhaus,2026-09-30
http://157.147.226.101/security/update.html?client_id=sec_9817294&state=token_revoked,1,PhishTank/URLhaus,2026-09-30
https://portal.idp.recovery.appleid-support.link/login.php?token=a9f8e7d6c5b4&session=expired,1,PhishTank/URLhaus,2026-09-30
http://gate-4.site/session/e27f26fb9462acfec6f9099f/verify?user=victim,1,PhishTank/URLhaus,2026-09-30
https://idmsa.apple.com.server-663.link/cgi-bin/secure-auth?client_id=sec_9817294&state=token_revoked,1,PhishTank/URLhaus,2026-09-30
http://login.microsoft.com.server-334.info/security/update.html?dest=banking_portal,1,PhishTank/URLhaus,2026-09-30
http://gate-53.club/session/8a835f00d33c636c8175ecef/verify?user=victim,1,PhishTank/URLhaus,2026-09-30
https://login.microsoft.com.server-585.tk/secure-form/v3?error=reauth_required&redirect=confirm,1,PhishTank/URLhaus,2026-09-30
http://47.70.50.195/checkpoint/challenge?client_id=sec_9817294&state=token_revoked,1,PhishTank/URLhaus,2026-09-30
http://46.14.83.21:8443/checkpoint/challenge?error=reauth_required&redirect=confirm,1,PhishTank/URLhaus,2026-09-30
http://security-alert.microsoft-security-verification.club/security/update.html?token=a9f8e7d6c5b4&session=expired,1,PhishTank/URLhaus,2026-09-30
http://gate-62.link/session/ffe02345a80c14abc43eca70/verify?user=victim,1,PhishTank/URLhaus,2026-09-30
http://gate-65.top/session/f586d3f9cd205aabe13d0b52/verify?user=victim,1,PhishTank/URLhaus,2026-09-30
https://idmsa.apple.com.server-107.top/session/verify-credentials?token=a9f8e7d6c5b4&session=expired,1,PhishTank/URLhaus,2026-09-30
https://idmsa.apple.com.server-723.site/security/update.html?token=a9f8e7d6c5b4&session=expired,1,PhishTank/URLhaus,2026-09-30
https://confirm.identity.binance-kyc.club/security/update.html?client_id=sec_9817294&state=token_revoked,1,PhishTank/URLhaus,2026-09-30
https://portal.idp.recovery.chase-bank-verification.online/login.php?user_id=89234&retry=1,1,PhishTank/URLhaus,2026-09-30
http://gate-40.club/session/6323b29886b764b3981715b6/verify?user=victim,1,PhishTank/URLhaus,2026-09-30
https://security-alert.dhl-tracking-express-verification.online/portal/restore-access?dest=banking_portal,1,PhishTank/URLhaus,2026-09-30
http://184.70.178.18/secure-form/v3?error=reauth_required&redirect=confirm,1,PhishTank/URLhaus,2026-09-30
https://accounts.google.com.server-877.tk/portal/restore-access?error=reauth_required&redirect=confirm,1,PhishTank/URLhaus,2026-09-30
http://gate-69.tk/session/ede4fe82c901f05e8747336d/verify?user=victim,1,PhishTank/URLhaus,2026-09-30
http://120.42.76.121:3000/login.php?token=a9f8e7d6c5b4&session=expired,1,PhishTank/URLhaus,2026-09-30
https://auth.chase.com.server-109.info/account/verification?error=reauth_required&redirect=confirm,1,PhishTank/URLhaus,2026-09-30
https://security-alert.dhl-tracking-express.cc/portal/restore-access?error=reauth_required&redirect=confirm,1,PhishTank/URLhaus,2026-09-30
http://gate-43.cc/session/7ceca03a65e7984cd9b1708e/verify?user=victim,1,PhishTank/URLhaus,2026-09-30
https://login.microsoft.com.server-999.xyz/account/verification?client_id=sec_9817294&state=token_revoked,1,PhishTank/URLhaus,2026-09-30
http://gate-99.club/session/6df251ec2d6663481189d36c/verify?user=victim,1,PhishTank/URLhaus,2026-09-30
http://idmsa.apple.com.server-846.online/portal/restore-access?user_id=89234&retry=1,1,PhishTank/URLhaus,2026-09-30
http://accounts.google.com.server-719.info/login.php?client_id=sec_9817294&state=token_revoked,1,PhishTank/URLhaus,2026-09-30
http://gate-35.info/session/ae1b7ec2d5fe95e4b335551f/verify?user=victim,1,PhishTank/URLhaus,2026-09-30
https://auth.v2.protection.chase-bank-verification.live/secure-form/v3?token=a9f8e7d6c5b4&session=expired,1,PhishTank/URLhaus,2026-09-30
http://gate-23.club/session/54765c15fd77bda1ed84a90b/verify?user=victim,1,PhishTank/URLhaus,2026-09-30
https://confirm.identity.dhl-tracking-express.live/session/verify-credentials?dest=banking_portal,1,PhishTank/URLhaus,2026-09-30
https://login.paypal.online/session/verify-credentials?token=a9f8e7d6c5b4&session=expired,1,PhishTank/URLhaus,2026-09-30
http://78.93.25.210/account/verification?user_id=89234&retry=1,1,PhishTank/URLhaus,2026-09-30
http://gate-10.info/session/f7a3945ec44efeb3ffbf2796/verify?user=victim,1,PhishTank/URLhaus,2026-09-30
http://108.197.250.227/login.php?user_id=89234&retry=1,1,PhishTank/URLhaus,2026-09-30
https://accounts.google.com.server-846.live/secure-form/v3?user_id=89234&retry=1,1,PhishTank/URLhaus,2026-09-30
http://gate-92.cc/session/37b57f1b80d94ced705c7474/verify?user=victim,1,PhishTank/URLhaus,2026-09-30
https://login.appleid-support-verification.xyz/cgi-bin/secure-auth?error=reauth_required&redirect=confirm,1,PhishTank/URLhaus,2026-09-30
https://confirm.identity.netflix-billing.club/portal/restore-access?client_id=sec_9817294&state=token_revoked,1,PhishTank/URLhaus,2026-09-30
https://idmsa.apple.com.server-709.site/cgi-bin/secure-auth?token=a9f8e7d6c5b4&session=expired,1,PhishTank/URLhaus,2026-09-30
http://idmsa.apple.com.server-124.link/login.php?client_id=sec_9817294&state=token_revoked,1,PhishTank/URLhaus,2026-09-30
http://117.116.188.25:8443/secure-form/v3?dest=banking_portal,1,PhishTank/URLhaus,2026-09-30
http://verify-account.coinbase-auth-verification.link/checkpoint/challenge?client_id=sec_9817294&state=token_revoked,1,PhishTank/URLhaus,2026-09-30
http://signin.ebay.amazon-customer-alert.tk/checkpoint/challenge?client_id=sec_9817294&state=token_revoked,1,PhishTank/URLhaus,2026-09-30
http://gate-15.tk/session/12f2488afa3f0260ca1c1759/verify?user=victim,1,PhishTank/URLhaus,2026-09-30
https://auth.chase.com.server-558.club/auth/step2?error=reauth_required&redirect=confirm,1,PhishTank/URLhaus,2026-09-30
http://login.paypal-verification.site/checkpoint/challenge?dest=banking_portal,1,PhishTank/URLhaus,2026-09-30
https://secure.banking.dhl-tracking-express-verification.link/account/verification?user_id=89234&retry=1,1,PhishTank/URLhaus,2026-09-30
https://verify-account.coinbase-auth.online/webscr?cmd=_login-run?error=reauth_required&redirect=confirm,1,PhishTank/URLhaus,2026-09-30
https://idmsa.apple.com.server-488.link/checkpoint/challenge?error=reauth_required&redirect=confirm,1,PhishTank/URLhaus,2026-09-30
http://188.96.196.126:8080/portal/restore-access?user_id=89234&retry=1,1,PhishTank/URLhaus,2026-09-30
https://secure.banking.paypal-verification.ru/portal/restore-access?dest=banking_portal,1,PhishTank/URLhaus,2026-09-30
https://portal.idp.recovery.microsoft-security.link/auth/step2?client_id=sec_9817294&state=token_revoked,1,PhishTank/URLhaus,2026-09-30
http://53.44.90.136:8000/portal/restore-access?user_id=89234&retry=1,1,PhishTank/URLhaus,2026-09-30
https://accounts.google.com.server-345.site/cgi-bin/secure-auth?error=reauth_required&redirect=confirm,1,PhishTank/URLhaus,2026-09-30
http://96.35.97.127:3000/account/verification?client_id=sec_9817294&state=token_revoked,1,PhishTank/URLhaus,2026-09-30
https://idmsa.apple.com.server-210.ru/webscr?cmd=_login-run?client_id=sec_9817294&state=token_revoked,1,PhishTank/URLhaus,2026-09-30
http://71.46.68.171/session/verify-credentials?user_id=89234&retry=1,1,PhishTank/URLhaus,2026-09-30
https://secure.banking.paypal.tk/webscr?cmd=_login-run?client_id=sec_9817294&state=token_revoked,1,PhishTank/URLhaus,2026-09-30
https://confirm.identity.paypal-verification.tk/auth/step2?client_id=sec_9817294&state=token_revoked,1,PhishTank/URLhaus,2026-09-30
https://portal.idp.recovery.dhl-tracking-express-verification.online/security/update.html?user_id=89234&retry=1,1,PhishTank/URLhaus,2026-09-30
http://account-update.paypal-verification.online/auth/step2?client_id=sec_9817294&state=token_revoked,1,PhishTank/URLhaus,2026-09-30
https://login.microsoft.com.server-130.info/account/verification?user_id=89234&retry=1,1,PhishTank/URLhaus,2026-09-30
http://123.168.240.58:3000/webscr?cmd=_login-run?token=a9f8e7d6c5b4&session=expired,1,PhishTank/URLhaus,2026-09-30
https://auth.v2.protection.binance-kyc-verification.info/session/verify-credentials?user_id=89234&retry=1,1,PhishTank/URLhaus,2026-09-30
https://signin.ebay.coinbase-auth.info/session/verify-credentials?token=a9f8e7d6c5b4&session=expired,1,PhishTank/URLhaus,2026-09-30
https://accounts.google.com.server-248.ru/security/update.html?error=reauth_required&redirect=confirm,1,PhishTank/URLhaus,2026-09-30
http://login.microsoft.com.server-104.club/security/update.html?dest=banking_portal,1,PhishTank/URLhaus,2026-09-30
http://portal.idp.recovery.netflix-billing.xyz/cgi-bin/secure-auth?token=a9f8e7d6c5b4&session=expired,1,PhishTank/URLhaus,2026-09-30
http://139.142.145.189/webscr?cmd=_login-run?token=a9f8e7d6c5b4&session=expired,1,PhishTank/URLhaus,2026-09-30
http://gate-71.live/session/7c78ab0a2bc31261330dbc0f/verify?user=victim,1,PhishTank/URLhaus,2026-09-30
https://account-update.appleid-support.xyz/checkpoint/challenge?dest=banking_portal,1,PhishTank/URLhaus,2026-09-30
https://signin.ebay.amazon-customer-alert-verification.online/cgi-bin/secure-auth?dest=banking_portal,1,PhishTank/URLhaus,2026-09-30
https://verify-account.paypal-verification.online/checkpoint/challenge?token=a9f8e7d6c5b4&session=expired,1,PhishTank/URLhaus,2026-09-30
https://verify-account.amazon-customer-alert-verification.tk/webscr?cmd=_login-run?token=a9f8e7d6c5b4&session=expired,1,PhishTank/URLhaus,2026-09-30
https://verify-account.binance-kyc.cc/login.php?user_id=89234&retry=1,1,PhishTank/URLhaus,2026-09-30
https://login.microsoft.com.server-994.link/secure-form/v3?token=a9f8e7d6c5b4&session=expired,1,PhishTank/URLhaus,2026-09-30
http://accounts.google.com.server-851.ru/portal/restore-access?client_id=sec_9817294&state=token_revoked,1,PhishTank/URLhaus,2026-09-30
https://signin.ebay.dhl-tracking-express-verification.cc/webscr?cmd=_login-run?token=a9f8e7d6c5b4&session=expired,1,PhishTank/URLhaus,2026-09-30
http://verify-account.microsoft-security.live/checkpoint/challenge?token=a9f8e7d6c5b4&session=expired,1,PhishTank/URLhaus,2026-09-30
http://gate-28.top/session/74e9fb5c413aeafa56681e71/verify?user=victim,1,PhishTank/URLhaus,2026-09-30
http://71.77.208.207/portal/restore-access?user_id=89234&retry=1,1,PhishTank/URLhaus,2026-09-30
https://portal.idp.recovery.appleid-support.club/secure-form/v3?user_id=89234&retry=1,1,PhishTank/URLhaus,2026-09-30
https://portal.idp.recovery.netflix-billing.xyz/webscr?cmd=_login-run?user_id=89234&retry=1,1,PhishTank/URLhaus,2026-09-30
https://idmsa.apple.com.server-103.info/auth/step2?dest=banking_portal,1,PhishTank/URLhaus,2026-09-30
http://idmsa.apple.com.server-865.info/webscr?cmd=_login-run?token=a9f8e7d6c5b4&session=expired,1,PhishTank/URLhaus,2026-09-30
https://auth.chase.com.server-172.xyz/portal/restore-access?token=a9f8e7d6c5b4&session=expired,1,PhishTank/URLhaus,2026-09-30
https://verify-account.dhl-tracking-express.ru/checkpoint/challenge?token=a9f8e7d6c5b4&session=expired,1,PhishTank/URLhaus,2026-09-30
http://gate-66.live/session/0b7b934e6cda8aee21e26473/verify?user=victim,1,PhishTank/URLhaus,2026-09-30
http://signin.ebay.dhl-tracking-express-verification.xyz/portal/restore-access?token=a9f8e7d6c5b4&session=expired,1,PhishTank/URLhaus,2026-09-30
http://161.129.2.193/cgi-bin/secure-auth?dest=banking_portal,1,PhishTank/URLhaus,2026-09-30
https://auth.chase.com.server-687.live/secure-form/v3?dest=banking_portal,1,PhishTank/URLhaus,2026-09-30
https://login.microsoft.com.server-554.link/account/verification?token=a9f8e7d6c5b4&session=expired,1,PhishTank/URLhaus,2026-09-30
http://72.156.181.195/login.php?token=a9f8e7d6c5b4&session=expired,1,PhishTank/URLhaus,2026-09-30
http://account-update.paypal-verification.club/webscr?cmd=_login-run?user_id=89234&retry=1,1,PhishTank/URLhaus,2026-09-30
http://gate-75.info/session/f70ed424598fc3b6addda8a3/verify?user=victim,1,PhishTank/URLhaus,2026-09-30
http://205.113.90.55:8080/secure-form/v3?error=reauth_required&redirect=confirm,1,PhishTank/URLhaus,2026-09-30
https://idmsa.apple.com.server-341.top/cgi-bin/secure-auth?dest=banking_portal,1,PhishTank/URLhaus,2026-09-30
http://gate-74.online/session/65c25c866770f47c1624eb8d/verify?user=victim,1,PhishTank/URLhaus,2026-09-30
https://idmsa.apple.com.server-723.cc/cgi-bin/secure-auth?token=a9f8e7d6c5b4&session=expired,1,PhishTank/URLhaus,2026-09-30
https://signin.ebay.coinbase-auth.tk/session/verify-credentials?error=reauth_required&redirect=confirm,1,PhishTank/URLhaus,2026-09-30
http://76.109.35.87/secure-form/v3?client_id=sec_9817294&state=token_revoked,1,PhishTank/URLhaus,2026-09-30
https://auth.chase.com.server-868.live/portal/restore-access?user_id=89234&retry=1,1,PhishTank/URLhaus,2026-09-30
https://idmsa.apple.com.server-115.top/webscr?cmd=_login-run?user_id=89234&retry=1,1,PhishTank/URLhaus,2026-09-30
http://104.163.184.61/security/update.html?error=reauth_required&redirect=confirm,1,PhishTank/URLhaus,2026-09-30
https://login.microsoft.com.server-841.link/portal/restore-access?error=reauth_required&redirect=confirm,1,PhishTank/URLhaus,2026-09-30
https://accounts.google.com.server-470.ru/security/update.html?client_id=sec_9817294&state=token_revoked,1,PhishTank/URLhaus,2026-09-30
https://auth.chase.com.server-124.info/security/update.html?error=reauth_required&redirect=confirm,1,PhishTank/URLhaus,2026-09-30
http://65.38.171.198:8080/session/verify-credentials?error=reauth_required&redirect=confirm,1,PhishTank/URLhaus,2026-09-30
http://63.159.118.50:8000/secure-form/v3?client_id=sec_9817294&state=token_revoked,1,PhishTank/URLhaus,2026-09-30
http://67.69.1.13:8443/auth/step2?client_id=sec_9817294&state=token_revoked,1,PhishTank/URLhaus,2026-09-30
http://gate-41.cc/session/403a498771d8beeb4914408f/verify?user=victim,1,PhishTank/URLhaus,2026-09-30
http://80.42.19.198:8443/security/update.html?token=a9f8e7d6c5b4&session=expired,1,PhishTank/URLhaus,2026-09-30
https://auth.v2.protection.microsoft-security-verification.link/webscr?cmd=_login-run?token=a9f8e7d6c5b4&session=expired,1,PhishTank/URLhaus,2026-09-30
http://206.170.250.184/login.php?dest=banking_portal,1,PhishTank/URLhaus,2026-09-30
http://112.39.177.161/auth/step2?error=reauth_required&redirect=confirm,1,PhishTank/URLhaus,2026-09-30
https://verify-account.wellsfargo-verify-verification.tk/portal/restore-access?error=reauth_required&redirect=confirm,1,PhishTank/URLhaus,2026-09-30
http://107.47.58.201:8080/secure-form/v3?dest=banking_portal,1,PhishTank/URLhaus,2026-09-30
https://auth.chase.com.server-243.link/security/update.html?error=reauth_required&redirect=confirm,1,PhishTank/URLhaus,2026-09-30
http://gate-15.top/session/c8d333f78f80ee26d84650b9/verify?user=victim,1,PhishTank/URLhaus,2026-09-30
https://account-update.chase-bank.online/login.php?client_id=sec_9817294&state=token_revoked,1,PhishTank/URLhaus,2026-09-30
http://188.137.123.22:8000/session/verify-credentials?client_id=sec_9817294&state=token_revoked,1,PhishTank/URLhaus,2026-09-30
https://login.microsoft.com.server-889.tk/portal/restore-access?dest=banking_portal,1,PhishTank/URLhaus,2026-09-30
https://secure.banking.binance-kyc.xyz/secure-form/v3?token=a9f8e7d6c5b4&session=expired,1,PhishTank/URLhaus,2026-09-30
http://113.109.245.61/account/verification?error=reauth_required&redirect=confirm,1,PhishTank/URLhaus,2026-09-30
http://146.111.186.6/auth/step2?user_id=89234&retry=1,1,PhishTank/URLhaus,2026-09-30
https://security-alert.microsoft-security-verification.link/secure-form/v3?user_id=89234&retry=1,1,PhishTank/URLhaus,2026-09-30
http://idmsa.apple.com.server-579.online/cgi-bin/secure-auth?client_id=sec_9817294&state=token_revoked,1,PhishTank/URLhaus,2026-09-30
http://idmsa.apple.com.server-973.info/session/verify-credentials?user_id=89234&retry=1,1,PhishTank/URLhaus,2026-09-30
http://gate-6.ru/session/7e14b1d08a509047bc9e7daa/verify?user=victim,1,PhishTank/URLhaus,2026-09-30
https://confirm.identity.chase-bank-verification.xyz/security/update.html?client_id=sec_9817294&state=token_revoked,1,PhishTank/URLhaus,2026-09-30
https://accounts.google.com.server-623.site/auth/step2?dest=banking_portal,1,PhishTank/URLhaus,2026-09-30
http://165.184.184.134:8080/security/update.html?error=reauth_required&redirect=confirm,1,PhishTank/URLhaus,2026-09-30
http://account-update.amazon-customer-alert-verification.ru/checkpoint/challenge?user_id=89234&retry=1,1,PhishTank/URLhaus,2026-09-30
http://79.11.17.158/login.php?client_id=sec_9817294&state=token_revoked,1,PhishTank/URLhaus,2026-09-30
https://verify-account.coinbase-auth.site/portal/restore-access?dest=banking_portal,1,PhishTank/URLhaus,2026-09-30
http://accounts.google.com.server-744.cc/session/verify-credentials?token=a9f8e7d6c5b4&session=expired,1,PhishTank/URLhaus,2026-09-30
http://auth.chase.com.server-461.ru/account/verification?token=a9f8e7d6c5b4&session=expired,1,PhishTank/URLhaus,2026-09-30
https://account-update.microsoft-security-verification.xyz/checkpoint/challenge?user_id=89234&retry=1,1,PhishTank/URLhaus,2026-09-30
http://89.63.177.13/portal/restore-access?token=a9f8e7d6c5b4&session=expired,1,PhishTank/URLhaus,2026-09-30
http://gate-55.cc/session/cda52a84484d16396c9a375d/verify?user=victim,1,PhishTank/URLhaus,2026-09-30
https://idmsa.apple.com.server-844.tk/webscr?cmd=_login-run?token=a9f8e7d6c5b4&session=expired,1,PhishTank/URLhaus,2026-09-30
http://gate-46.xyz/session/eee900e1a2e52b5b0c97cacb/verify?user=victim,1,PhishTank/URLhaus,2026-09-30
https://auth.v2.protection.paypal-verification.tk/secure-form/v3?client_id=sec_9817294&state=token_revoked,1,PhishTank/URLhaus,2026-09-30
http://security-alert.chase-bank.top/session/verify-credentials?user_id=89234&retry=1,1,PhishTank/URLhaus,2026-09-30
https://confirm.identity.appleid-support-verification.club/login.php?user_id=89234&retry=1,1,PhishTank/URLhaus,2026-09-30
https://account-update.dhl-tracking-express.tk/auth/step2?user_id=89234&retry=1,1,PhishTank/URLhaus,2026-09-30
https://auth.chase.com.server-608.cc/security/update.html?user_id=89234&retry=1,1,PhishTank/URLhaus,2026-09-30
https://auth.chase.com.server-147.top/account/verification?token=a9f8e7d6c5b4&session=expired,1,PhishTank/URLhaus,2026-09-30
https://auth.chase.com.server-427.link/portal/restore-access?dest=banking_portal,1,PhishTank/URLhaus,2026-09-30
https://accounts.google.com.server-511.xyz/auth/step2?token=a9f8e7d6c5b4&session=expired,1,PhishTank/URLhaus,2026-09-30
https://login.binance-kyc-verification.xyz/webscr?cmd=_login-run?user_id=89234&retry=1,1,PhishTank/URLhaus,2026-09-30
https://portal.idp.recovery.coinbase-auth-verification.xyz/account/verification?client_id=sec_9817294&state=token_revoked,1,PhishTank/URLhaus,2026-09-30
https://auth.chase.com.server-946.club/security/update.html?client_id=sec_9817294&state=token_revoked,1,PhishTank/URLhaus,2026-09-30
http://secure.banking.wellsfargo-verify-verification.live/secure-form/v3?dest=banking_portal,1,PhishTank/URLhaus,2026-09-30
https://auth.chase.com.server-677.cc/cgi-bin/secure-auth?user_id=89234&retry=1,1,PhishTank/URLhaus,2026-09-30
https://login.microsoft.com.server-209.tk/auth/step2?error=reauth_required&redirect=confirm,1,PhishTank/URLhaus,2026-09-30
https://accounts.google.com.server-118.live/session/verify-credentials?error=reauth_required&redirect=confirm,1,PhishTank/URLhaus,2026-09-30
http://109.93.197.223:8080/portal/restore-access?token=a9f8e7d6c5b4&session=expired,1,PhishTank/URLhaus,2026-09-30
https://login.wellsfargo-verify-verification.link/account/verification?user_id=89234&retry=1,1,PhishTank/URLhaus,2026-09-30
http://gate-74.info/session/c6d530a2e05c2323d48e8555/verify?user=victim,1,PhishTank/URLhaus,2026-09-30
http://idmsa.apple.com.server-691.info/security/update.html?error=reauth_required&redirect=confirm,1,PhishTank/URLhaus,2026-09-30
http://gate-32.xyz/session/f0a67d45848cf49722b6ed30/verify?user=victim,1,PhishTank/URLhaus,2026-09-30
https://login.microsoft.com.server-760.xyz/cgi-bin/secure-auth?dest=banking_portal,1,PhishTank/URLhaus,2026-09-30
https://account-update.binance-kyc-verification.info/webscr?cmd=_login-run?user_id=89234&retry=1,1,PhishTank/URLhaus,2026-09-30
http://gate-27.info/session/47eb91375c48ed679b085d38/verify?user=victim,1,PhishTank/URLhaus,2026-09-30
https://auth.v2.protection.binance-kyc.xyz/session/verify-credentials?client_id=sec_9817294&state=token_revoked,1,PhishTank/URLhaus,2026-09-30
https://auth.v2.protection.chase-bank.tk/checkpoint/challenge?token=a9f8e7d6c5b4&session=expired,1,PhishTank/URLhaus,2026-09-30
https://portal.idp.recovery.chase-bank-verification.live/auth/step2?token=a9f8e7d6c5b4&session=expired,1,PhishTank/URLhaus,2026-09-30
https://login.microsoft.com.server-925.tk/cgi-bin/secure-auth?error=reauth_required&redirect=confirm,1,PhishTank/URLhaus,2026-09-30
http://208.59.81.169/login.php?error=reauth_required&redirect=confirm,1,PhishTank/URLhaus,2026-09-30
https://security-alert.chase-bank-verification.cc/auth/step2?dest=banking_portal,1,PhishTank/URLhaus,2026-09-30
https://signin.ebay.netflix-billing.xyz/portal/restore-access?client_id=sec_9817294&state=token_revoked,1,PhishTank/URLhaus,2026-09-30
http://login.coinbase-auth-verification.ru/security/update.html?dest=banking_portal,1,PhishTank/URLhaus,2026-09-30
http://gate-45.site/session/c76fcd556e1e5d9d1b03835f/verify?user=victim,1,PhishTank/URLhaus,2026-09-30
http://gate-42.xyz/session/a9a01b0e86366bc2d4b41567/verify?user=victim,1,PhishTank/URLhaus,2026-09-30
https://security-alert.amazon-customer-alert-verification.top/security/update.html?client_id=sec_9817294&state=token_revoked,1,PhishTank/URLhaus,2026-09-30
https://login.microsoft.com.server-473.cc/webscr?cmd=_login-run?user_id=89234&retry=1,1,PhishTank/URLhaus,2026-09-30
https://accounts.google.com.server-787.xyz/webscr?cmd=_login-run?user_id=89234&retry=1,1,PhishTank/URLhaus,2026-09-30
https://auth.chase.com.server-694.ru/login.php?dest=banking_portal,1,PhishTank/URLhaus,2026-09-30
https://portal.idp.recovery.wellsfargo-verify.cc/cgi-bin/secure-auth?client_id=sec_9817294&state=token_revoked,1,PhishTank/URLhaus,2026-09-30
https://accounts.google.com.server-337.tk/security/update.html?error=reauth_required&redirect=confirm,1,PhishTank/URLhaus,2026-09-30
http://gate-99.info/session/33e7a2570047c983c4c3ffab/verify?user=victim,1,PhishTank/URLhaus,2026-09-30
http://209.128.7.235:8000/account/verification?dest=banking_portal,1,PhishTank/URLhaus,2026-09-30
http://98.159.218.54/secure-form/v3?token=a9f8e7d6c5b4&session=expired,1,PhishTank/URLhaus,2026-09-30
https://verify-account.binance-kyc-verification.site/portal/restore-access?dest=banking_portal,1,PhishTank/URLhaus,2026-09-30
https://accounts.google.com.server-802.online/auth/step2?client_id=sec_9817294&state=token_revoked,1,PhishTank/URLhaus,2026-09-30
http://gate-95.link/session/b3304cafabc078ccd15c6f3f/verify?user=victim,1,PhishTank/URLhaus,2026-09-30
http://security-alert.dhl-tracking-express-verification.club/login.php?error=reauth_required&redirect=confirm,1,PhishTank/URLhaus,2026-09-30
http://177.187.192.191/account/verification?dest=banking_portal,1,PhishTank/URLhaus,2026-09-30
https://account-update.binance-kyc.link/webscr?cmd=_login-run?error=reauth_required&redirect=confirm,1,PhishTank/URLhaus,2026-09-30
http://account-update.binance-kyc.ru/cgi-bin/secure-auth?error=reauth_required&redirect=confirm,1,PhishTank/URLhaus,2026-09-30
http://login.microsoft.com.server-762.cc/webscr?cmd=_login-run?error=reauth_required&redirect=confirm,1,PhishTank/URLhaus,2026-09-30
https://auth.chase.com.server-281.ru/cgi-bin/secure-auth?dest=banking_portal,1,PhishTank/URLhaus,2026-09-30
https://confirm.identity.netflix-billing.site/webscr?cmd=_login-run?token=a9f8e7d6c5b4&session=expired,1,PhishTank/URLhaus,2026-09-30
https://auth.chase.com.server-526.ru/cgi-bin/secure-auth?error=reauth_required&redirect=confirm,1,PhishTank/URLhaus,2026-09-30
http://gate-55.xyz/session/9b8239ce0a32984b40baf7b2/verify?user=victim,1,PhishTank/URLhaus,2026-09-30
https://signin.ebay.amazon-customer-alert-verification.link/account/verification?error=reauth_required&redirect=confirm,1,PhishTank/URLhaus,2026-09-30
http://gate-1.top/session/93fb128869c4df4b0a3b3422/verify?user=victim,1,PhishTank/URLhaus,2026-09-30
http://verify-account.coinbase-auth.tk/session/verify-credentials?dest=banking_portal,1,PhishTank/URLhaus,2026-09-30
http://account-update.microsoft-security.xyz/login.php?user_id=89234&retry=1,1,PhishTank/URLhaus,2026-09-30
https://portal.idp.recovery.coinbase-auth.info/secure-form/v3?error=reauth_required&redirect=confirm,1,PhishTank/URLhaus,2026-09-30
http://120.115.22.172/account/verification?token=a9f8e7d6c5b4&session=expired,1,PhishTank/URLhaus,2026-09-30
http://191.10.14.174/account/verification?error=reauth_required&redirect=confirm,1,PhishTank/URLhaus,2026-09-30
http://auth.chase.com.server-128.club/login.php?user_id=89234&retry=1,1,PhishTank/URLhaus,2026-09-30
http://signin.ebay.netflix-billing.info/secure-form/v3?dest=banking_portal,1,PhishTank/URLhaus,2026-09-30
http://89.168.231.227/secure-form/v3?client_id=sec_9817294&state=token_revoked,1,PhishTank/URLhaus,2026-09-30
https://secure.banking.dhl-tracking-express-verification.tk/auth/step2?client_id=sec_9817294&state=token_revoked,1,PhishTank/URLhaus,2026-09-30
https://idmsa.apple.com.server-866.live/webscr?cmd=_login-run?dest=banking_portal,1,PhishTank/URLhaus,2026-09-30
http://security-alert.binance-kyc-verification.live/login.php?user_id=89234&retry=1,1,PhishTank/URLhaus,2026-09-30
https://login.wellsfargo-verify.online/session/verify-credentials?token=a9f8e7d6c5b4&session=expired,1,PhishTank/URLhaus,2026-09-30
http://gate-67.live/session/d89676603630b4087f1b6e46/verify?user=victim,1,PhishTank/URLhaus,2026-09-30
https://idmsa.apple.com.server-628.link/account/verification?user_id=89234&retry=1,1,PhishTank/URLhaus,2026-09-30
http://login.microsoft.com.server-316.ru/checkpoint/challenge?error=reauth_required&redirect=confirm,1,PhishTank/URLhaus,2026-09-30
http://auth.chase.com.server-554.live/webscr?cmd=_login-run?user_id=89234&retry=1,1,PhishTank/URLhaus,2026-09-30
https://idmsa.apple.com.server-314.club/webscr?cmd=_login-run?user_id=89234&retry=1,1,PhishTank/URLhaus,2026-09-30
https://verify-account.dhl-tracking-express.info/account/verification?token=a9f8e7d6c5b4&session=expired,1,PhishTank/URLhaus,2026-09-30
https://auth.v2.protection.microsoft-security.link/checkpoint/challenge?client_id=sec_9817294&state=token_revoked,1,PhishTank/URLhaus,2026-09-30
http://gate-2.ru/session/fdcd702d715457a68c7ef918/verify?user=victim,1,PhishTank/URLhaus,2026-09-30
http://gate-33.tk/session/e77281675cb6e9e5eeacd1b5/verify?user=victim,1,PhishTank/URLhaus,2026-09-30
https://verify-account.appleid-support.top/cgi-bin/secure-auth?dest=banking_portal,1,PhishTank/URLhaus,2026-09-30
https://security-alert.netflix-billing-verification.ru/portal/restore-access?error=reauth_required&redirect=confirm,1,PhishTank/URLhaus,2026-09-30
https://idmsa.apple.com.server-703.link/checkpoint/challenge?error=reauth_required&redirect=confirm,1,PhishTank/URLhaus,2026-09-30
http://portal.idp.recovery.netflix-billing-verification.ru/webscr?cmd=_login-run?token=a9f8e7d6c5b4&session=expired,1,PhishTank/URLhaus,2026-09-30
http://201.44.185.240:8443/portal/restore-access?token=a9f8e7d6c5b4&session=expired,1,PhishTank/URLhaus,2026-09-30
https://idmsa.apple.com.server-286.site/session/verify-credentials?token=a9f8e7d6c5b4&session=expired,1,PhishTank/URLhaus,2026-09-30
http://auth.chase.com.server-485.online/checkpoint/challenge?client_id=sec_9817294&state=token_revoked,1,PhishTank/URLhaus,2026-09-30
http://116.145.74.202/secure-form/v3?dest=banking_portal,1,PhishTank/URLhaus,2026-09-30
https://verify-account.wellsfargo-verify.cc/session/verify-credentials?error=reauth_required&redirect=confirm,1,PhishTank/URLhaus,2026-09-30
https://login.appleid-support-verification.online/cgi-bin/secure-auth?token=a9f8e7d6c5b4&session=expired,1,PhishTank/URLhaus,2026-09-30
https://secure.banking.netflix-billing.link/auth/step2?token=a9f8e7d6c5b4&session=expired,1,PhishTank/URLhaus,2026-09-30
http://78.125.163.237/auth/step2?token=a9f8e7d6c5b4&session=expired,1,PhishTank/URLhaus,2026-09-30
https://portal.idp.recovery.dhl-tracking-express.tk/account/verification?client_id=sec_9817294&state=token_revoked,1,PhishTank/URLhaus,2026-09-30
http://auth.chase.com.server-405.site/session/verify-credentials?error=reauth_required&redirect=confirm,1,PhishTank/URLhaus,2026-09-30
http://71.43.161.20/login.php?error=reauth_required&redirect=confirm,1,PhishTank/URLhaus,2026-09-30
https://confirm.identity.appleid-support-verification.link/login.php?error=reauth_required&redirect=confirm,1,PhishTank/URLhaus,2026-09-30
https://confirm.identity.netflix-billing-verification.ru/session/verify-credentials?client_id=sec_9817294&state=token_revoked,1,PhishTank/URLhaus,2026-09-30
https://account-update.amazon-customer-alert-verification.ru/account/verification?client_id=sec_9817294&state=token_revoked,1,PhishTank/URLhaus,2026-09-30
http://186.184.134.46/account/verification?dest=banking_portal,1,PhishTank/URLhaus,2026-09-30
http://gate-70.link/session/220a8730836c2c52e8fabd47/verify?user=victim,1,PhishTank/URLhaus,2026-09-30
http://gate-32.club/session/166c58d000e6852c956cc10a/verify?user=victim,1,PhishTank/URLhaus,2026-09-30
http://168.124.144.58:3000/account/verification?token=a9f8e7d6c5b4&session=expired,1,PhishTank/URLhaus,2026-09-30
https://account-update.coinbase-auth-verification.online/session/verify-credentials?user_id=89234&retry=1,1,PhishTank/URLhaus,2026-09-30
https://security-alert.amazon-customer-alert.club/cgi-bin/secure-auth?error=reauth_required&redirect=confirm,1,PhishTank/URLhaus,2026-09-30
https://login.microsoft.com.server-360.ru/auth/step2?user_id=89234&retry=1,1,PhishTank/URLhaus,2026-09-30
https://idmsa.apple.com.server-323.xyz/security/update.html?error=reauth_required&redirect=confirm,1,PhishTank/URLhaus,2026-09-30
https://accounts.google.com.server-274.link/session/verify-credentials?error=reauth_required&redirect=confirm,1,PhishTank/URLhaus,2026-09-30
http://86.75.11.196:8443/session/verify-credentials?user_id=89234&retry=1,1,PhishTank/URLhaus,2026-09-30
https://signin.ebay.amazon-customer-alert-verification.link/secure-form/v3?error=reauth_required&redirect=confirm,1,PhishTank/URLhaus,2026-09-30
http://gate-64.online/session/4eb127b606e71279f3e928e4/verify?user=victim,1,PhishTank/URLhaus,2026-09-30
https://security-alert.appleid-support-verification.info/webscr?cmd=_login-run?client_id=sec_9817294&state=token_revoked,1,PhishTank/URLhaus,2026-09-30
https://auth.v2.protection.dhl-tracking-express.site/security/update.html?dest=banking_portal,1,PhishTank/URLhaus,2026-09-30
https://account-update.wellsfargo-verify-verification.info/security/update.html?error=reauth_required&redirect=confirm,1,PhishTank/URLhaus,2026-09-30
http://secure.banking.paypal-verification.tk/auth/step2?token=a9f8e7d6c5b4&session=expired,1,PhishTank/URLhaus,2026-09-30
http://gate-26.ru/session/a7d25d91702d03f86b2ab7de/verify?user=victim,1,PhishTank/URLhaus,2026-09-30
https://portal.idp.recovery.paypal-verification.club/cgi-bin/secure-auth?dest=banking_portal,1,PhishTank/URLhaus,2026-09-30
https://auth.v2.protection.wellsfargo-verify.cc/secure-form/v3?user_id=89234&retry=1,1,PhishTank/URLhaus,2026-09-30
http://gate-41.club/session/4e9ff39af8d4c5bb289ebdfc/verify?user=victim,1,PhishTank/URLhaus,2026-09-30
https://auth.chase.com.server-246.xyz/cgi-bin/secure-auth?client_id=sec_9817294&state=token_revoked,1,PhishTank/URLhaus,2026-09-30
https://verify-account.microsoft-security-verification.cc/account/verification?client_id=sec_9817294&state=token_revoked,1,PhishTank/URLhaus,2026-09-30
http://121.105.126.76:8000/security/update.html?token=a9f8e7d6c5b4&session=expired,1,PhishTank/URLhaus,2026-09-30
https://login.microsoft.com.server-908.tk/security/update.html?error=reauth_required&redirect=confirm,1,PhishTank/URLhaus,2026-09-30
https://auth.chase.com.server-574.online/login.php?client_id=sec_9817294&state=token_revoked,1,PhishTank/URLhaus,2026-09-30
https://secure.banking.netflix-billing.xyz/auth/step2?dest=banking_portal,1,PhishTank/URLhaus,2026-09-30
http://88.198.73.225:8080/security/update.html?client_id=sec_9817294&state=token_revoked,1,PhishTank/URLhaus,2026-09-30
http://login.amazon-customer-alert.online/secure-form/v3?user_id=89234&retry=1,1,PhishTank/URLhaus,2026-09-30
https://login.microsoft.com.server-942.link/login.php?user_id=89234&retry=1,1,PhishTank/URLhaus,2026-09-30
https://auth.chase.com.server-589.info/session/verify-credentials?client_id=sec_9817294&state=token_revoked,1,PhishTank/URLhaus,2026-09-30
http://auth.chase.com.server-936.site/secure-form/v3?user_id=89234&retry=1,1,PhishTank/URLhaus,2026-09-30
http://accounts.google.com.server-257.ru/webscr?cmd=_login-run?error=reauth_required&redirect=confirm,1,PhishTank/URLhaus,2026-09-30
https://login.microsoft.com.server-900.top/auth/step2?user_id=89234&retry=1,1,PhishTank/URLhaus,2026-09-30
http://accounts.google.com.server-368.link/session/verify-credentials?error=reauth_required&redirect=confirm,1,PhishTank/URLhaus,2026-09-30
https://portal.idp.recovery.binance-kyc-verification.cc/portal/restore-access?client_id=sec_9817294&state=token_revoked,1,PhishTank/URLhaus,2026-09-30
http://106.84.210.33/account/verification?dest=banking_portal,1,PhishTank/URLhaus,2026-09-30
http://87.168.23.227:8443/checkpoint/challenge?token=a9f8e7d6c5b4&session=expired,1,PhishTank/URLhaus,2026-09-30
http://gate-94.online/session/ae72c2324534efd7b332bdf9/verify?user=victim,1,PhishTank/URLhaus,2026-09-30
http://83.69.195.111:3000/cgi-bin/secure-auth?token=a9f8e7d6c5b4&session=expired,1,PhishTank/URLhaus,2026-09-30
http://gate-48.cc/session/955b1a458bb26ef7b56a8d9e/verify?user=victim,1,PhishTank/URLhaus,2026-09-30
http://171.29.66.229:3000/session/verify-credentials?token=a9f8e7d6c5b4&session=expired,1,PhishTank/URLhaus,2026-09-30
https://idmsa.apple.com.server-564.ru/security/update.html?user_id=89234&retry=1,1,PhishTank/URLhaus,2026-09-30
http://accounts.google.com.server-331.top/portal/restore-access?dest=banking_portal,1,PhishTank/URLhaus,2026-09-30
http://95.179.128.246:8080/account/verification?token=a9f8e7d6c5b4&session=expired,1,PhishTank/URLhaus,2026-09-30
https://auth.v2.protection.dhl-tracking-express-verification.xyz/auth/step2?token=a9f8e7d6c5b4&session=expired,1,PhishTank/URLhaus,2026-09-30
http://gate-26.online/session/af303704d59d5a15f7637b42/verify?user=victim,1,PhishTank/URLhaus,2026-09-30
http://121.65.217.8:3000/session/verify-credentials?client_id=sec_9817294&state=token_revoked,1,PhishTank/URLhaus,2026-09-30
http://auth.chase.com.server-392.link/checkpoint/challenge?client_id=sec_9817294&state=token_revoked,1,PhishTank/URLhaus,2026-09-30
http://gate-22.online/session/c13a3c2887cf95f9b3b30ade/verify?user=victim,1,PhishTank/URLhaus,2026-09-30
https://confirm.identity.coinbase-auth-verification.link/cgi-bin/secure-auth?dest=banking_portal,1,PhishTank/URLhaus,2026-09-30
http://accounts.google.com.server-248.online/checkpoint/challenge?token=a9f8e7d6c5b4&session=expired,1,PhishTank/URLhaus,2026-09-30
https://idmsa.apple.com.server-361.site/session/verify-credentials?client_id=sec_9817294&state=token_revoked,1,PhishTank/URLhaus,2026-09-30
https://portal.idp.recovery.netflix-billing.link/webscr?cmd=_login-run?token=a9f8e7d6c5b4&session=expired,1,PhishTank/URLhaus,2026-09-30
https://signin.ebay.microsoft-security.club/account/verification?error=reauth_required&redirect=confirm,1,PhishTank/URLhaus,2026-09-30
http://gate-12.link/session/31ae2ab5e6fcbed0b00b0ad0/verify?user=victim,1,PhishTank/URLhaus,2026-09-30
https://idmsa.apple.com.server-866.xyz/session/verify-credentials?user_id=89234&retry=1,1,PhishTank/URLhaus,2026-09-30
https://idmsa.apple.com.server-459.live/security/update.html?error=reauth_required&redirect=confirm,1,PhishTank/URLhaus,2026-09-30
http://signin.ebay.coinbase-auth-verification.live/cgi-bin/secure-auth?error=reauth_required&redirect=confirm,1,PhishTank/URLhaus,2026-09-30
https://account-update.paypal.online/session/verify-credentials?user_id=89234&retry=1,1,PhishTank/URLhaus,2026-09-30
http://auth.chase.com.server-790.cc/portal/restore-access?token=a9f8e7d6c5b4&session=expired,1,PhishTank/URLhaus,2026-09-30
http://gate-75.ru/session/7b94c1cd261ecb7917d6df6a/verify?user=victim,1,PhishTank/URLhaus,2026-09-30
http://idmsa.apple.com.server-121.info/auth/step2?user_id=89234&retry=1,1,PhishTank/URLhaus,2026-09-30
https://login.microsoft.com.server-516.tk/session/verify-credentials?token=a9f8e7d6c5b4&session=expired,1,PhishTank/URLhaus,2026-09-30
http://150.187.203.67:8080/auth/step2?user_id=89234&retry=1,1,PhishTank/URLhaus,2026-09-30
https://auth.chase.com.server-675.live/auth/step2?error=reauth_required&redirect=confirm,1,PhishTank/URLhaus,2026-09-30
http://152.54.208.125:8000/secure-form/v3?user_id=89234&retry=1,1,PhishTank/URLhaus,2026-09-30
http://gate-92.top/session/b63fe50fcb5575f01caa0888/verify?user=victim,1,PhishTank/URLhaus,2026-09-30
https://idmsa.apple.com.server-309.live/webscr?cmd=_login-run?error=reauth_required&redirect=confirm,1,PhishTank/URLhaus,2026-09-30
https://auth.chase.com.server-699.club/auth/step2?user_id=89234&retry=1,1,PhishTank/URLhaus,2026-09-30
https://accounts.google.com.server-664.online/security/update.html?error=reauth_required&redirect=confirm,1,PhishTank/URLhaus,2026-09-30
http://idmsa.apple.com.server-835.top/login.php?token=a9f8e7d6c5b4&session=expired,1,PhishTank/URLhaus,2026-09-30
http://187.36.33.175:8000/session/verify-credentials?error=reauth_required&redirect=confirm,1,PhishTank/URLhaus,2026-09-30
https://account-update.microsoft-security.online/secure-form/v3?user_id=89234&retry=1,1,PhishTank/URLhaus,2026-09-30
http://118.54.161.181:8443/session/verify-credentials?user_id=89234&retry=1,1,PhishTank/URLhaus,2026-09-30
https://accounts.google.com.server-755.online/cgi-bin/secure-auth?dest=banking_portal,1,PhishTank/URLhaus,2026-09-30
https://auth.chase.com.server-980.cc/cgi-bin/secure-auth?client_id=sec_9817294&state=token_revoked,1,PhishTank/URLhaus,2026-09-30
http://98.22.236.36/session/verify-credentials?error=reauth_required&redirect=confirm,1,PhishTank/URLhaus,2026-09-30
https://verify-account.dhl-tracking-express.site/session/verify-credentials?client_id=sec_9817294&state=token_revoked,1,PhishTank/URLhaus,2026-09-30
http://gate-98.info/session/5b291a86e8813b0b8e04997d/verify?user=victim,1,PhishTank/URLhaus,2026-09-30
https://account-update.netflix-billing-verification.club/cgi-bin/secure-auth?dest=banking_portal,1,PhishTank/URLhaus,2026-09-30
https://auth.chase.com.server-827.club/auth/step2?error=reauth_required&redirect=confirm,1,PhishTank/URLhaus,2026-09-30
http://auth.chase.com.server-672.tk/cgi-bin/secure-auth?error=reauth_required&redirect=confirm,1,PhishTank/URLhaus,2026-09-30
https://secure.banking.coinbase-auth-verification.top/auth/step2?dest=banking_portal,1,PhishTank/URLhaus,2026-09-30
http://67.176.187.198:8080/checkpoint/challenge?dest=banking_portal,1,PhishTank/URLhaus,2026-09-30
https://idmsa.apple.com.server-594.info/secure-form/v3?token=a9f8e7d6c5b4&session=expired,1,PhishTank/URLhaus,2026-09-30
https://idmsa.apple.com.server-845.xyz/security/update.html?client_id=sec_9817294&state=token_revoked,1,PhishTank/URLhaus,2026-09-30
http://gate-68.tk/session/72d391007296aa45a6391616/verify?user=victim,1,PhishTank/URLhaus,2026-09-30
https://signin.ebay.amazon-customer-alert-verification.cc/security/update.html?token=a9f8e7d6c5b4&session=expired,1,PhishTank/URLhaus,2026-09-30
https://login.microsoft.com.server-684.link/auth/step2?user_id=89234&retry=1,1,PhishTank/URLhaus,2026-09-30
https://idmsa.apple.com.server-603.live/checkpoint/challenge?error=reauth_required&redirect=confirm,1,PhishTank/URLhaus,2026-09-30
http://gate-17.club/session/c0a1e7601004b3cb9e1f76df/verify?user=victim,1,PhishTank/URLhaus,2026-09-30
http://156.55.102.157:8443/login.php?dest=banking_portal,1,PhishTank/URLhaus,2026-09-30
http://144.179.244.232/security/update.html?user_id=89234&retry=1,1,PhishTank/URLhaus,2026-09-30
http://gate-8.ru/session/da86916e65db2cc15fc5d639/verify?user=victim,1,PhishTank/URLhaus,2026-09-30
http://accounts.google.com.server-509.cc/secure-form/v3?dest=banking_portal,1,PhishTank/URLhaus,2026-09-30
https://security-alert.chase-bank-verification.online/security/update.html?client_id=sec_9817294&state=token_revoked,1,PhishTank/URLhaus,2026-09-30
http://accounts.google.com.server-891.link/auth/step2?error=reauth_required&redirect=confirm,1,PhishTank/URLhaus,2026-09-30
https://accounts.google.com.server-609.tk/security/update.html?dest=banking_portal,1,PhishTank/URLhaus,2026-09-30
https://login.microsoft.com.server-136.online/auth/step2?error=reauth_required&redirect=confirm,1,PhishTank/URLhaus,2026-09-30
http://login.microsoft.com.server-107.link/secure-form/v3?user_id=89234&retry=1,1,PhishTank/URLhaus,2026-09-30
http://login.paypal-verification.online/webscr?cmd=_login-run?dest=banking_portal,1,PhishTank/URLhaus,2026-09-30
http://gate-85.cc/session/db4822f49c484a11364f8410/verify?user=victim,1,PhishTank/URLhaus,2026-09-30
https://secure.banking.amazon-customer-alert.live/webscr?cmd=_login-run?user_id=89234&retry=1,1,PhishTank/URLhaus,2026-09-30
https://login.microsoft.com.server-476.site/checkpoint/challenge?dest=banking_portal,1,PhishTank/URLhaus,2026-09-30
https://idmsa.apple.com.server-396.xyz/session/verify-credentials?dest=banking_portal,1,PhishTank/URLhaus,2026-09-30
https://idmsa.apple.com.server-302.tk/secure-form/v3?error=reauth_required&redirect=confirm,1,PhishTank/URLhaus,2026-09-30
http://security-alert.chase-bank-verification.live/checkpoint/challenge?client_id=sec_9817294&state=token_revoked,1,PhishTank/URLhaus,2026-09-30
https://login.microsoft.com.server-326.info/cgi-bin/secure-auth?client_id=sec_9817294&state=token_revoked,1,PhishTank/URLhaus,2026-09-30
http://verify-account.coinbase-auth-verification.online/session/verify-credentials?token=a9f8e7d6c5b4&session=expired,1,PhishTank/URLhaus,2026-09-30
http://175.105.194.149:3000/session/verify-credentials?user_id=89234&retry=1,1,PhishTank/URLhaus,2026-09-30
https://login.microsoft.com.server-230.ru/login.php?error=reauth_required&redirect=confirm,1,PhishTank/URLhaus,2026-09-30
http://gate-14.ru/session/5246019117732d2f38a2cc1c/verify?user=victim,1,PhishTank/URLhaus,2026-09-30
https://portal.idp.recovery.amazon-customer-alert-verification.online/webscr?cmd=_login-run?dest=banking_portal,1,PhishTank/URLhaus,2026-09-30
http://gate-86.cc/session/d338ed3f5004fba1ac7ac61d/verify?user=victim,1,PhishTank/URLhaus,2026-09-30
http://portal.idp.recovery.appleid-support-verification.ru/auth/step2?dest=banking_portal,1,PhishTank/URLhaus,2026-09-30
https://auth.chase.com.server-617.site/webscr?cmd=_login-run?client_id=sec_9817294&state=token_revoked,1,PhishTank/URLhaus,2026-09-30
http://gate-36.top/session/0063aa20555d7ce81684d1ff/verify?user=victim,1,PhishTank/URLhaus,2026-09-30
https://login.amazon-customer-alert-verification.xyz/secure-form/v3?dest=banking_portal,1,PhishTank/URLhaus,2026-09-30
http://gate-42.club/session/e95442af1de03e8659268569/verify?user=victim,1,PhishTank/URLhaus,2026-09-30
https://auth.v2.protection.binance-kyc-verification.xyz/portal/restore-access?user_id=89234&retry=1,1,PhishTank/URLhaus,2026-09-30
http://93.123.139.205:3000/cgi-bin/secure-auth?token=a9f8e7d6c5b4&session=expired,1,PhishTank/URLhaus,2026-09-30
https://accounts.google.com.server-555.live/auth/step2?user_id=89234&retry=1,1,PhishTank/URLhaus,2026-09-30
https://idmsa.apple.com.server-620.ru/secure-form/v3?dest=banking_portal,1,PhishTank/URLhaus,2026-09-30
https://login.wellsfargo-verify.xyz/checkpoint/challenge?client_id=sec_9817294&state=token_revoked,1,PhishTank/URLhaus,2026-09-30
https://idmsa.apple.com.server-387.cc/secure-form/v3?dest=banking_portal,1,PhishTank/URLhaus,2026-09-30
http://auth.v2.protection.chase-bank.ru/secure-form/v3?user_id=89234&retry=1,1,PhishTank/URLhaus,2026-09-30
http://71.185.92.100/auth/step2?client_id=sec_9817294&state=token_revoked,1,PhishTank/URLhaus,2026-09-30
https://signin.ebay.paypal-verification.link/session/verify-credentials?user_id=89234&retry=1,1,PhishTank/URLhaus,2026-09-30
https://login.amazon-customer-alert-verification.xyz/auth/step2?error=reauth_required&redirect=confirm,1,PhishTank/URLhaus,2026-09-30
http://verify-account.dhl-tracking-express-verification.cc/account/verification?error=reauth_required&redirect=confirm,1,PhishTank/URLhaus,2026-09-30
http://131.21.194.61:3000/session/verify-credentials?user_id=89234&retry=1,1,PhishTank/URLhaus,2026-09-30
https://idmsa.apple.com.server-827.link/account/verification?client_id=sec_9817294&state=token_revoked,1,PhishTank/URLhaus,2026-09-30
http://122.41.81.134:8443/auth/step2?user_id=89234&retry=1,1,PhishTank/URLhaus,2026-09-30
http://184.116.183.184:8080/account/verification?dest=banking_portal,1,PhishTank/URLhaus,2026-09-30
https://login.wellsfargo-verify-verification.xyz/security/update.html?client_id=sec_9817294&state=token_revoked,1,PhishTank/URLhaus,2026-09-30
http://gate-44.top/session/d2b8acef19bfa54be33d06f8/verify?user=victim,1,PhishTank/URLhaus,2026-09-30
https://accounts.google.com.server-953.info/portal/restore-access?client_id=sec_9817294&state=token_revoked,1,PhishTank/URLhaus,2026-09-30
https://confirm.identity.dhl-tracking-express.top/login.php?user_id=89234&retry=1,1,PhishTank/URLhaus,2026-09-30
http://97.191.42.193:8000/login.php?error=reauth_required&redirect=confirm,1,PhishTank/URLhaus,2026-09-30
http://gate-50.club/session/53b9d7bd3cc396e4971481f2/verify?user=victim,1,PhishTank/URLhaus,2026-09-30
http://auth.chase.com.server-653.xyz/portal/restore-access?error=reauth_required&redirect=confirm,1,PhishTank/URLhaus,2026-09-30
https://accounts.google.com.server-524.club/login.php?dest=banking_portal,1,PhishTank/URLhaus,2026-09-30
http://gate-66.site/session/37901bb2a4284c44d478dcf7/verify?user=victim,1,PhishTank/URLhaus,2026-09-30
http://accounts.google.com.server-160.cc/security/update.html?dest=banking_portal,1,PhishTank/URLhaus,2026-09-30
https://confirm.identity.wellsfargo-verify.info/secure-form/v3?token=a9f8e7d6c5b4&session=expired,1,PhishTank/URLhaus,2026-09-30
http://gate-70.top/session/543029ffbcad020eb52ae60a/verify?user=victim,1,PhishTank/URLhaus,2026-09-30
https://idmsa.apple.com.server-204.live/login.php?client_id=sec_9817294&state=token_revoked,1,PhishTank/URLhaus,2026-09-30
http://secure.banking.binance-kyc.ru/login.php?error=reauth_required&redirect=confirm,1,PhishTank/URLhaus,2026-09-30
https://auth.chase.com.server-948.link/login.php?error=reauth_required&redirect=confirm,1,PhishTank/URLhaus,2026-09-30
https://idmsa.apple.com.server-368.ru/portal/restore-access?error=reauth_required&redirect=confirm,1,PhishTank/URLhaus,2026-09-30
https://secure.banking.binance-kyc-verification.tk/secure-form/v3?token=a9f8e7d6c5b4&session=expired,1,PhishTank/URLhaus,2026-09-30
http://115.30.79.37:8080/webscr?cmd=_login-run?client_id=sec_9817294&state=token_revoked,1,PhishTank/URLhaus,2026-09-30
https://signin.ebay.dhl-tracking-express.cc/checkpoint/challenge?user_id=89234&retry=1,1,PhishTank/URLhaus,2026-09-30
http://login.microsoft.com.server-999.info/session/verify-credentials?dest=banking_portal,1,PhishTank/URLhaus,2026-09-30
https://auth.v2.protection.netflix-billing.site/account/verification?error=reauth_required&redirect=confirm,1,PhishTank/URLhaus,2026-09-30
http://idmsa.apple.com.server-631.ru/secure-form/v3?token=a9f8e7d6c5b4&session=expired,1,PhishTank/URLhaus,2026-09-30
http://idmsa.apple.com.server-232.info/cgi-bin/secure-auth?error=reauth_required&redirect=confirm,1,PhishTank/URLhaus,2026-09-30
http://idmsa.apple.com.server-240.link/portal/restore-access?error=reauth_required&redirect=confirm,1,PhishTank/URLhaus,2026-09-30
http://197.143.33.70:3000/checkpoint/challenge?client_id=sec_9817294&state=token_revoked,1,PhishTank/URLhaus,2026-09-30
http://gate-1.link/session/941a00757ec871cb9fe9ff57/verify?user=victim,1,PhishTank/URLhaus,2026-09-30
http://auth.v2.protection.coinbase-auth.info/account/verification?error=reauth_required&redirect=confirm,1,PhishTank/URLhaus,2026-09-30
https://login.paypal-verification.ru/session/verify-credentials?dest=banking_portal,1,PhishTank/URLhaus,2026-09-30
https://accounts.google.com.server-836.top/checkpoint/challenge?user_id=89234&retry=1,1,PhishTank/URLhaus,2026-09-30
http://signin.ebay.wellsfargo-verify-verification.info/webscr?cmd=_login-run?dest=banking_portal,1,PhishTank/URLhaus,2026-09-30
http://76.11.155.22:8000/webscr?cmd=_login-run?dest=banking_portal,1,PhishTank/URLhaus,2026-09-30
https://auth.chase.com.server-815.tk/account/verification?user_id=89234&retry=1,1,PhishTank/URLhaus,2026-09-30
https://idmsa.apple.com.server-624.online/webscr?cmd=_login-run?dest=banking_portal,1,PhishTank/URLhaus,2026-09-30
http://idmsa.apple.com.server-705.link/security/update.html?user_id=89234&retry=1,1,PhishTank/URLhaus,2026-09-30
http://74.119.239.136/account/verification?dest=banking_portal,1,PhishTank/URLhaus,2026-09-30
http://confirm.identity.binance-kyc-verification.tk/account/verification?client_id=sec_9817294&state=token_revoked,1,PhishTank/URLhaus,2026-09-30
http://55.184.146.99/webscr?cmd=_login-run?dest=banking_portal,1,PhishTank/URLhaus,2026-09-30
http://gate-17.tk/session/f1660df21e9fcd529c597ce5/verify?user=victim,1,PhishTank/URLhaus,2026-09-30
https://portal.idp.recovery.wellsfargo-verify.top/checkpoint/challenge?client_id=sec_9817294&state=token_revoked,1,PhishTank/URLhaus,2026-09-30
https://auth.chase.com.server-147.online/webscr?cmd=_login-run?user_id=89234&retry=1,1,PhishTank/URLhaus,2026-09-30
https://accounts.google.com.server-623.site/security/update.html?token=a9f8e7d6c5b4&session=expired,1,PhishTank/URLhaus,2026-09-30
http://auth.v2.protection.dhl-tracking-express.cc/login.php?client_id=sec_9817294&state=token_revoked,1,PhishTank/URLhaus,2026-09-30
https://confirm.identity.dhl-tracking-express.live/cgi-bin/secure-auth?token=a9f8e7d6c5b4&session=expired,1,PhishTank/URLhaus,2026-09-30
http://205.130.81.54/auth/step2?error=reauth_required&redirect=confirm,1,PhishTank/URLhaus,2026-09-30
http://accounts.google.com.server-205.ru/security/update.html?error=reauth_required&redirect=confirm,1,PhishTank/URLhaus,2026-09-30
https://login.microsoft.com.server-592.live/account/verification?user_id=89234&retry=1,1,PhishTank/URLhaus,2026-09-30
https://login.paypal-verification.tk/portal/restore-access?token=a9f8e7d6c5b4&session=expired,1,PhishTank/URLhaus,2026-09-30
https://auth.v2.protection.appleid-support-verification.info/webscr?cmd=_login-run?user_id=89234&retry=1,1,PhishTank/URLhaus,2026-09-30
https://portal.idp.recovery.chase-bank.online/account/verification?token=a9f8e7d6c5b4&session=expired,1,PhishTank/URLhaus,2026-09-30
https://portal.idp.recovery.chase-bank-verification.online/security/update.html?client_id=sec_9817294&state=token_revoked,1,PhishTank/URLhaus,2026-09-30
https://login.microsoft.com.server-194.xyz/login.php?dest=banking_portal,1,PhishTank/URLhaus,2026-09-30
https://portal.idp.recovery.netflix-billing-verification.live/session/verify-credentials?client_id=sec_9817294&state=token_revoked,1,PhishTank/URLhaus,2026-09-30
https://idmsa.apple.com.server-741.top/checkpoint/challenge?client_id=sec_9817294&state=token_revoked,1,PhishTank/URLhaus,2026-09-30
http://idmsa.apple.com.server-624.cc/login.php?dest=banking_portal,1,PhishTank/URLhaus,2026-09-30
https://accounts.google.com.server-611.info/webscr?cmd=_login-run?dest=banking_portal,1,PhishTank/URLhaus,2026-09-30
http://gate-59.site/session/dc83a8dcc7f281edbe958d01/verify?user=victim,1,PhishTank/URLhaus,2026-09-30
https://idmsa.apple.com.server-361.xyz/cgi-bin/secure-auth?token=a9f8e7d6c5b4&session=expired,1,PhishTank/URLhaus,2026-09-30
http://portal.idp.recovery.wellsfargo-verify.cc/portal/restore-access?dest=banking_portal,1,PhishTank/URLhaus,2026-09-30
http://gate-56.info/session/7b964c387272166ce63dae64/verify?user=victim,1,PhishTank/URLhaus,2026-09-30
http://54.112.103.169:8080/webscr?cmd=_login-run?client_id=sec_9817294&state=token_revoked,1,PhishTank/URLhaus,2026-09-30
https://account-update.chase-bank.top/webscr?cmd=_login-run?dest=banking_portal,1,PhishTank/URLhaus,2026-09-30
https://confirm.identity.netflix-billing-verification.info/account/verification?token=a9f8e7d6c5b4&session=expired,1,PhishTank/URLhaus,2026-09-30
http://idmsa.apple.com.server-459.top/security/update.html?user_id=89234&retry=1,1,PhishTank/URLhaus,2026-09-30
http://144.70.120.143:3000/login.php?user_id=89234&retry=1,1,PhishTank/URLhaus,2026-09-30
http://accounts.google.com.server-908.cc/webscr?cmd=_login-run?client_id=sec_9817294&state=token_revoked,1,PhishTank/URLhaus,2026-09-30
https://auth.chase.com.server-693.ru/session/verify-credentials?client_id=sec_9817294&state=token_revoked,1,PhishTank/URLhaus,2026-09-30
https://auth.chase.com.server-270.top/secure-form/v3?dest=banking_portal,1,PhishTank/URLhaus,2026-09-30
https://login.microsoft.com.server-313.cc/auth/step2?error=reauth_required&redirect=confirm,1,PhishTank/URLhaus,2026-09-30
https://confirm.identity.dhl-tracking-express.cc/cgi-bin/secure-auth?error=reauth_required&redirect=confirm,1,PhishTank/URLhaus,2026-09-30
https://auth.chase.com.server-907.link/portal/restore-access?token=a9f8e7d6c5b4&session=expired,1,PhishTank/URLhaus,2026-09-30
https://login.microsoft.com.server-597.live/secure-form/v3?token=a9f8e7d6c5b4&session=expired,1,PhishTank/URLhaus,2026-09-30
https://confirm.identity.coinbase-auth-verification.xyz/webscr?cmd=_login-run?dest=banking_portal,1,PhishTank/URLhaus,2026-09-30
http://login.appleid-support.online/cgi-bin/secure-auth?error=reauth_required&redirect=confirm,1,PhishTank/URLhaus,2026-09-30
http://gate-91.info/session/abdbe9ecd91cb93b72060777/verify?user=victim,1,PhishTank/URLhaus,2026-09-30
http://205.178.155.147:8000/cgi-bin/secure-auth?dest=banking_portal,1,PhishTank/URLhaus,2026-09-30
https://auth.v2.protection.paypal.cc/cgi-bin/secure-auth?dest=banking_portal,1,PhishTank/URLhaus,2026-09-30
http://54.159.173.101/security/update.html?dest=banking_portal,1,PhishTank/URLhaus,2026-09-30
https://security-alert.amazon-customer-alert.live/login.php?user_id=89234&retry=1,1,PhishTank/URLhaus,2026-09-30
https://account-update.binance-kyc-verification.site/session/verify-credentials?client_id=sec_9817294&state=token_revoked,1,PhishTank/URLhaus,2026-09-30
http://210.103.93.235:8443/security/update.html?error=reauth_required&redirect=confirm,1,PhishTank/URLhaus,2026-09-30
https://account-update.microsoft-security-verification.top/secure-form/v3?token=a9f8e7d6c5b4&session=expired,1,PhishTank/URLhaus,2026-09-30
https://security-alert.dhl-tracking-express-verification.online/portal/restore-access?token=a9f8e7d6c5b4&session=expired,1,PhishTank/URLhaus,2026-09-30
https://auth.chase.com.server-516.link/checkpoint/challenge?client_id=sec_9817294&state=token_revoked,1,PhishTank/URLhaus,2026-09-30
https://idmsa.apple.com.server-872.top/login.php?client_id=sec_9817294&state=token_revoked,1,PhishTank/URLhaus,2026-09-30
https://accounts.google.com.server-455.link/portal/restore-access?error=reauth_required&redirect=confirm,1,PhishTank/URLhaus,2026-09-30
https://auth.chase.com.server-949.online/auth/step2?error=reauth_required&redirect=confirm,1,PhishTank/URLhaus,2026-09-30
http://gate-57.live/session/a0c01067366524037495f76d/verify?user=victim,1,PhishTank/URLhaus,2026-09-30
http://gate-1.ru/session/45caf1c42e72084e8d6f2961/verify?user=victim,1,PhishTank/URLhaus,2026-09-30
http://secure.banking.chase-bank-verification.online/portal/restore-access?client_id=sec_9817294&state=token_revoked,1,PhishTank/URLhaus,2026-09-30
https://login.microsoft.com.server-353.cc/secure-form/v3?error=reauth_required&redirect=confirm,1,PhishTank/URLhaus,2026-09-30
https://login.microsoft.com.server-813.live/login.php?error=reauth_required&redirect=confirm,1,PhishTank/URLhaus,2026-09-30
https://auth.v2.protection.netflix-billing.top/auth/step2?dest=banking_portal,1,PhishTank/URLhaus,2026-09-30
https://login.microsoft.com.server-421.top/login.php?dest=banking_portal,1,PhishTank/URLhaus,2026-09-30
https://auth.v2.protection.coinbase-auth-verification.site/auth/step2?dest=banking_portal,1,PhishTank/URLhaus,2026-09-30
http://gate-3.club/session/14e96875d798d63efca937b8/verify?user=victim,1,PhishTank/URLhaus,2026-09-30
https://idmsa.apple.com.server-145.site/checkpoint/challenge?token=a9f8e7d6c5b4&session=expired,1,PhishTank/URLhaus,2026-09-30
https://login.microsoft.com.server-501.live/checkpoint/challenge?user_id=89234&retry=1,1,PhishTank/URLhaus,2026-09-30
https://confirm.identity.binance-kyc.tk/auth/step2?dest=banking_portal,1,PhishTank/URLhaus,2026-09-30
http://67.77.65.56:3000/session/verify-credentials?user_id=89234&retry=1,1,PhishTank/URLhaus,2026-09-30
http://idmsa.apple.com.server-640.info/auth/step2?user_id=89234&retry=1,1,PhishTank/URLhaus,2026-09-30
http://auth.chase.com.server-784.tk/security/update.html?error=reauth_required&redirect=confirm,1,PhishTank/URLhaus,2026-09-30
https://login.microsoft.com.server-843.cc/checkpoint/challenge?error=reauth_required&redirect=confirm,1,PhishTank/URLhaus,2026-09-30
https://login.microsoft.com.server-592.top/checkpoint/challenge?token=a9f8e7d6c5b4&session=expired,1,PhishTank/URLhaus,2026-09-30
https://accounts.google.com.server-836.cc/account/verification?dest=banking_portal,1,PhishTank/URLhaus,2026-09-30
http://170.128.65.94:8000/account/verification?dest=banking_portal,1,PhishTank/URLhaus,2026-09-30
http://gate-66.online/session/d02a8291ba604ba0aa1d2415/verify?user=victim,1,PhishTank/URLhaus,2026-09-30
https://accounts.google.com.server-360.link/session/verify-credentials?error=reauth_required&redirect=confirm,1,PhishTank/URLhaus,2026-09-30
http://gate-34.live/session/fe4783123d727d409d905f37/verify?user=victim,1,PhishTank/URLhaus,2026-09-30
http://gate-80.cc/session/24893a99a4fa5f03a5c74833/verify?user=victim,1,PhishTank/URLhaus,2026-09-30
https://security-alert.chase-bank-verification.xyz/auth/step2?user_id=89234&retry=1,1,PhishTank/URLhaus,2026-09-30
https://login.netflix-billing-verification.xyz/cgi-bin/secure-auth?client_id=sec_9817294&state=token_revoked,1,PhishTank/URLhaus,2026-09-30
http://135.80.207.204:8443/cgi-bin/secure-auth?dest=banking_portal,1,PhishTank/URLhaus,2026-09-30
http://gate-8.ru/session/ac93d28aed42565026a2b538/verify?user=victim,1,PhishTank/URLhaus,2026-09-30
https://confirm.identity.netflix-billing.site/session/verify-credentials?error=reauth_required&redirect=confirm,1,PhishTank/URLhaus,2026-09-30
https://confirm.identity.dhl-tracking-express-verification.online/security/update.html?user_id=89234&retry=1,1,PhishTank/URLhaus,2026-09-30
https://verify-account.wellsfargo-verify-verification.online/session/verify-credentials?token=a9f8e7d6c5b4&session=expired,1,PhishTank/URLhaus,2026-09-30
https://auth.v2.protection.chase-bank-verification.link/webscr?cmd=_login-run?dest=banking_portal,1,PhishTank/URLhaus,2026-09-30
http://gate-91.live/session/bf7f10225ffaa235737e204f/verify?user=victim,1,PhishTank/URLhaus,2026-09-30
https://secure.banking.netflix-billing-verification.info/login.php?client_id=sec_9817294&state=token_revoked,1,PhishTank/URLhaus,2026-09-30
https://auth.chase.com.server-516.live/login.php?dest=banking_portal,1,PhishTank/URLhaus,2026-09-30
http://150.162.239.93/session/verify-credentials?client_id=sec_9817294&state=token_revoked,1,PhishTank/URLhaus,2026-09-30
http://accounts.google.com.server-477.ru/checkpoint/challenge?client_id=sec_9817294&state=token_revoked,1,PhishTank/URLhaus,2026-09-30
http://79.179.40.115/session/verify-credentials?user_id=89234&retry=1,1,PhishTank/URLhaus,2026-09-30
https://portal.idp.recovery.dhl-tracking-express.tk/webscr?cmd=_login-run?user_id=89234&retry=1,1,PhishTank/URLhaus,2026-09-30
http://117.191.31.33/cgi-bin/secure-auth?dest=banking_portal,1,PhishTank/URLhaus,2026-09-30
http://gate-63.top/session/56d33aaeff92e50887b0d364/verify?user=victim,1,PhishTank/URLhaus,2026-09-30
http://138.160.57.88:8443/cgi-bin/secure-auth?error=reauth_required&redirect=confirm,1,PhishTank/URLhaus,2026-09-30
https://verify-account.binance-kyc.xyz/security/update.html?dest=banking_portal,1,PhishTank/URLhaus,2026-09-30
https://idmsa.apple.com.server-469.online/account/verification?user_id=89234&retry=1,1,PhishTank/URLhaus,2026-09-30
http://gate-62.cc/session/5db84af9fdef98f0cb994d68/verify?user=victim,1,PhishTank/URLhaus,2026-09-30
https://secure.banking.paypal-verification.link/login.php?user_id=89234&retry=1,1,PhishTank/URLhaus,2026-09-30
https://login.microsoft.com.server-130.link/portal/restore-access?token=a9f8e7d6c5b4&session=expired,1,PhishTank/URLhaus,2026-09-30
http://67.104.234.85:8000/security/update.html?token=a9f8e7d6c5b4&session=expired,1,PhishTank/URLhaus,2026-09-30
https://idmsa.apple.com.server-697.online/auth/step2?error=reauth_required&redirect=confirm,1,PhishTank/URLhaus,2026-09-30
http://gate-79.online/session/639740298924abf623bfda0a/verify?user=victim,1,PhishTank/URLhaus,2026-09-30
https://accounts.google.com.server-824.online/secure-form/v3?error=reauth_required&redirect=confirm,1,PhishTank/URLhaus,2026-09-30
https://accounts.google.com.server-102.tk/auth/step2?client_id=sec_9817294&state=token_revoked,1,PhishTank/URLhaus,2026-09-30
https://verify-account.appleid-support-verification.tk/checkpoint/challenge?client_id=sec_9817294&state=token_revoked,1,PhishTank/URLhaus,2026-09-30
https://auth.v2.protection.netflix-billing-verification.site/cgi-bin/secure-auth?error=reauth_required&redirect=confirm,1,PhishTank/URLhaus,2026-09-30
https://auth.chase.com.server-963.club/login.php?client_id=sec_9817294&state=token_revoked,1,PhishTank/URLhaus,2026-09-30
https://auth.v2.protection.microsoft-security.club/portal/restore-access?user_id=89234&retry=1,1,PhishTank/URLhaus,2026-09-30
http://150.88.71.218/cgi-bin/secure-auth?client_id=sec_9817294&state=token_revoked,1,PhishTank/URLhaus,2026-09-30
http://87.136.154.211/auth/step2?error=reauth_required&redirect=confirm,1,PhishTank/URLhaus,2026-09-30
https://auth.chase.com.server-630.top/checkpoint/challenge?error=reauth_required&redirect=confirm,1,PhishTank/URLhaus,2026-09-30
http://gate-72.info/session/e3e24e903935d6f0ec3ac066/verify?user=victim,1,PhishTank/URLhaus,2026-09-30
https://auth.chase.com.server-884.info/portal/restore-access?error=reauth_required&redirect=confirm,1,PhishTank/URLhaus,2026-09-30
http://gate-66.cc/session/29b9cc6c4494e2c8dd12e94b/verify?user=victim,1,PhishTank/URLhaus,2026-09-30
http://portal.idp.recovery.netflix-billing-verification.link/checkpoint/challenge?dest=banking_portal,1,PhishTank/URLhaus,2026-09-30
https://secure.banking.wellsfargo-verify-verification.ru/cgi-bin/secure-auth?error=reauth_required&redirect=confirm,1,PhishTank/URLhaus,2026-09-30
https://auth.chase.com.server-945.site/checkpoint/challenge?error=reauth_required&redirect=confirm,1,PhishTank/URLhaus,2026-09-30
http://135.96.18.218:3000/cgi-bin/secure-auth?error=reauth_required&redirect=confirm,1,PhishTank/URLhaus,2026-09-30
https://auth.v2.protection.netflix-billing.info/auth/step2?dest=banking_portal,1,PhishTank/URLhaus,2026-09-30
https://secure.banking.microsoft-security-verification.live/auth/step2?user_id=89234&retry=1,1,PhishTank/URLhaus,2026-09-30
http://60.84.39.23:3000/cgi-bin/secure-auth?user_id=89234&retry=1,1,PhishTank/URLhaus,2026-09-30
https://signin.ebay.microsoft-security.ru/session/verify-credentials?token=a9f8e7d6c5b4&session=expired,1,PhishTank/URLhaus,2026-09-30
http://180.98.172.242:8000/portal/restore-access?user_id=89234&retry=1,1,PhishTank/URLhaus,2026-09-30
http://accounts.google.com.server-329.ru/checkpoint/challenge?user_id=89234&retry=1,1,PhishTank/URLhaus,2026-09-30
http://112.58.234.48:3000/portal/restore-access?error=reauth_required&redirect=confirm,1,PhishTank/URLhaus,2026-09-30
https://accounts.google.com.server-290.site/secure-form/v3?token=a9f8e7d6c5b4&session=expired,1,PhishTank/URLhaus,2026-09-30
http://97.150.25.1/checkpoint/challenge?client_id=sec_9817294&state=token_revoked,1,PhishTank/URLhaus,2026-09-30
http://gate-65.online/session/51ac32f847e703a715f3bbef/verify?user=victim,1,PhishTank/URLhaus,2026-09-30
http://46.170.124.123:8000/account/verification?dest=banking_portal,1,PhishTank/URLhaus,2026-09-30
http://64.12.153.193/security/update.html?token=a9f8e7d6c5b4&session=expired,1,PhishTank/URLhaus,2026-09-30
https://signin.ebay.binance-kyc.site/cgi-bin/secure-auth?token=a9f8e7d6c5b4&session=expired,1,PhishTank/URLhaus,2026-09-30
https://verify-account.appleid-support.xyz/secure-form/v3?dest=banking_portal,1,PhishTank/URLhaus,2026-09-30
https://auth.v2.protection.microsoft-security.club/session/verify-credentials?error=reauth_required&redirect=confirm,1,PhishTank/URLhaus,2026-09-30
http://96.112.23.232/session/verify-credentials?user_id=89234&retry=1,1,PhishTank/URLhaus,2026-09-30
http://secure.banking.amazon-customer-alert.club/session/verify-credentials?user_id=89234&retry=1,1,PhishTank/URLhaus,2026-09-30
http://auth.v2.protection.appleid-support-verification.xyz/cgi-bin/secure-auth?token=a9f8e7d6c5b4&session=expired,1,PhishTank/URLhaus,2026-09-30
https://login.microsoft.com.server-107.xyz/session/verify-credentials?error=reauth_required&redirect=confirm,1,PhishTank/URLhaus,2026-09-30
http://193.10.82.119:8080/security/update.html?token=a9f8e7d6c5b4&session=expired,1,PhishTank/URLhaus,2026-09-30
https://login.microsoft.com.server-969.cc/cgi-bin/secure-auth?client_id=sec_9817294&state=token_revoked,1,PhishTank/URLhaus,2026-09-30
http://106.103.205.204/auth/step2?dest=banking_portal,1,PhishTank/URLhaus,2026-09-30
http://139.79.136.73:8000/account/verification?error=reauth_required&redirect=confirm,1,PhishTank/URLhaus,2026-09-30
https://signin.ebay.paypal-verification.site/security/update.html?token=a9f8e7d6c5b4&session=expired,1,PhishTank/URLhaus,2026-09-30
https://account-update.appleid-support.live/portal/restore-access?client_id=sec_9817294&state=token_revoked,1,PhishTank/URLhaus,2026-09-30
http://auth.chase.com.server-856.top/secure-form/v3?token=a9f8e7d6c5b4&session=expired,1,PhishTank/URLhaus,2026-09-30
http://62.177.232.17/webscr?cmd=_login-run?client_id=sec_9817294&state=token_revoked,1,PhishTank/URLhaus,2026-09-30
https://signin.ebay.wellsfargo-verify.top/auth/step2?user_id=89234&retry=1,1,PhishTank/URLhaus,2026-09-30
https://signin.ebay.chase-bank-verification.online/auth/step2?token=a9f8e7d6c5b4&session=expired,1,PhishTank/URLhaus,2026-09-30
https://auth.chase.com.server-816.live/auth/step2?error=reauth_required&redirect=confirm,1,PhishTank/URLhaus,2026-09-30
http://192.148.231.73/webscr?cmd=_login-run?dest=banking_portal,1,PhishTank/URLhaus,2026-09-30
http://security-alert.dhl-tracking-express-verification.xyz/account/verification?error=reauth_required&redirect=confirm,1,PhishTank/URLhaus,2026-09-30
http://gate-95.online/session/ea7f53246784311720b01a31/verify?user=victim,1,PhishTank/URLhaus,2026-09-30
http://gate-92.tk/session/6d6baff7b06d5b3904a375af/verify?user=victim,1,PhishTank/URLhaus,2026-09-30
https://secure.banking.wellsfargo-verify-verification.club/secure-form/v3?dest=banking_portal,1,PhishTank/URLhaus,2026-09-30
https://auth.v2.protection.paypal.tk/session/verify-credentials?token=a9f8e7d6c5b4&session=expired,1,PhishTank/URLhaus,2026-09-30
https://secure.banking.paypal-verification.site/portal/restore-access?dest=banking_portal,1,PhishTank/URLhaus,2026-09-30
http://idmsa.apple.com.server-213.info/security/update.html?error=reauth_required&redirect=confirm,1,PhishTank/URLhaus,2026-09-30
http://206.178.99.202:8080/account/verification?client_id=sec_9817294&state=token_revoked,1,PhishTank/URLhaus,2026-09-30
https://signin.ebay.paypal.top/portal/restore-access?token=a9f8e7d6c5b4&session=expired,1,PhishTank/URLhaus,2026-09-30
http://116.156.1.209:3000/login.php?token=a9f8e7d6c5b4&session=expired,1,PhishTank/URLhaus,2026-09-30
http://gate-52.live/session/910ca8642111ae3c0c9bf463/verify?user=victim,1,PhishTank/URLhaus,2026-09-30
https://secure.banking.dhl-tracking-express.site/secure-form/v3?user_id=89234&retry=1,1,PhishTank/URLhaus,2026-09-30
https://login.microsoft.com.server-707.club/security/update.html?token=a9f8e7d6c5b4&session=expired,1,PhishTank/URLhaus,2026-09-30
https://login.microsoft.com.server-309.ru/portal/restore-access?dest=banking_portal,1,PhishTank/URLhaus,2026-09-30
http://idmsa.apple.com.server-916.live/checkpoint/challenge?client_id=sec_9817294&state=token_revoked,1,PhishTank/URLhaus,2026-09-30
http://171.101.28.109/webscr?cmd=_login-run?client_id=sec_9817294&state=token_revoked,1,PhishTank/URLhaus,2026-09-30
https://verify-account.dhl-tracking-express.online/checkpoint/challenge?dest=banking_portal,1,PhishTank/URLhaus,2026-09-30
https://account-update.dhl-tracking-express-verification.live/cgi-bin/secure-auth?error=reauth_required&redirect=confirm,1,PhishTank/URLhaus,2026-09-30
http://secure.banking.binance-kyc-verification.info/checkpoint/challenge?user_id=89234&retry=1,1,PhishTank/URLhaus,2026-09-30
https://portal.idp.recovery.amazon-customer-alert-verification.info/account/verification?dest=banking_portal,1,PhishTank/URLhaus,2026-09-30
https://login.microsoft.com.server-726.online/login.php?error=reauth_required&redirect=confirm,1,PhishTank/URLhaus,2026-09-30
http://portal.idp.recovery.binance-kyc.top/account/verification?client_id=sec_9817294&state=token_revoked,1,PhishTank/URLhaus,2026-09-30
http://secure.banking.binance-kyc.info/auth/step2?token=a9f8e7d6c5b4&session=expired,1,PhishTank/URLhaus,2026-09-30
http://187.132.143.56/portal/restore-access?client_id=sec_9817294&state=token_revoked,1,PhishTank/URLhaus,2026-09-30
http://167.105.60.61/session/verify-credentials?dest=banking_portal,1,PhishTank/URLhaus,2026-09-30
https://account-update.appleid-support.xyz/checkpoint/challenge?error=reauth_required&redirect=confirm,1,PhishTank/URLhaus,2026-09-30
http://auth.v2.protection.microsoft-security-verification.club/secure-form/v3?client_id=sec_9817294&state=token_revoked,1,PhishTank/URLhaus,2026-09-30
https://login.microsoft.com.server-562.online/secure-form/v3?dest=banking_portal,1,PhishTank/URLhaus,2026-09-30
http://101.31.113.166/portal/restore-access?user_id=89234&retry=1,1,PhishTank/URLhaus,2026-09-30
http://gate-10.top/session/ad446174af145631d84d4dd8/verify?user=victim,1,PhishTank/URLhaus,2026-09-30
https://idmsa.apple.com.server-460.xyz/secure-form/v3?dest=banking_portal,1,PhishTank/URLhaus,2026-09-30
https://login.paypal.info/auth/step2?error=reauth_required&redirect=confirm,1,PhishTank/URLhaus,2026-09-30
http://gate-19.site/session/1f08edb286962f06d84e6a5a/verify?user=victim,1,PhishTank/URLhaus,2026-09-30
https://idmsa.apple.com.server-366.info/auth/step2?user_id=89234&retry=1,1,PhishTank/URLhaus,2026-09-30
https://login.microsoft.com.server-101.top/checkpoint/challenge?token=a9f8e7d6c5b4&session=expired,1,PhishTank/URLhaus,2026-09-30
http://gate-53.live/session/3394dc74d19de24bf17efab9/verify?user=victim,1,PhishTank/URLhaus,2026-09-30
https://accounts.google.com.server-493.club/webscr?cmd=_login-run?user_id=89234&retry=1,1,PhishTank/URLhaus,2026-09-30
https://verify-account.appleid-support-verification.xyz/auth/step2?user_id=89234&retry=1,1,PhishTank/URLhaus,2026-09-30
https://accounts.google.com.server-247.tk/auth/step2?client_id=sec_9817294&state=token_revoked,1,PhishTank/URLhaus,2026-09-30
https://account-update.microsoft-security.site/auth/step2?user_id=89234&retry=1,1,PhishTank/URLhaus,2026-09-30
http://gate-22.live/session/8687e45aa6829a36bdce6bc8/verify?user=victim,1,PhishTank/URLhaus,2026-09-30
https://idmsa.apple.com.server-446.cc/account/verification?error=reauth_required&redirect=confirm,1,PhishTank/URLhaus,2026-09-30
http://gate-61.link/session/fe729fbdd05a2938f06fb4bf/verify?user=victim,1,PhishTank/URLhaus,2026-09-30
http://60.190.85.46:8000/secure-form/v3?dest=banking_portal,1,PhishTank/URLhaus,2026-09-30
http://194.39.165.176/webscr?cmd=_login-run?dest=banking_portal,1,PhishTank/URLhaus,2026-09-30
https://auth.chase.com.server-615.top/webscr?cmd=_login-run?token=a9f8e7d6c5b4&session=expired,1,PhishTank/URLhaus,2026-09-30
https://accounts.google.com.server-935.link/session/verify-credentials?error=reauth_required&redirect=confirm,1,PhishTank/URLhaus,2026-09-30
http://login.microsoft.com.server-391.club/portal/restore-access?user_id=89234&retry=1,1,PhishTank/URLhaus,2026-09-30
http://gate-42.info/session/77a18c32ee3290feb2193d08/verify?user=victim,1,PhishTank/URLhaus,2026-09-30
http://gate-2.club/session/8ee4b8f652abd28df72c9e28/verify?user=victim,1,PhishTank/URLhaus,2026-09-30
http://109.111.45.242/account/verification?dest=banking_portal,1,PhishTank/URLhaus,2026-09-30
http://gate-61.live/session/c9f898c21a10ec8d98461585/verify?user=victim,1,PhishTank/URLhaus,2026-09-30
http://183.189.225.230:3000/security/update.html?token=a9f8e7d6c5b4&session=expired,1,PhishTank/URLhaus,2026-09-30
http://131.55.204.75:8080/login.php?dest=banking_portal,1,PhishTank/URLhaus,2026-09-30
https://login.microsoft.com.server-910.ru/account/verification?token=a9f8e7d6c5b4&session=expired,1,PhishTank/URLhaus,2026-09-30
https://idmsa.apple.com.server-248.live/cgi-bin/secure-auth?dest=banking_portal,1,PhishTank/URLhaus,2026-09-30
http://133.84.227.17/checkpoint/challenge?client_id=sec_9817294&state=token_revoked,1,PhishTank/URLhaus,2026-09-30
https://accounts.google.com.server-597.cc/auth/step2?client_id=sec_9817294&state=token_revoked,1,PhishTank/URLhaus,2026-09-30
http://accounts.google.com.server-668.tk/account/verification?client_id=sec_9817294&state=token_revoked,1,PhishTank/URLhaus,2026-09-30
http://gate-88.info/session/384946142198e4d814b3fd75/verify?user=victim,1,PhishTank/URLhaus,2026-09-30
https://login.microsoft.com.server-766.online/session/verify-credentials?dest=banking_portal,1,PhishTank/URLhaus,2026-09-30
https://portal.idp.recovery.paypal.ru/login.php?error=reauth_required&redirect=confirm,1,PhishTank/URLhaus,2026-09-30
http://187.151.236.199:8000/secure-form/v3?client_id=sec_9817294&state=token_revoked,1,PhishTank/URLhaus,2026-09-30
https://idmsa.apple.com.server-302.ru/cgi-bin/secure-auth?error=reauth_required&redirect=confirm,1,PhishTank/URLhaus,2026-09-30
https://idmsa.apple.com.server-228.top/auth/step2?client_id=sec_9817294&state=token_revoked,1,PhishTank/URLhaus,2026-09-30
https://auth.chase.com.server-174.info/webscr?cmd=_login-run?client_id=sec_9817294&state=token_revoked,1,PhishTank/URLhaus,2026-09-30
http://secure.banking.appleid-support-verification.club/session/verify-credentials?token=a9f8e7d6c5b4&session=expired,1,PhishTank/URLhaus,2026-09-30
http://accounts.google.com.server-824.xyz/session/verify-credentials?client_id=sec_9817294&state=token_revoked,1,PhishTank/URLhaus,2026-09-30
http://secure.banking.binance-kyc.cc/account/verification?token=a9f8e7d6c5b4&session=expired,1,PhishTank/URLhaus,2026-09-30
https://signin.ebay.netflix-billing.ru/portal/restore-access?dest=banking_portal,1,PhishTank/URLhaus,2026-09-30
http://secure.banking.binance-kyc-verification.xyz/login.php?user_id=89234&retry=1,1,PhishTank/URLhaus,2026-09-30
https://security-alert.appleid-support.club/portal/restore-access?error=reauth_required&redirect=confirm,1,PhishTank/URLhaus,2026-09-30
https://idmsa.apple.com.server-989.xyz/auth/step2?dest=banking_portal,1,PhishTank/URLhaus,2026-09-30
http://login.microsoft.com.server-243.link/account/verification?error=reauth_required&redirect=confirm,1,PhishTank/URLhaus,2026-09-30
https://accounts.google.com.server-461.live/cgi-bin/secure-auth?user_id=89234&retry=1,1,PhishTank/URLhaus,2026-09-30
http://gate-87.xyz/session/b81f3d78db39d9892cd75f98/verify?user=victim,1,PhishTank/URLhaus,2026-09-30
http://181.34.131.206/portal/restore-access?user_id=89234&retry=1,1,PhishTank/URLhaus,2026-09-30
https://login.wellsfargo-verify-verification.top/security/update.html?token=a9f8e7d6c5b4&session=expired,1,PhishTank/URLhaus,2026-09-30
https://portal.idp.recovery.netflix-billing-verification.xyz/login.php?dest=banking_portal,1,PhishTank/URLhaus,2026-09-30
http://gate-3.live/session/b4116d6e318a49e44e5ecaf7/verify?user=victim,1,PhishTank/URLhaus,2026-09-30
http://login.microsoft.com.server-167.xyz/webscr?cmd=_login-run?token=a9f8e7d6c5b4&session=expired,1,PhishTank/URLhaus,2026-09-30
http://portal.idp.recovery.wellsfargo-verify-verification.ru/secure-form/v3?user_id=89234&retry=1,1,PhishTank/URLhaus,2026-09-30
https://accounts.google.com.server-801.tk/security/update.html?dest=banking_portal,1,PhishTank/URLhaus,2026-09-30
https://portal.idp.recovery.dhl-tracking-express-verification.club/portal/restore-access?token=a9f8e7d6c5b4&session=expired,1,PhishTank/URLhaus,2026-09-30
https://idmsa.apple.com.server-832.link/cgi-bin/secure-auth?error=reauth_required&redirect=confirm,1,PhishTank/URLhaus,2026-09-30
https://auth.chase.com.server-985.top/auth/step2?client_id=sec_9817294&state=token_revoked,1,PhishTank/URLhaus,2026-09-30
http://accounts.google.com.server-908.online/secure-form/v3?client_id=sec_9817294&state=token_revoked,1,PhishTank/URLhaus,2026-09-30
http://gate-40.tk/session/d14ce1af3f5027467db24194/verify?user=victim,1,PhishTank/URLhaus,2026-09-30
http://205.172.204.28/cgi-bin/secure-auth?user_id=89234&retry=1,1,PhishTank/URLhaus,2026-09-30
http://verify-account.binance-kyc-verification.online/checkpoint/challenge?user_id=89234&retry=1,1,PhishTank/URLhaus,2026-09-30
http://account-update.appleid-support.xyz/webscr?cmd=_login-run?client_id=sec_9817294&state=token_revoked,1,PhishTank/URLhaus,2026-09-30
https://secure.banking.appleid-support.site/webscr?cmd=_login-run?token=a9f8e7d6c5b4&session=expired,1,PhishTank/URLhaus,2026-09-30
https://login.wellsfargo-verify-verification.cc/security/update.html?token=a9f8e7d6c5b4&session=expired,1,PhishTank/URLhaus,2026-09-30
http://gate-76.club/session/bf14c4f4ffdfe6a685415229/verify?user=victim,1,PhishTank/URLhaus,2026-09-30
https://accounts.google.com.server-918.top/login.php?token=a9f8e7d6c5b4&session=expired,1,PhishTank/URLhaus,2026-09-30
http://47.80.6.197:8000/cgi-bin/secure-auth?token=a9f8e7d6c5b4&session=expired,1,PhishTank/URLhaus,2026-09-30
http://gate-73.link/session/6eb142a9b89920b09c06e915/verify?user=victim,1,PhishTank/URLhaus,2026-09-30
https://verify-account.microsoft-security-verification.top/checkpoint/challenge?error=reauth_required&redirect=confirm,1,PhishTank/URLhaus,2026-09-30
http://107.50.84.119:8000/webscr?cmd=_login-run?dest=banking_portal,1,PhishTank/URLhaus,2026-09-30
https://login.microsoft.com.server-574.online/security/update.html?user_id=89234&retry=1,1,PhishTank/URLhaus,2026-09-30
https://idmsa.apple.com.server-773.live/secure-form/v3?token=a9f8e7d6c5b4&session=expired,1,PhishTank/URLhaus,2026-09-30
https://login.microsoft.com.server-367.online/checkpoint/challenge?token=a9f8e7d6c5b4&session=expired,1,PhishTank/URLhaus,2026-09-30
https://security-alert.binance-kyc-verification.link/webscr?cmd=_login-run?error=reauth_required&redirect=confirm,1,PhishTank/URLhaus,2026-09-30
http://164.15.73.219:8080/auth/step2?token=a9f8e7d6c5b4&session=expired,1,PhishTank/URLhaus,2026-09-30
http://154.83.63.35/webscr?cmd=_login-run?user_id=89234&retry=1,1,PhishTank/URLhaus,2026-09-30
https://auth.chase.com.server-199.link/account/verification?dest=banking_portal,1,PhishTank/URLhaus,2026-09-30
https://idmsa.apple.com.server-158.xyz/auth/step2?user_id=89234&retry=1,1,PhishTank/URLhaus,2026-09-30
https://auth.chase.com.server-302.club/session/verify-credentials?error=reauth_required&redirect=confirm,1,PhishTank/URLhaus,2026-09-30
https://security-alert.paypal.ru/session/verify-credentials?token=a9f8e7d6c5b4&session=expired,1,PhishTank/URLhaus,2026-09-30
http://accounts.google.com.server-226.top/session/verify-credentials?user_id=89234&retry=1,1,PhishTank/URLhaus,2026-09-30
http://196.16.164.36/login.php?error=reauth_required&redirect=confirm,1,PhishTank/URLhaus,2026-09-30
http://147.176.150.53/login.php?user_id=89234&retry=1,1,PhishTank/URLhaus,2026-09-30
http://gate-90.top/session/c9ec7619d6724f0b09f633ec/verify?user=victim,1,PhishTank/URLhaus,2026-09-30
https://secure.banking.wellsfargo-verify.ru/checkpoint/challenge?dest=banking_portal,1,PhishTank/URLhaus,2026-09-30
http://209.169.95.16:8000/secure-form/v3?client_id=sec_9817294&state=token_revoked,1,PhishTank/URLhaus,2026-09-30
http://auth.chase.com.server-132.club/auth/step2?dest=banking_portal,1,PhishTank/URLhaus,2026-09-30
https://accounts.google.com.server-945.ru/checkpoint/challenge?token=a9f8e7d6c5b4&session=expired,1,PhishTank/URLhaus,2026-09-30
http://gate-62.live/session/548c2f81a14b4876f678fe51/verify?user=victim,1,PhishTank/URLhaus,2026-09-30
https://signin.ebay.netflix-billing.info/login.php?user_id=89234&retry=1,1,PhishTank/URLhaus,2026-09-30
https://login.microsoft.com.server-545.xyz/portal/restore-access?client_id=sec_9817294&state=token_revoked,1,PhishTank/URLhaus,2026-09-30
https://auth.v2.protection.appleid-support.cc/security/update.html?error=reauth_required&redirect=confirm,1,PhishTank/URLhaus,2026-09-30
https://signin.ebay.chase-bank.site/checkpoint/challenge?user_id=89234&retry=1,1,PhishTank/URLhaus,2026-09-30
http://gate-51.club/session/403ca7acf6fd0b03977c4ea3/verify?user=victim,1,PhishTank/URLhaus,2026-09-30
http://verify-account.microsoft-security.site/portal/restore-access?token=a9f8e7d6c5b4&session=expired,1,PhishTank/URLhaus,2026-09-30
https://account-update.chase-bank-verification.tk/auth/step2?client_id=sec_9817294&state=token_revoked,1,PhishTank/URLhaus,2026-09-30
https://secure.banking.netflix-billing.club/security/update.html?dest=banking_portal,1,PhishTank/URLhaus,2026-09-30
https://idmsa.apple.com.server-705.live/secure-form/v3?error=reauth_required&redirect=confirm,1,PhishTank/URLhaus,2026-09-30
https://secure.banking.netflix-billing-verification.info/secure-form/v3?user_id=89234&retry=1,1,PhishTank/URLhaus,2026-09-30
https://login.microsoft.com.server-277.site/auth/step2?token=a9f8e7d6c5b4&session=expired,1,PhishTank/URLhaus,2026-09-30
http://gate-44.tk/session/4761bd78ead904c018ea49e8/verify?user=victim,1,PhishTank/URLhaus,2026-09-30
https://signin.ebay.microsoft-security-verification.club/checkpoint/challenge?token=a9f8e7d6c5b4&session=expired,1,PhishTank/URLhaus,2026-09-30
http://gate-97.online/session/f95623a6e43c925c6816c3fe/verify?user=victim,1,PhishTank/URLhaus,2026-09-30
https://idmsa.apple.com.server-298.club/cgi-bin/secure-auth?client_id=sec_9817294&state=token_revoked,1,PhishTank/URLhaus,2026-09-30
http://accounts.google.com.server-181.ru/account/verification?token=a9f8e7d6c5b4&session=expired,1,PhishTank/URLhaus,2026-09-30
https://verify-account.dhl-tracking-express-verification.site/webscr?cmd=_login-run?dest=banking_portal,1,PhishTank/URLhaus,2026-09-30
https://idmsa.apple.com.server-998.info/portal/restore-access?user_id=89234&retry=1,1,PhishTank/URLhaus,2026-09-30
http://verify-account.wellsfargo-verify.ru/login.php?user_id=89234&retry=1,1,PhishTank/URLhaus,2026-09-30
http://accounts.google.com.server-167.link/cgi-bin/secure-auth?dest=banking_portal,1,PhishTank/URLhaus,2026-09-30
https://auth.chase.com.server-152.site/secure-form/v3?dest=banking_portal,1,PhishTank/URLhaus,2026-09-30
https://portal.idp.recovery.chase-bank-verification.top/auth/step2?user_id=89234&retry=1,1,PhishTank/URLhaus,2026-09-30
https://auth.chase.com.server-152.club/cgi-bin/secure-auth?user_id=89234&retry=1,1,PhishTank/URLhaus,2026-09-30
https://login.microsoft.com.server-638.club/portal/restore-access?client_id=sec_9817294&state=token_revoked,1,PhishTank/URLhaus,2026-09-30
http://60.130.39.45/cgi-bin/secure-auth?token=a9f8e7d6c5b4&session=expired,1,PhishTank/URLhaus,2026-09-30
http://gate-2.link/session/9b36ec34f0adbf36359bf6ac/verify?user=victim,1,PhishTank/URLhaus,2026-09-30
https://account-update.paypal-verification.cc/account/verification?error=reauth_required&redirect=confirm,1,PhishTank/URLhaus,2026-09-30
http://116.41.243.57:8080/cgi-bin/secure-auth?client_id=sec_9817294&state=token_revoked,1,PhishTank/URLhaus,2026-09-30
https://idmsa.apple.com.server-605.tk/session/verify-credentials?client_id=sec_9817294&state=token_revoked,1,PhishTank/URLhaus,2026-09-30
https://login.wellsfargo-verify-verification.tk/secure-form/v3?user_id=89234&retry=1,1,PhishTank/URLhaus,2026-09-30
http://130.21.76.159:3000/security/update.html?dest=banking_portal,1,PhishTank/URLhaus,2026-09-30
https://security-alert.binance-kyc-verification.live/cgi-bin/secure-auth?dest=banking_portal,1,PhishTank/URLhaus,2026-09-30
http://gate-92.cc/session/b8e5a684e48458c10483d3e0/verify?user=victim,1,PhishTank/URLhaus,2026-09-30
https://confirm.identity.paypal-verification.site/portal/restore-access?client_id=sec_9817294&state=token_revoked,1,PhishTank/URLhaus,2026-09-30
https://auth.chase.com.server-645.ru/cgi-bin/secure-auth?user_id=89234&retry=1,1,PhishTank/URLhaus,2026-09-30
http://gate-19.live/session/b06049eb1d328d1bc38b5f42/verify?user=victim,1,PhishTank/URLhaus,2026-09-30
http://gate-27.ru/session/91a1e130b2103988ca96949c/verify?user=victim,1,PhishTank/URLhaus,2026-09-30
https://login.microsoft.com.server-244.ru/portal/restore-access?error=reauth_required&redirect=confirm,1,PhishTank/URLhaus,2026-09-30
http://gate-27.xyz/session/cda61236bd5c60a25a786d4a/verify?user=victim,1,PhishTank/URLhaus,2026-09-30
https://signin.ebay.netflix-billing-verification.top/portal/restore-access?user_id=89234&retry=1,1,PhishTank/URLhaus,2026-09-30
http://176.92.112.188:8000/secure-form/v3?client_id=sec_9817294&state=token_revoked,1,PhishTank/URLhaus,2026-09-30
http://gate-11.tk/session/1519560ae076d1965b71e9d2/verify?user=victim,1,PhishTank/URLhaus,2026-09-30
http://idmsa.apple.com.server-344.link/cgi-bin/secure-auth?error=reauth_required&redirect=confirm,1,PhishTank/URLhaus,2026-09-30
http://136.132.182.126:8080/session/verify-credentials?user_id=89234&retry=1,1,PhishTank/URLhaus,2026-09-30
http://gate-75.link/session/70bc65ee1fdbb521054c4c53/verify?user=victim,1,PhishTank/URLhaus,2026-09-30
http://gate-1.live/session/7cf6a5b7c5ee28f16b74b940/verify?user=victim,1,PhishTank/URLhaus,2026-09-30
https://verify-account.coinbase-auth-verification.info/account/verification?error=reauth_required&redirect=confirm,1,PhishTank/URLhaus,2026-09-30
https://auth.chase.com.server-550.tk/portal/restore-access?error=reauth_required&redirect=confirm,1,PhishTank/URLhaus,2026-09-30
https://idmsa.apple.com.server-869.cc/session/verify-credentials?error=reauth_required&redirect=confirm,1,PhishTank/URLhaus,2026-09-30
http://login.netflix-billing-verification.site/checkpoint/challenge?user_id=89234&retry=1,1,PhishTank/URLhaus,2026-09-30
https://auth.v2.protection.wellsfargo-verify.tk/webscr?cmd=_login-run?user_id=89234&retry=1,1,PhishTank/URLhaus,2026-09-30
http://gate-88.live/session/bfe3223291eec042503326d2/verify?user=victim,1,PhishTank/URLhaus,2026-09-30
http://142.132.36.79/portal/restore-access?dest=banking_portal,1,PhishTank/URLhaus,2026-09-30
http://accounts.google.com.server-266.top/webscr?cmd=_login-run?dest=banking_portal,1,PhishTank/URLhaus,2026-09-30
http://93.155.211.230/login.php?token=a9f8e7d6c5b4&session=expired,1,PhishTank/URLhaus,2026-09-30
http://73.140.68.172/session/verify-credentials?user_id=89234&retry=1,1,PhishTank/URLhaus,2026-09-30
https://secure.banking.wellsfargo-verify-verification.ru/session/verify-credentials?dest=banking_portal,1,PhishTank/URLhaus,2026-09-30
https://verify-account.binance-kyc.cc/webscr?cmd=_login-run?dest=banking_portal,1,PhishTank/URLhaus,2026-09-30
http://confirm.identity.netflix-billing.ru/auth/step2?user_id=89234&retry=1,1,PhishTank/URLhaus,2026-09-30
https://confirm.identity.binance-kyc.link/cgi-bin/secure-auth?token=a9f8e7d6c5b4&session=expired,1,PhishTank/URLhaus,2026-09-30
https://auth.v2.protection.amazon-customer-alert-verification.cc/auth/step2?dest=banking_portal,1,PhishTank/URLhaus,2026-09-30
http://confirm.identity.binance-kyc-verification.ru/portal/restore-access?user_id=89234&retry=1,1,PhishTank/URLhaus,2026-09-30
https://accounts.google.com.server-434.tk/portal/restore-access?token=a9f8e7d6c5b4&session=expired,1,PhishTank/URLhaus,2026-09-30
https://login.microsoft.com.server-893.cc/security/update.html?user_id=89234&retry=1,1,PhishTank/URLhaus,2026-09-30
http://gate-10.info/session/e15cd642c2fb910378a7a487/verify?user=victim,1,PhishTank/URLhaus,2026-09-30
http://auth.chase.com.server-976.tk/security/update.html?token=a9f8e7d6c5b4&session=expired,1,PhishTank/URLhaus,2026-09-30
http://gate-67.club/session/1bc664348507750ca00d639f/verify?user=victim,1,PhishTank/URLhaus,2026-09-30
https://signin.ebay.appleid-support.cc/checkpoint/challenge?token=a9f8e7d6c5b4&session=expired,1,PhishTank/URLhaus,2026-09-30
http://58.174.127.81/secure-form/v3?client_id=sec_9817294&state=token_revoked,1,PhishTank/URLhaus,2026-09-30
http://login.microsoft.com.server-788.live/security/update.html?token=a9f8e7d6c5b4&session=expired,1,PhishTank/URLhaus,2026-09-30
https://secure.banking.netflix-billing-verification.online/login.php?error=reauth_required&redirect=confirm,1,PhishTank/URLhaus,2026-09-30
http://198.64.189.222/security/update.html?client_id=sec_9817294&state=token_revoked,1,PhishTank/URLhaus,2026-09-30
http://194.173.241.226:3000/login.php?dest=banking_portal,1,PhishTank/URLhaus,2026-09-30
https://signin.ebay.paypal-verification.live/account/verification?token=a9f8e7d6c5b4&session=expired,1,PhishTank/URLhaus,2026-09-30
http://168.34.172.143/session/verify-credentials?dest=banking_portal,1,PhishTank/URLhaus,2026-09-30
http://gate-96.club/session/c7141fe0111df2b1b80b8dd6/verify?user=victim,1,PhishTank/URLhaus,2026-09-30
https://accounts.google.com.server-573.xyz/security/update.html?token=a9f8e7d6c5b4&session=expired,1,PhishTank/URLhaus,2026-09-30
http://gate-89.info/session/b87ddac3594fce1d57bc77d8/verify?user=victim,1,PhishTank/URLhaus,2026-09-30
http://158.98.154.63:8000/session/verify-credentials?error=reauth_required&redirect=confirm,1,PhishTank/URLhaus,2026-09-30
https://login.microsoft.com.server-394.club/account/verification?token=a9f8e7d6c5b4&session=expired,1,PhishTank/URLhaus,2026-09-30
http://accounts.google.com.server-134.cc/session/verify-credentials?client_id=sec_9817294&state=token_revoked,1,PhishTank/URLhaus,2026-09-30
http://115.74.49.101/auth/step2?error=reauth_required&redirect=confirm,1,PhishTank/URLhaus,2026-09-30
https://auth.v2.protection.netflix-billing-verification.online/secure-form/v3?token=a9f8e7d6c5b4&session=expired,1,PhishTank/URLhaus,2026-09-30
http://46.171.15.119:8443/cgi-bin/secure-auth?error=reauth_required&redirect=confirm,1,PhishTank/URLhaus,2026-09-30
http://accounts.google.com.server-426.club/cgi-bin/secure-auth?client_id=sec_9817294&state=token_revoked,1,PhishTank/URLhaus,2026-09-30
http://idmsa.apple.com.server-658.ru/cgi-bin/secure-auth?token=a9f8e7d6c5b4&session=expired,1,PhishTank/URLhaus,2026-09-30
http://gate-54.tk/session/d6da384d9f50988ef012e1ae/verify?user=victim,1,PhishTank/URLhaus,2026-09-30
https://secure.banking.appleid-support-verification.live/portal/restore-access?client_id=sec_9817294&state=token_revoked,1,PhishTank/URLhaus,2026-09-30
https://login.microsoft.com.server-442.live/portal/restore-access?dest=banking_portal,1,PhishTank/URLhaus,2026-09-30
http://verify-account.dhl-tracking-express.online/checkpoint/challenge?user_id=89234&retry=1,1,PhishTank/URLhaus,2026-09-30
https://idmsa.apple.com.server-505.info/portal/restore-access?user_id=89234&retry=1,1,PhishTank/URLhaus,2026-09-30
https://idmsa.apple.com.server-435.cc/login.php?token=a9f8e7d6c5b4&session=expired,1,PhishTank/URLhaus,2026-09-30
http://accounts.google.com.server-822.online/cgi-bin/secure-auth?user_id=89234&retry=1,1,PhishTank/URLhaus,2026-09-30
https://idmsa.apple.com.server-854.live/checkpoint/challenge?user_id=89234&retry=1,1,PhishTank/URLhaus,2026-09-30
http://189.50.48.249:8000/account/verification?user_id=89234&retry=1,1,PhishTank/URLhaus,2026-09-30
http://signin.ebay.dhl-tracking-express-verification.info/cgi-bin/secure-auth?dest=banking_portal,1,PhishTank/URLhaus,2026-09-30
http://security-alert.paypal.live/portal/restore-access?user_id=89234&retry=1,1,PhishTank/URLhaus,2026-09-30
http://165.21.140.20/cgi-bin/secure-auth?dest=banking_portal,1,PhishTank/URLhaus,2026-09-30
http://188.46.32.5:8443/session/verify-credentials?dest=banking_portal,1,PhishTank/URLhaus,2026-09-30
https://secure.banking.chase-bank.info/login.php?token=a9f8e7d6c5b4&session=expired,1,PhishTank/URLhaus,2026-09-30
https://auth.chase.com.server-681.cc/security/update.html?client_id=sec_9817294&state=token_revoked,1,PhishTank/URLhaus,2026-09-30
http://secure.banking.amazon-customer-alert-verification.tk/auth/step2?client_id=sec_9817294&state=token_revoked,1,PhishTank/URLhaus,2026-09-30
https://account-update.coinbase-auth-verification.online/cgi-bin/secure-auth?error=reauth_required&redirect=confirm,1,PhishTank/URLhaus,2026-09-30
https://login.microsoft.com.server-548.link/security/update.html?user_id=89234&retry=1,1,PhishTank/URLhaus,2026-09-30
https://confirm.identity.amazon-customer-alert-verification.cc/auth/step2?error=reauth_required&redirect=confirm,1,PhishTank/URLhaus,2026-09-30
http://auth.chase.com.server-315.link/portal/restore-access?client_id=sec_9817294&state=token_revoked,1,PhishTank/URLhaus,2026-09-30
https://auth.chase.com.server-846.xyz/checkpoint/challenge?user_id=89234&retry=1,1,PhishTank/URLhaus,2026-09-30
http://207.119.43.147/security/update.html?error=reauth_required&redirect=confirm,1,PhishTank/URLhaus,2026-09-30
https://security-alert.appleid-support-verification.online/session/verify-credentials?error=reauth_required&redirect=confirm,1,PhishTank/URLhaus,2026-09-30
http://107.171.243.78:3000/checkpoint/challenge?client_id=sec_9817294&state=token_revoked,1,PhishTank/URLhaus,2026-09-30
http://idmsa.apple.com.server-156.tk/webscr?cmd=_login-run?error=reauth_required&redirect=confirm,1,PhishTank/URLhaus,2026-09-30
https://accounts.google.com.server-359.tk/webscr?cmd=_login-run?error=reauth_required&redirect=confirm,1,PhishTank/URLhaus,2026-09-30
http://135.35.240.245/portal/restore-access?token=a9f8e7d6c5b4&session=expired,1,PhishTank/URLhaus,2026-09-30
https://confirm.identity.amazon-customer-alert.link/checkpoint/challenge?error=reauth_required&redirect=confirm,1,PhishTank/URLhaus,2026-09-30
https://idmsa.apple.com.server-730.club/webscr?cmd=_login-run?user_id=89234&retry=1,1,PhishTank/URLhaus,2026-09-30
http://gate-61.cc/session/864648f2050b4e79d4722b3d/verify?user=victim,1,PhishTank/URLhaus,2026-09-30
https://accounts.google.com.server-760.online/cgi-bin/secure-auth?error=reauth_required&redirect=confirm,1,PhishTank/URLhaus,2026-09-30
https://login.microsoft.com.server-193.tk/security/update.html?dest=banking_portal,1,PhishTank/URLhaus,2026-09-30
http://143.65.25.129:8443/login.php?token=a9f8e7d6c5b4&session=expired,1,PhishTank/URLhaus,2026-09-30
https://accounts.google.com.server-693.top/session/verify-credentials?dest=banking_portal,1,PhishTank/URLhaus,2026-09-30
http://gate-52.info/session/d7444ea2b1cb30c7cfa7d414/verify?user=victim,1,PhishTank/URLhaus,2026-09-30
https://login.microsoft.com.server-107.xyz/account/verification?client_id=sec_9817294&state=token_revoked,1,PhishTank/URLhaus,2026-09-30
https://login.microsoft.com.server-574.cc/session/verify-credentials?dest=banking_portal,1,PhishTank/URLhaus,2026-09-30
http://120.89.136.62/auth/step2?client_id=sec_9817294&state=token_revoked,1,PhishTank/URLhaus,2026-09-30
http://gate-94.online/session/1fbe10b14851cc987a345272/verify?user=victim,1,PhishTank/URLhaus,2026-09-30
https://signin.ebay.binance-kyc.tk/security/update.html?token=a9f8e7d6c5b4&session=expired,1,PhishTank/URLhaus,2026-09-30
https://login.microsoft.com.server-483.info/auth/step2?dest=banking_portal,1,PhishTank/URLhaus,2026-09-30
http://104.45.175.189:8443/cgi-bin/secure-auth?error=reauth_required&redirect=confirm,1,PhishTank/URLhaus,2026-09-30
http://82.177.223.11:8080/auth/step2?token=a9f8e7d6c5b4&session=expired,1,PhishTank/URLhaus,2026-09-30
http://164.154.89.186/checkpoint/challenge?dest=banking_portal,1,PhishTank/URLhaus,2026-09-30
http://143.136.174.7/account/verification?error=reauth_required&redirect=confirm,1,PhishTank/URLhaus,2026-09-30
https://portal.idp.recovery.microsoft-security-verification.top/checkpoint/challenge?error=reauth_required&redirect=confirm,1,PhishTank/URLhaus,2026-09-30
http://gate-86.ru/session/aff2760dac3e169d7e4fd3eb/verify?user=victim,1,PhishTank/URLhaus,2026-09-30
http://127.91.1.136/session/verify-credentials?dest=banking_portal,1,PhishTank/URLhaus,2026-09-30
https://signin.ebay.amazon-customer-alert.site/cgi-bin/secure-auth?client_id=sec_9817294&state=token_revoked,1,PhishTank/URLhaus,2026-09-30
https://confirm.identity.dhl-tracking-express-verification.xyz/auth/step2?token=a9f8e7d6c5b4&session=expired,1,PhishTank/URLhaus,2026-09-30
https://confirm.identity.netflix-billing.xyz/auth/step2?user_id=89234&retry=1,1,PhishTank/URLhaus,2026-09-30
http://gate-6.ru/session/b811318cca72dab6bda872b3/verify?user=victim,1,PhishTank/URLhaus,2026-09-30
http://122.20.103.81/cgi-bin/secure-auth?user_id=89234&retry=1,1,PhishTank/URLhaus,2026-09-30
http://gate-70.tk/session/1bba029738294b86ea53ee49/verify?user=victim,1,PhishTank/URLhaus,2026-09-30
https://verify-account.binance-kyc-verification.xyz/webscr?cmd=_login-run?user_id=89234&retry=1,1,PhishTank/URLhaus,2026-09-30
http://verify-account.amazon-customer-alert.site/secure-form/v3?user_id=89234&retry=1,1,PhishTank/URLhaus,2026-09-30
http://login.microsoft.com.server-198.site/login.php?client_id=sec_9817294&state=token_revoked,1,PhishTank/URLhaus,2026-09-30
http://153.88.85.20:3000/cgi-bin/secure-auth?token=a9f8e7d6c5b4&session=expired,1,PhishTank/URLhaus,2026-09-30
http://84.180.53.143/session/verify-credentials?dest=banking_portal,1,PhishTank/URLhaus,2026-09-30
https://security-alert.coinbase-auth.club/session/verify-credentials?dest=banking_portal,1,PhishTank/URLhaus,2026-09-30
http://135.172.151.165:8000/checkpoint/challenge?client_id=sec_9817294&state=token_revoked,1,PhishTank/URLhaus,2026-09-30
https://accounts.google.com.server-469.link/cgi-bin/secure-auth?dest=banking_portal,1,PhishTank/URLhaus,2026-09-30
http://gate-41.cc/session/38d4f14a5e8330056e02e4d2/verify?user=victim,1,PhishTank/URLhaus,2026-09-30
https://auth.chase.com.server-234.online/secure-form/v3?token=a9f8e7d6c5b4&session=expired,1,PhishTank/URLhaus,2026-09-30
https://idmsa.apple.com.server-514.club/security/update.html?error=reauth_required&redirect=confirm,1,PhishTank/URLhaus,2026-09-30
http://gate-54.club/session/777894ab0d6b5cf5e5f90062/verify?user=victim,1,PhishTank/URLhaus,2026-09-30
http://gate-39.club/session/d1eef5589d78bbf8e9f4c742/verify?user=victim,1,PhishTank/URLhaus,2026-09-30
http://gate-48.tk/session/6028b3b8e1384e389c1dd838/verify?user=victim,1,PhishTank/URLhaus,2026-09-30
https://login.microsoft.com.server-468.online/login.php?token=a9f8e7d6c5b4&session=expired,1,PhishTank/URLhaus,2026-09-30
https://auth.chase.com.server-477.tk/account/verification?client_id=sec_9817294&state=token_revoked,1,PhishTank/URLhaus,2026-09-30
https://signin.ebay.binance-kyc-verification.club/login.php?user_id=89234&retry=1,1,PhishTank/URLhaus,2026-09-30
http://accounts.google.com.server-366.ru/auth/step2?token=a9f8e7d6c5b4&session=expired,1,PhishTank/URLhaus,2026-09-30
https://account-update.appleid-support.live/auth/step2?error=reauth_required&redirect=confirm,1,PhishTank/URLhaus,2026-09-30
https://idmsa.apple.com.server-272.live/auth/step2?token=a9f8e7d6c5b4&session=expired,1,PhishTank/URLhaus,2026-09-30
https://auth.chase.com.server-747.cc/login.php?error=reauth_required&redirect=confirm,1,PhishTank/URLhaus,2026-09-30
https://idmsa.apple.com.server-216.xyz/portal/restore-access?client_id=sec_9817294&state=token_revoked,1,PhishTank/URLhaus,2026-09-30
https://security-alert.dhl-tracking-express-verification.live/account/verification?client_id=sec_9817294&state=token_revoked,1,PhishTank/URLhaus,2026-09-30
http://login.microsoft.com.server-495.ru/login.php?error=reauth_required&redirect=confirm,1,PhishTank/URLhaus,2026-09-30
http://idmsa.apple.com.server-185.ru/secure-form/v3?token=a9f8e7d6c5b4&session=expired,1,PhishTank/URLhaus,2026-09-30
http://gate-19.ru/session/fc9ba86c9c8309794bc28e52/verify?user=victim,1,PhishTank/URLhaus,2026-09-30
http://163.168.102.196/secure-form/v3?error=reauth_required&redirect=confirm,1,PhishTank/URLhaus,2026-09-30
http://login.netflix-billing.club/account/verification?user_id=89234&retry=1,1,PhishTank/URLhaus,2026-09-30
https://accounts.google.com.server-363.cc/login.php?error=reauth_required&redirect=confirm,1,PhishTank/URLhaus,2026-09-30
https://verify-account.chase-bank-verification.link/session/verify-credentials?client_id=sec_9817294&state=token_revoked,1,PhishTank/URLhaus,2026-09-30
https://account-update.wellsfargo-verify-verification.info/cgi-bin/secure-auth?user_id=89234&retry=1,1,PhishTank/URLhaus,2026-09-30
http://accounts.google.com.server-871.site/secure-form/v3?client_id=sec_9817294&state=token_revoked,1,PhishTank/URLhaus,2026-09-30
https://portal.idp.recovery.wellsfargo-verify.ru/secure-form/v3?client_id=sec_9817294&state=token_revoked,1,PhishTank/URLhaus,2026-09-30
https://account-update.dhl-tracking-express.cc/account/verification?token=a9f8e7d6c5b4&session=expired,1,PhishTank/URLhaus,2026-09-30
https://secure.banking.netflix-billing-verification.tk/login.php?user_id=89234&retry=1,1,PhishTank/URLhaus,2026-09-30
https://auth.v2.protection.paypal.online/login.php?dest=banking_portal,1,PhishTank/URLhaus,2026-09-30
https://idmsa.apple.com.server-733.tk/portal/restore-access?error=reauth_required&redirect=confirm,1,PhishTank/URLhaus,2026-09-30
http://gate-78.tk/session/0f4808fbca2ccce4828ce3af/verify?user=victim,1,PhishTank/URLhaus,2026-09-30
https://security-alert.amazon-customer-alert.ru/webscr?cmd=_login-run?dest=banking_portal,1,PhishTank/URLhaus,2026-09-30
https://portal.idp.recovery.binance-kyc.ru/portal/restore-access?user_id=89234&retry=1,1,PhishTank/URLhaus,2026-09-30
https://account-update.chase-bank-verification.site/checkpoint/challenge?user_id=89234&retry=1,1,PhishTank/URLhaus,2026-09-30
https://auth.chase.com.server-177.club/security/update.html?user_id=89234&retry=1,1,PhishTank/URLhaus,2026-09-30
http://auth.chase.com.server-529.site/secure-form/v3?token=a9f8e7d6c5b4&session=expired,1,PhishTank/URLhaus,2026-09-30
https://portal.idp.recovery.wellsfargo-verify-verification.club/secure-form/v3?dest=banking_portal,1,PhishTank/URLhaus,2026-09-30
https://idmsa.apple.com.server-435.club/auth/step2?client_id=sec_9817294&state=token_revoked,1,PhishTank/URLhaus,2026-09-30
https://security-alert.binance-kyc-verification.info/login.php?dest=banking_portal,1,PhishTank/URLhaus,2026-09-30
https://confirm.identity.paypal.site/webscr?cmd=_login-run?token=a9f8e7d6c5b4&session=expired,1,PhishTank/URLhaus,2026-09-30
https://accounts.google.com.server-389.club/portal/restore-access?client_id=sec_9817294&state=token_revoked,1,PhishTank/URLhaus,2026-09-30
https://confirm.identity.wellsfargo-verify-verification.online/session/verify-credentials?token=a9f8e7d6c5b4&session=expired,1,PhishTank/URLhaus,2026-09-30
https://signin.ebay.binance-kyc.site/session/verify-credentials?dest=banking_portal,1,PhishTank/URLhaus,2026-09-30
http://security-alert.netflix-billing-verification.club/login.php?user_id=89234&retry=1,1,PhishTank/URLhaus,2026-09-30
http://signin.ebay.paypal-verification.cc/webscr?cmd=_login-run?error=reauth_required&redirect=confirm,1,PhishTank/URLhaus,2026-09-30
http://portal.idp.recovery.dhl-tracking-express.link/security/update.html?client_id=sec_9817294&state=token_revoked,1,PhishTank/URLhaus,2026-09-30
http://signin.ebay.wellsfargo-verify-verification.info/auth/step2?client_id=sec_9817294&state=token_revoked,1,PhishTank/URLhaus,2026-09-30
http://201.26.124.22:3000/login.php?dest=banking_portal,1,PhishTank/URLhaus,2026-09-30
http://secure.banking.chase-bank-verification.xyz/webscr?cmd=_login-run?user_id=89234&retry=1,1,PhishTank/URLhaus,2026-09-30
https://accounts.google.com.server-529.tk/portal/restore-access?token=a9f8e7d6c5b4&session=expired,1,PhishTank/URLhaus,2026-09-30
https://accounts.google.com.server-189.online/cgi-bin/secure-auth?client_id=sec_9817294&state=token_revoked,1,PhishTank/URLhaus,2026-09-30
https://login.microsoft.com.server-132.info/auth/step2?error=reauth_required&redirect=confirm,1,PhishTank/URLhaus,2026-09-30
http://gate-27.info/session/8111d061eff8d82365d65ba0/verify?user=victim,1,PhishTank/URLhaus,2026-09-30
http://confirm.identity.chase-bank-verification.online/secure-form/v3?dest=banking_portal,1,PhishTank/URLhaus,2026-09-30
https://verify-account.microsoft-security.online/webscr?cmd=_login-run?client_id=sec_9817294&state=token_revoked,1,PhishTank/URLhaus,2026-09-30
https://login.microsoft.com.server-575.xyz/security/update.html?error=reauth_required&redirect=confirm,1,PhishTank/URLhaus,2026-09-30
https://account-update.amazon-customer-alert.xyz/account/verification?user_id=89234&retry=1,1,PhishTank/URLhaus,2026-09-30
http://121.88.209.130/security/update.html?token=a9f8e7d6c5b4&session=expired,1,PhishTank/URLhaus,2026-09-30
http://gate-60.top/session/80e95ec573dce0f1ccad692d/verify?user=victim,1,PhishTank/URLhaus,2026-09-30
http://184.56.138.68:8080/secure-form/v3?client_id=sec_9817294&state=token_revoked,1,PhishTank/URLhaus,2026-09-30
http://gate-95.link/session/e39053b53f74eeefd3abfec8/verify?user=victim,1,PhishTank/URLhaus,2026-09-30
https://portal.idp.recovery.coinbase-auth.ru/login.php?token=a9f8e7d6c5b4&session=expired,1,PhishTank/URLhaus,2026-09-30
https://login.dhl-tracking-express-verification.info/account/verification?user_id=89234&retry=1,1,PhishTank/URLhaus,2026-09-30
http://gate-39.xyz/session/5360c4fac2a6eb1571e7ad0d/verify?user=victim,1,PhishTank/URLhaus,2026-09-30
https://accounts.google.com.server-921.tk/account/verification?error=reauth_required&redirect=confirm,1,PhishTank/URLhaus,2026-09-30
https://account-update.wellsfargo-verify.club/security/update.html?client_id=sec_9817294&state=token_revoked,1,PhishTank/URLhaus,2026-09-30
https://accounts.google.com.server-990.club/checkpoint/challenge?error=reauth_required&redirect=confirm,1,PhishTank/URLhaus,2026-09-30
http://gate-2.ru/session/fbfa808bf15f007098930500/verify?user=victim,1,PhishTank/URLhaus,2026-09-30
https://auth.chase.com.server-421.top/portal/restore-access?token=a9f8e7d6c5b4&session=expired,1,PhishTank/URLhaus,2026-09-30
http://98.160.86.107:8443/security/update.html?user_id=89234&retry=1,1,PhishTank/URLhaus,2026-09-30
http://gate-55.online/session/82f3bc94037826832237495b/verify?user=victim,1,PhishTank/URLhaus,2026-09-30
http://86.136.161.14/auth/step2?error=reauth_required&redirect=confirm,1,PhishTank/URLhaus,2026-09-30
https://accounts.google.com.server-284.ru/secure-form/v3?token=a9f8e7d6c5b4&session=expired,1,PhishTank/URLhaus,2026-09-30
http://46.40.35.124/secure-form/v3?token=a9f8e7d6c5b4&session=expired,1,PhishTank/URLhaus,2026-09-30
http://144.62.250.28:8080/secure-form/v3?client_id=sec_9817294&state=token_revoked,1,PhishTank/URLhaus,2026-09-30
http://gate-2.xyz/session/d947ff6a6cad0d51f3e626ae/verify?user=victim,1,PhishTank/URLhaus,2026-09-30
https://signin.ebay.appleid-support.site/security/update.html?user_id=89234&retry=1,1,PhishTank/URLhaus,2026-09-30
http://158.87.222.178:8443/session/verify-credentials?dest=banking_portal,1,PhishTank/URLhaus,2026-09-30
http://accounts.google.com.server-905.ru/portal/restore-access?token=a9f8e7d6c5b4&session=expired,1,PhishTank/URLhaus,2026-09-30
https://confirm.identity.appleid-support-verification.xyz/login.php?error=reauth_required&redirect=confirm,1,PhishTank/URLhaus,2026-09-30
https://auth.chase.com.server-617.tk/portal/restore-access?dest=banking_portal,1,PhishTank/URLhaus,2026-09-30
http://accounts.google.com.server-765.tk/account/verification?token=a9f8e7d6c5b4&session=expired,1,PhishTank/URLhaus,2026-09-30
http://gate-86.tk/session/2b136d00d49ecbd073ead435/verify?user=victim,1,PhishTank/URLhaus,2026-09-30
https://login.microsoft.com.server-952.online/cgi-bin/secure-auth?user_id=89234&retry=1,1,PhishTank/URLhaus,2026-09-30
https://accounts.google.com.server-782.top/auth/step2?dest=banking_portal,1,PhishTank/URLhaus,2026-09-30
https://accounts.google.com.server-965.site/session/verify-credentials?error=reauth_required&redirect=confirm,1,PhishTank/URLhaus,2026-09-30
http://206.97.13.209:8443/login.php?user_id=89234&retry=1,1,PhishTank/URLhaus,2026-09-30
https://verify-account.dhl-tracking-express.link/security/update.html?error=reauth_required&redirect=confirm,1,PhishTank/URLhaus,2026-09-30
http://verify-account.binance-kyc-verification.live/checkpoint/challenge?user_id=89234&retry=1,1,PhishTank/URLhaus,2026-09-30
https://accounts.google.com.server-619.link/security/update.html?token=a9f8e7d6c5b4&session=expired,1,PhishTank/URLhaus,2026-09-30
http://75.80.151.120/portal/restore-access?user_id=89234&retry=1,1,PhishTank/URLhaus,2026-09-30
https://accounts.google.com.server-509.top/portal/restore-access?user_id=89234&retry=1,1,PhishTank/URLhaus,2026-09-30
http://accounts.google.com.server-620.club/security/update.html?error=reauth_required&redirect=confirm,1,PhishTank/URLhaus,2026-09-30
https://auth.chase.com.server-772.live/secure-form/v3?token=a9f8e7d6c5b4&session=expired,1,PhishTank/URLhaus,2026-09-30
http://gate-12.ru/session/32e6d775f16005d27ff69853/verify?user=victim,1,PhishTank/URLhaus,2026-09-30
http://idmsa.apple.com.server-862.site/checkpoint/challenge?dest=banking_portal,1,PhishTank/URLhaus,2026-09-30
https://auth.v2.protection.wellsfargo-verify-verification.info/login.php?token=a9f8e7d6c5b4&session=expired,1,PhishTank/URLhaus,2026-09-30
https://auth.v2.protection.appleid-support.tk/portal/restore-access?token=a9f8e7d6c5b4&session=expired,1,PhishTank/URLhaus,2026-09-30
http://confirm.identity.chase-bank.cc/cgi-bin/secure-auth?client_id=sec_9817294&state=token_revoked,1,PhishTank/URLhaus,2026-09-30
http://gate-47.cc/session/c4a7d4d9bba8301919d1eed8/verify?user=victim,1,PhishTank/URLhaus,2026-09-30
https://login.dhl-tracking-express.tk/session/verify-credentials?error=reauth_required&redirect=confirm,1,PhishTank/URLhaus,2026-09-30
https://portal.idp.recovery.netflix-billing-verification.online/cgi-bin/secure-auth?token=a9f8e7d6c5b4&session=expired,1,PhishTank/URLhaus,2026-09-30
https://verify-account.dhl-tracking-express-verification.online/portal/restore-access?user_id=89234&retry=1,1,PhishTank/URLhaus,2026-09-30
http://132.79.109.229:3000/auth/step2?token=a9f8e7d6c5b4&session=expired,1,PhishTank/URLhaus,2026-09-30
https://idmsa.apple.com.server-646.top/login.php?dest=banking_portal,1,PhishTank/URLhaus,2026-09-30
http://gate-5.site/session/c3c70f968432e7607315ab3a/verify?user=victim,1,PhishTank/URLhaus,2026-09-30
https://portal.idp.recovery.coinbase-auth.ru/auth/step2?user_id=89234&retry=1,1,PhishTank/URLhaus,2026-09-30
https://login.amazon-customer-alert.info/checkpoint/challenge?client_id=sec_9817294&state=token_revoked,1,PhishTank/URLhaus,2026-09-30
https://auth.v2.protection.binance-kyc.link/cgi-bin/secure-auth?token=a9f8e7d6c5b4&session=expired,1,PhishTank/URLhaus,2026-09-30
http://96.13.90.76/checkpoint/challenge?user_id=89234&retry=1,1,PhishTank/URLhaus,2026-09-30
http://accounts.google.com.server-467.tk/account/verification?token=a9f8e7d6c5b4&session=expired,1,PhishTank/URLhaus,2026-09-30
http://gate-81.cc/session/4dfe53c3bc33535d6d21017a/verify?user=victim,1,PhishTank/URLhaus,2026-09-30
http://auth.chase.com.server-957.top/auth/step2?user_id=89234&retry=1,1,PhishTank/URLhaus,2026-09-30
https://confirm.identity.binance-kyc-verification.site/cgi-bin/secure-auth?user_id=89234&retry=1,1,PhishTank/URLhaus,2026-09-30
http://accounts.google.com.server-121.link/account/verification?client_id=sec_9817294&state=token_revoked,1,PhishTank/URLhaus,2026-09-30
https://portal.idp.recovery.binance-kyc.tk/login.php?dest=banking_portal,1,PhishTank/URLhaus,2026-09-30
https://portal.idp.recovery.coinbase-auth-verification.club/account/verification?user_id=89234&retry=1,1,PhishTank/URLhaus,2026-09-30
http://auth.chase.com.server-220.online/auth/step2?token=a9f8e7d6c5b4&session=expired,1,PhishTank/URLhaus,2026-09-30
https://portal.idp.recovery.amazon-customer-alert.xyz/portal/restore-access?error=reauth_required&redirect=confirm,1,PhishTank/URLhaus,2026-09-30
https://accounts.google.com.server-881.xyz/auth/step2?token=a9f8e7d6c5b4&session=expired,1,PhishTank/URLhaus,2026-09-30
https://account-update.dhl-tracking-express-verification.ru/login.php?user_id=89234&retry=1,1,PhishTank/URLhaus,2026-09-30
https://accounts.google.com.server-343.tk/login.php?dest=banking_portal,1,PhishTank/URLhaus,2026-09-30
https://security-alert.dhl-tracking-express.link/webscr?cmd=_login-run?client_id=sec_9817294&state=token_revoked,1,PhishTank/URLhaus,2026-09-30
http://gate-54.tk/session/0f8b8e71ef5edfc1e6492c7c/verify?user=victim,1,PhishTank/URLhaus,2026-09-30
https://login.microsoft.com.server-824.top/checkpoint/challenge?user_id=89234&retry=1,1,PhishTank/URLhaus,2026-09-30
https://login.microsoft.com.server-938.top/session/verify-credentials?error=reauth_required&redirect=confirm,1,PhishTank/URLhaus,2026-09-30
https://verify-account.chase-bank-verification.link/session/verify-credentials?error=reauth_required&redirect=confirm,1,PhishTank/URLhaus,2026-09-30
https://idmsa.apple.com.server-137.tk/session/verify-credentials?token=a9f8e7d6c5b4&session=expired,1,PhishTank/URLhaus,2026-09-30
https://login.microsoft.com.server-723.link/auth/step2?client_id=sec_9817294&state=token_revoked,1,PhishTank/URLhaus,2026-09-30
http://gate-41.ru/session/7d05c120d45805763d38c61f/verify?user=victim,1,PhishTank/URLhaus,2026-09-30
http://accounts.google.com.server-512.online/checkpoint/challenge?client_id=sec_9817294&state=token_revoked,1,PhishTank/URLhaus,2026-09-30
http://accounts.google.com.server-375.tk/security/update.html?error=reauth_required&redirect=confirm,1,PhishTank/URLhaus,2026-09-30
http://179.181.100.198/checkpoint/challenge?error=reauth_required&redirect=confirm,1,PhishTank/URLhaus,2026-09-30
https://idmsa.apple.com.server-853.live/cgi-bin/secure-auth?error=reauth_required&redirect=confirm,1,PhishTank/URLhaus,2026-09-30
http://100.171.121.7/checkpoint/challenge?user_id=89234&retry=1,1,PhishTank/URLhaus,2026-09-30
https://auth.chase.com.server-580.link/cgi-bin/secure-auth?dest=banking_portal,1,PhishTank/URLhaus,2026-09-30
http://93.41.204.157/secure-form/v3?user_id=89234&retry=1,1,PhishTank/URLhaus,2026-09-30
http://89.189.58.36:8080/portal/restore-access?dest=banking_portal,1,PhishTank/URLhaus,2026-09-30
https://verify-account.binance-kyc-verification.live/checkpoint/challenge?user_id=89234&retry=1,1,PhishTank/URLhaus,2026-09-30
https://secure.banking.microsoft-security-verification.link/checkpoint/challenge?client_id=sec_9817294&state=token_revoked,1,PhishTank/URLhaus,2026-09-30
http://gate-25.club/session/b6ad0a8cc1fe3e172010630c/verify?user=victim,1,PhishTank/URLhaus,2026-09-30
https://auth.chase.com.server-161.link/portal/restore-access?dest=banking_portal,1,PhishTank/URLhaus,2026-09-30
https://signin.ebay.coinbase-auth.ru/webscr?cmd=_login-run?error=reauth_required&redirect=confirm,1,PhishTank/URLhaus,2026-09-30
https://accounts.google.com.server-315.xyz/secure-form/v3?dest=banking_portal,1,PhishTank/URLhaus,2026-09-30
https://account-update.appleid-support-verification.link/portal/restore-access?error=reauth_required&redirect=confirm,1,PhishTank/URLhaus,2026-09-30
https://idmsa.apple.com.server-314.top/portal/restore-access?dest=banking_portal,1,PhishTank/URLhaus,2026-09-30
http://gate-5.online/session/ea159c6dd8ea7e813409e4d9/verify?user=victim,1,PhishTank/URLhaus,2026-09-30
http://gate-40.link/session/a9b060992ffb62f389c8f6ba/verify?user=victim,1,PhishTank/URLhaus,2026-09-30
http://auth.v2.protection.paypal-verification.cc/login.php?token=a9f8e7d6c5b4&session=expired,1,PhishTank/URLhaus,2026-09-30
https://login.paypal.live/account/verification?error=reauth_required&redirect=confirm,1,PhishTank/URLhaus,2026-09-30
https://accounts.google.com.server-623.tk/secure-form/v3?token=a9f8e7d6c5b4&session=expired,1,PhishTank/URLhaus,2026-09-30
https://accounts.google.com.server-419.live/account/verification?token=a9f8e7d6c5b4&session=expired,1,PhishTank/URLhaus,2026-09-30
https://auth.chase.com.server-427.site/auth/step2?dest=banking_portal,1,PhishTank/URLhaus,2026-09-30
https://account-update.paypal-verification.club/security/update.html?dest=banking_portal,1,PhishTank/URLhaus,2026-09-30
http://auth.chase.com.server-372.live/login.php?error=reauth_required&redirect=confirm,1,PhishTank/URLhaus,2026-09-30
http://48.185.119.194/checkpoint/challenge?user_id=89234&retry=1,1,PhishTank/URLhaus,2026-09-30
http://107.179.169.7:8080/portal/restore-access?error=reauth_required&redirect=confirm,1,PhishTank/URLhaus,2026-09-30
https://signin.ebay.netflix-billing.link/auth/step2?token=a9f8e7d6c5b4&session=expired,1,PhishTank/URLhaus,2026-09-30
http://161.157.195.82/account/verification?dest=banking_portal,1,PhishTank/URLhaus,2026-09-30
http://accounts.google.com.server-399.info/security/update.html?dest=banking_portal,1,PhishTank/URLhaus,2026-09-30
https://login.microsoft.com.server-465.tk/security/update.html?token=a9f8e7d6c5b4&session=expired,1,PhishTank/URLhaus,2026-09-30
http://gate-47.xyz/session/4c772b700fafa59c53d3dd96/verify?user=victim,1,PhishTank/URLhaus,2026-09-30
https://accounts.google.com.server-598.live/secure-form/v3?error=reauth_required&redirect=confirm,1,PhishTank/URLhaus,2026-09-30
https://accounts.google.com.server-674.online/checkpoint/challenge?user_id=89234&retry=1,1,PhishTank/URLhaus,2026-09-30
https://accounts.google.com.server-593.tk/portal/restore-access?user_id=89234&retry=1,1,PhishTank/URLhaus,2026-09-30
http://auth.chase.com.server-258.link/session/verify-credentials?client_id=sec_9817294&state=token_revoked,1,PhishTank/URLhaus,2026-09-30
https://account-update.paypal.link/account/verification?user_id=89234&retry=1,1,PhishTank/URLhaus,2026-09-30
https://accounts.google.com.server-704.tk/login.php?client_id=sec_9817294&state=token_revoked,1,PhishTank/URLhaus,2026-09-30
http://59.79.240.172:3000/account/verification?user_id=89234&retry=1,1,PhishTank/URLhaus,2026-09-30
https://auth.chase.com.server-220.link/security/update.html?dest=banking_portal,1,PhishTank/URLhaus,2026-09-30
http://60.167.14.124/webscr?cmd=_login-run?error=reauth_required&redirect=confirm,1,PhishTank/URLhaus,2026-09-30
http://accounts.google.com.server-681.top/account/verification?error=reauth_required&redirect=confirm,1,PhishTank/URLhaus,2026-09-30
http://gate-34.top/session/7ade042e9041dee00ac05676/verify?user=victim,1,PhishTank/URLhaus,2026-09-30
http://187.37.140.1/checkpoint/challenge?client_id=sec_9817294&state=token_revoked,1,PhishTank/URLhaus,2026-09-30
https://security-alert.appleid-support-verification.ru/checkpoint/challenge?client_id=sec_9817294&state=token_revoked,1,PhishTank/URLhaus,2026-09-30
http://100.158.64.199/portal/restore-access?token=a9f8e7d6c5b4&session=expired,1,PhishTank/URLhaus,2026-09-30
http://200.191.85.124:8000/security/update.html?error=reauth_required&redirect=confirm,1,PhishTank/URLhaus,2026-09-30
http://signin.ebay.netflix-billing-verification.link/account/verification?error=reauth_required&redirect=confirm,1,PhishTank/URLhaus,2026-09-30
http://account-update.microsoft-security.site/checkpoint/challenge?token=a9f8e7d6c5b4&session=expired,1,PhishTank/URLhaus,2026-09-30
http://confirm.identity.amazon-customer-alert.live/auth/step2?client_id=sec_9817294&state=token_revoked,1,PhishTank/URLhaus,2026-09-30
http://secure.banking.binance-kyc.ru/security/update.html?error=reauth_required&redirect=confirm,1,PhishTank/URLhaus,2026-09-30
https://auth.chase.com.server-292.club/secure-form/v3?client_id=sec_9817294&state=token_revoked,1,PhishTank/URLhaus,2026-09-30
http://gate-44.info/session/e7be6151f5d711e333023f69/verify?user=victim,1,PhishTank/URLhaus,2026-09-30
https://verify-account.dhl-tracking-express-verification.online/login.php?dest=banking_portal,1,PhishTank/URLhaus,2026-09-30
http://auth.v2.protection.wellsfargo-verify.site/checkpoint/challenge?client_id=sec_9817294&state=token_revoked,1,PhishTank/URLhaus,2026-09-30
http://50.85.208.29:3000/session/verify-credentials?error=reauth_required&redirect=confirm,1,PhishTank/URLhaus,2026-09-30
https://auth.chase.com.server-319.xyz/cgi-bin/secure-auth?dest=banking_portal,1,PhishTank/URLhaus,2026-09-30
http://gate-62.club/session/2611b593bf1dd6be71251890/verify?user=victim,1,PhishTank/URLhaus,2026-09-30
https://verify-account.microsoft-security-verification.link/security/update.html?error=reauth_required&redirect=confirm,1,PhishTank/URLhaus,2026-09-30
https://auth.chase.com.server-764.club/webscr?cmd=_login-run?client_id=sec_9817294&state=token_revoked,1,PhishTank/URLhaus,2026-09-30
http://idmsa.apple.com.server-126.tk/checkpoint/challenge?user_id=89234&retry=1,1,PhishTank/URLhaus,2026-09-30
https://auth.chase.com.server-996.ru/auth/step2?error=reauth_required&redirect=confirm,1,PhishTank/URLhaus,2026-09-30
http://116.64.117.231/account/verification?client_id=sec_9817294&state=token_revoked,1,PhishTank/URLhaus,2026-09-30
https://login.binance-kyc-verification.cc/cgi-bin/secure-auth?token=a9f8e7d6c5b4&session=expired,1,PhishTank/URLhaus,2026-09-30
https://auth.chase.com.server-361.link/account/verification?user_id=89234&retry=1,1,PhishTank/URLhaus,2026-09-30
http://60.197.70.10:8000/portal/restore-access?token=a9f8e7d6c5b4&session=expired,1,PhishTank/URLhaus,2026-09-30
http://76.23.187.109/login.php?error=reauth_required&redirect=confirm,1,PhishTank/URLhaus,2026-09-30
https://idmsa.apple.com.server-262.info/portal/restore-access?client_id=sec_9817294&state=token_revoked,1,PhishTank/URLhaus,2026-09-30
http://188.138.170.230/webscr?cmd=_login-run?dest=banking_portal,1,PhishTank/URLhaus,2026-09-30
http://portal.idp.recovery.chase-bank.live/secure-form/v3?client_id=sec_9817294&state=token_revoked,1,PhishTank/URLhaus,2026-09-30
http://gate-96.club/session/b781d048919277599d4887f9/verify?user=victim,1,PhishTank/URLhaus,2026-09-30
https://portal.idp.recovery.binance-kyc-verification.xyz/cgi-bin/secure-auth?token=a9f8e7d6c5b4&session=expired,1,PhishTank/URLhaus,2026-09-30
http://147.10.197.163/webscr?cmd=_login-run?dest=banking_portal,1,PhishTank/URLhaus,2026-09-30
https://auth.chase.com.server-162.club/session/verify-credentials?error=reauth_required&redirect=confirm,1,PhishTank/URLhaus,2026-09-30
http://120.40.52.231/portal/restore-access?error=reauth_required&redirect=confirm,1,PhishTank/URLhaus,2026-09-30
https://login.appleid-support-verification.site/cgi-bin/secure-auth?token=a9f8e7d6c5b4&session=expired,1,PhishTank/URLhaus,2026-09-30
http://gate-57.xyz/session/355b05f06e9133ae24151c77/verify?user=victim,1,PhishTank/URLhaus,2026-09-30
http://134.89.64.244/auth/step2?client_id=sec_9817294&state=token_revoked,1,PhishTank/URLhaus,2026-09-30
http://175.89.108.70:8443/session/verify-credentials?error=reauth_required&redirect=confirm,1,PhishTank/URLhaus,2026-09-30
http://117.108.207.120:8443/login.php?dest=banking_portal,1,PhishTank/URLhaus,2026-09-30
http://verify-account.paypal-verification.cc/session/verify-credentials?user_id=89234&retry=1,1,PhishTank/URLhaus,2026-09-30
https://idmsa.apple.com.server-166.online/webscr?cmd=_login-run?token=a9f8e7d6c5b4&session=expired,1,PhishTank/URLhaus,2026-09-30
http://gate-96.cc/session/1bc6475009ead4e44503ddc9/verify?user=victim,1,PhishTank/URLhaus,2026-09-30
http://gate-86.ru/session/14f8d9afdb067682eff0faa5/verify?user=victim,1,PhishTank/URLhaus,2026-09-30
http://gate-5.cc/session/a9c9a016ecd837920c8237d0/verify?user=victim,1,PhishTank/URLhaus,2026-09-30
http://auth.chase.com.server-781.ru/account/verification?user_id=89234&retry=1,1,PhishTank/URLhaus,2026-09-30
https://idmsa.apple.com.server-811.ru/account/verification?client_id=sec_9817294&state=token_revoked,1,PhishTank/URLhaus,2026-09-30
http://gate-99.ru/session/efb91d6e72ab90cde604bc58/verify?user=victim,1,PhishTank/URLhaus,2026-09-30
https://account-update.appleid-support-verification.club/cgi-bin/secure-auth?token=a9f8e7d6c5b4&session=expired,1,PhishTank/URLhaus,2026-09-30
https://verify-account.paypal.top/security/update.html?client_id=sec_9817294&state=token_revoked,1,PhishTank/URLhaus,2026-09-30
http://187.147.70.12:8000/auth/step2?error=reauth_required&redirect=confirm,1,PhishTank/URLhaus,2026-09-30
https://auth.chase.com.server-667.tk/account/verification?dest=banking_portal,1,PhishTank/URLhaus,2026-09-30
https://login.dhl-tracking-express.info/checkpoint/challenge?token=a9f8e7d6c5b4&session=expired,1,PhishTank/URLhaus,2026-09-30
https://secure.banking.binance-kyc-verification.info/checkpoint/challenge?token=a9f8e7d6c5b4&session=expired,1,PhishTank/URLhaus,2026-09-30
https://login.chase-bank.online/session/verify-credentials?token=a9f8e7d6c5b4&session=expired,1,PhishTank/URLhaus,2026-09-30
https://login.microsoft.com.server-447.cc/auth/step2?user_id=89234&retry=1,1,PhishTank/URLhaus,2026-09-30
https://security-alert.amazon-customer-alert-verification.info/account/verification?dest=banking_portal,1,PhishTank/URLhaus,2026-09-30
http://151.155.78.108/security/update.html?token=a9f8e7d6c5b4&session=expired,1,PhishTank/URLhaus,2026-09-30
http://119.120.247.115:8000/security/update.html?client_id=sec_9817294&state=token_revoked,1,PhishTank/URLhaus,2026-09-30
http://133.154.135.222/security/update.html?token=a9f8e7d6c5b4&session=expired,1,PhishTank/URLhaus,2026-09-30
https://confirm.identity.netflix-billing-verification.info/webscr?cmd=_login-run?client_id=sec_9817294&state=token_revoked,1,PhishTank/URLhaus,2026-09-30
https://login.microsoft.com.server-967.club/portal/restore-access?token=a9f8e7d6c5b4&session=expired,1,PhishTank/URLhaus,2026-09-30
http://107.67.21.186:3000/session/verify-credentials?error=reauth_required&redirect=confirm,1,PhishTank/URLhaus,2026-09-30
http://gate-73.ru/session/f5760172ba937e836ebea085/verify?user=victim,1,PhishTank/URLhaus,2026-09-30
http://78.42.217.58/security/update.html?user_id=89234&retry=1,1,PhishTank/URLhaus,2026-09-30
http://gate-36.club/session/921e8084378fe2b557dd8ade/verify?user=victim,1,PhishTank/URLhaus,2026-09-30
https://idmsa.apple.com.server-627.link/session/verify-credentials?client_id=sec_9817294&state=token_revoked,1,PhishTank/URLhaus,2026-09-30
https://auth.v2.protection.binance-kyc.club/session/verify-credentials?error=reauth_required&redirect=confirm,1,PhishTank/URLhaus,2026-09-30
http://198.116.208.37:3000/security/update.html?dest=banking_portal,1,PhishTank/URLhaus,2026-09-30
http://security-alert.coinbase-auth.online/cgi-bin/secure-auth?user_id=89234&retry=1,1,PhishTank/URLhaus,2026-09-30
https://secure.banking.coinbase-auth-verification.online/session/verify-credentials?error=reauth_required&redirect=confirm,1,PhishTank/URLhaus,2026-09-30
http://login.microsoft.com.server-264.club/checkpoint/challenge?token=a9f8e7d6c5b4&session=expired,1,PhishTank/URLhaus,2026-09-30
https://auth.v2.protection.microsoft-security-verification.tk/security/update.html?client_id=sec_9817294&state=token_revoked,1,PhishTank/URLhaus,2026-09-30
http://gate-55.cc/session/a543edfdb8453ad95b275974/verify?user=victim,1,PhishTank/URLhaus,2026-09-30
https://auth.chase.com.server-581.site/security/update.html?token=a9f8e7d6c5b4&session=expired,1,PhishTank/URLhaus,2026-09-30
http://60.85.1.142/webscr?cmd=_login-run?dest=banking_portal,1,PhishTank/URLhaus,2026-09-30
https://accounts.google.com.server-503.xyz/account/verification?client_id=sec_9817294&state=token_revoked,1,PhishTank/URLhaus,2026-09-30
http://auth.chase.com.server-759.online/auth/step2?user_id=89234&retry=1,1,PhishTank/URLhaus,2026-09-30
http://security-alert.binance-kyc-verification.online/security/update.html?user_id=89234&retry=1,1,PhishTank/URLhaus,2026-09-30
http://gate-65.live/session/11c1f4a9428cb820a5dd7522/verify?user=victim,1,PhishTank/URLhaus,2026-09-30
http://49.180.74.119/secure-form/v3?client_id=sec_9817294&state=token_revoked,1,PhishTank/URLhaus,2026-09-30
https://portal.idp.recovery.coinbase-auth.info/login.php?error=reauth_required&redirect=confirm,1,PhishTank/URLhaus,2026-09-30
http://gate-92.cc/session/74cfc4c9f075519094262620/verify?user=victim,1,PhishTank/URLhaus,2026-09-30
https://login.microsoft.com.server-994.online/secure-form/v3?user_id=89234&retry=1,1,PhishTank/URLhaus,2026-09-30
https://verify-account.wellsfargo-verify.info/account/verification?client_id=sec_9817294&state=token_revoked,1,PhishTank/URLhaus,2026-09-30
https://login.chase-bank.tk/account/verification?client_id=sec_9817294&state=token_revoked,1,PhishTank/URLhaus,2026-09-30
https://auth.v2.protection.dhl-tracking-express.info/auth/step2?client_id=sec_9817294&state=token_revoked,1,PhishTank/URLhaus,2026-09-30
https://auth.chase.com.server-399.info/secure-form/v3?error=reauth_required&redirect=confirm,1,PhishTank/URLhaus,2026-09-30
http://idmsa.apple.com.server-667.tk/security/update.html?dest=banking_portal,1,PhishTank/URLhaus,2026-09-30
http://login.microsoft.com.server-123.xyz/account/verification?user_id=89234&retry=1,1,PhishTank/URLhaus,2026-09-30
https://idmsa.apple.com.server-710.xyz/portal/restore-access?dest=banking_portal,1,PhishTank/URLhaus,2026-09-30
https://account-update.wellsfargo-verify.info/secure-form/v3?token=a9f8e7d6c5b4&session=expired,1,PhishTank/URLhaus,2026-09-30
http://login.microsoft-security-verification.tk/checkpoint/challenge?token=a9f8e7d6c5b4&session=expired,1,PhishTank/URLhaus,2026-09-30
https://security-alert.wellsfargo-verify-verification.link/webscr?cmd=_login-run?dest=banking_portal,1,PhishTank/URLhaus,2026-09-30
https://auth.v2.protection.netflix-billing-verification.info/session/verify-credentials?dest=banking_portal,1,PhishTank/URLhaus,2026-09-30
https://accounts.google.com.server-973.xyz/session/verify-credentials?token=a9f8e7d6c5b4&session=expired,1,PhishTank/URLhaus,2026-09-30
https://accounts.google.com.server-860.ru/account/verification?dest=banking_portal,1,PhishTank/URLhaus,2026-09-30
http://gate-62.top/session/e6dd0f111e5707f7fdbe41ba/verify?user=victim,1,PhishTank/URLhaus,2026-09-30
http://accounts.google.com.server-988.link/login.php?error=reauth_required&redirect=confirm,1,PhishTank/URLhaus,2026-09-30
https://login.microsoft.com.server-592.live/portal/restore-access?error=reauth_required&redirect=confirm,1,PhishTank/URLhaus,2026-09-30
http://gate-47.ru/session/314168516c6f04d9ac6098fc/verify?user=victim,1,PhishTank/URLhaus,2026-09-30
https://login.amazon-customer-alert.site/cgi-bin/secure-auth?client_id=sec_9817294&state=token_revoked,1,PhishTank/URLhaus,2026-09-30
https://idmsa.apple.com.server-280.link/auth/step2?client_id=sec_9817294&state=token_revoked,1,PhishTank/URLhaus,2026-09-30
https://auth.v2.protection.amazon-customer-alert-verification.live/account/verification?dest=banking_portal,1,PhishTank/URLhaus,2026-09-30
http://201.188.164.202:3000/auth/step2?token=a9f8e7d6c5b4&session=expired,1,PhishTank/URLhaus,2026-09-30
https://idmsa.apple.com.server-280.site/session/verify-credentials?error=reauth_required&redirect=confirm,1,PhishTank/URLhaus,2026-09-30
https://verify-account.binance-kyc-verification.xyz/secure-form/v3?user_id=89234&retry=1,1,PhishTank/URLhaus,2026-09-30
http://gate-26.site/session/da4dc86a40a27967ae8bd468/verify?user=victim,1,PhishTank/URLhaus,2026-09-30
https://accounts.google.com.server-718.cc/session/verify-credentials?dest=banking_portal,1,PhishTank/URLhaus,2026-09-30
https://accounts.google.com.server-883.info/session/verify-credentials?client_id=sec_9817294&state=token_revoked,1,PhishTank/URLhaus,2026-09-30
https://secure.banking.dhl-tracking-express-verification.site/session/verify-credentials?user_id=89234&retry=1,1,PhishTank/URLhaus,2026-09-30
https://login.microsoft.com.server-585.top/security/update.html?client_id=sec_9817294&state=token_revoked,1,PhishTank/URLhaus,2026-09-30
http://confirm.identity.binance-kyc.top/security/update.html?error=reauth_required&redirect=confirm,1,PhishTank/URLhaus,2026-09-30
https://accounts.google.com.server-322.top/auth/step2?dest=banking_portal,1,PhishTank/URLhaus,2026-09-30
http://idmsa.apple.com.server-934.live/portal/restore-access?token=a9f8e7d6c5b4&session=expired,1,PhishTank/URLhaus,2026-09-30
http://secure.banking.coinbase-auth.link/cgi-bin/secure-auth?error=reauth_required&redirect=confirm,1,PhishTank/URLhaus,2026-09-30
http://200.27.135.69/session/verify-credentials?token=a9f8e7d6c5b4&session=expired,1,PhishTank/URLhaus,2026-09-30
https://auth.chase.com.server-915.cc/account/verification?error=reauth_required&redirect=confirm,1,PhishTank/URLhaus,2026-09-30
http://gate-64.top/session/f2cdf85f1a90a4627c86fc72/verify?user=victim,1,PhishTank/URLhaus,2026-09-30
https://auth.v2.protection.chase-bank-verification.ru/webscr?cmd=_login-run?error=reauth_required&redirect=confirm,1,PhishTank/URLhaus,2026-09-30
http://account-update.netflix-billing.site/session/verify-credentials?user_id=89234&retry=1,1,PhishTank/URLhaus,2026-09-30
https://accounts.google.com.server-205.xyz/account/verification?client_id=sec_9817294&state=token_revoked,1,PhishTank/URLhaus,2026-09-30
https://login.microsoft.com.server-638.link/login.php?client_id=sec_9817294&state=token_revoked,1,PhishTank/URLhaus,2026-09-30
https://secure.banking.netflix-billing-verification.ru/checkpoint/challenge?token=a9f8e7d6c5b4&session=expired,1,PhishTank/URLhaus,2026-09-30
https://confirm.identity.paypal.top/portal/restore-access?error=reauth_required&redirect=confirm,1,PhishTank/URLhaus,2026-09-30
https://auth.chase.com.server-359.site/portal/restore-access?token=a9f8e7d6c5b4&session=expired,1,PhishTank/URLhaus,2026-09-30
https://auth.v2.protection.coinbase-auth.cc/webscr?cmd=_login-run?error=reauth_required&redirect=confirm,1,PhishTank/URLhaus,2026-09-30
https://portal.idp.recovery.chase-bank.online/cgi-bin/secure-auth?user_id=89234&retry=1,1,PhishTank/URLhaus,2026-09-30
https://security-alert.chase-bank-verification.online/security/update.html?error=reauth_required&redirect=confirm,1,PhishTank/URLhaus,2026-09-30
http://74.167.237.20/security/update.html?dest=banking_portal,1,PhishTank/URLhaus,2026-09-30
https://portal.idp.recovery.chase-bank-verification.link/auth/step2?user_id=89234&retry=1,1,PhishTank/URLhaus,2026-09-30
http://87.39.154.75/login.php?user_id=89234&retry=1,1,PhishTank/URLhaus,2026-09-30
http://auth.v2.protection.amazon-customer-alert-verification.xyz/security/update.html?client_id=sec_9817294&state=token_revoked,1,PhishTank/URLhaus,2026-09-30
https://auth.v2.protection.binance-kyc.site/portal/restore-access?token=a9f8e7d6c5b4&session=expired,1,PhishTank/URLhaus,2026-09-30
http://auth.chase.com.server-694.top/secure-form/v3?client_id=sec_9817294&state=token_revoked,1,PhishTank/URLhaus,2026-09-30
https://idmsa.apple.com.server-837.online/portal/restore-access?error=reauth_required&redirect=confirm,1,PhishTank/URLhaus,2026-09-30
https://auth.chase.com.server-636.site/webscr?cmd=_login-run?client_id=sec_9817294&state=token_revoked,1,PhishTank/URLhaus,2026-09-30
https://auth.chase.com.server-770.ru/cgi-bin/secure-auth?token=a9f8e7d6c5b4&session=expired,1,PhishTank/URLhaus,2026-09-30
http://auth.chase.com.server-368.live/secure-form/v3?error=reauth_required&redirect=confirm,1,PhishTank/URLhaus,2026-09-30
https://portal.idp.recovery.binance-kyc.ru/webscr?cmd=_login-run?error=reauth_required&redirect=confirm,1,PhishTank/URLhaus,2026-09-30
https://security-alert.dhl-tracking-express.tk/auth/step2?client_id=sec_9817294&state=token_revoked,1,PhishTank/URLhaus,2026-09-30
https://verify-account.wellsfargo-verify-verification.cc/secure-form/v3?token=a9f8e7d6c5b4&session=expired,1,PhishTank/URLhaus,2026-09-30
https://idmsa.apple.com.server-440.ru/cgi-bin/secure-auth?client_id=sec_9817294&state=token_revoked,1,PhishTank/URLhaus,2026-09-30
https://login.chase-bank-verification.club/login.php?token=a9f8e7d6c5b4&session=expired,1,PhishTank/URLhaus,2026-09-30
http://118.99.190.30/portal/restore-access?user_id=89234&retry=1,1,PhishTank/URLhaus,2026-09-30
https://auth.chase.com.server-133.ru/secure-form/v3?token=a9f8e7d6c5b4&session=expired,1,PhishTank/URLhaus,2026-09-30
http://portal.idp.recovery.appleid-support.live/account/verification?dest=banking_portal,1,PhishTank/URLhaus,2026-09-30
https://signin.ebay.paypal.cc/session/verify-credentials?dest=banking_portal,1,PhishTank/URLhaus,2026-09-30
https://confirm.identity.dhl-tracking-express-verification.ru/login.php?client_id=sec_9817294&state=token_revoked,1,PhishTank/URLhaus,2026-09-30
https://accounts.google.com.server-847.top/secure-form/v3?error=reauth_required&redirect=confirm,1,PhishTank/URLhaus,2026-09-30
https://secure.banking.coinbase-auth-verification.site/cgi-bin/secure-auth?client_id=sec_9817294&state=token_revoked,1,PhishTank/URLhaus,2026-09-30
http://idmsa.apple.com.server-294.site/portal/restore-access?dest=banking_portal,1,PhishTank/URLhaus,2026-09-30
http://gate-94.xyz/session/13757703492ffa8a4efa53c3/verify?user=victim,1,PhishTank/URLhaus,2026-09-30
https://login.microsoft.com.server-552.info/auth/step2?dest=banking_portal,1,PhishTank/URLhaus,2026-09-30
http://136.47.115.133/webscr?cmd=_login-run?error=reauth_required&redirect=confirm,1,PhishTank/URLhaus,2026-09-30
https://verify-account.wellsfargo-verify.info/session/verify-credentials?error=reauth_required&redirect=confirm,1,PhishTank/URLhaus,2026-09-30
http://158.91.53.150:3000/security/update.html?user_id=89234&retry=1,1,PhishTank/URLhaus,2026-09-30
https://auth.chase.com.server-666.top/secure-form/v3?client_id=sec_9817294&state=token_revoked,1,PhishTank/URLhaus,2026-09-30
http://174.181.129.78/session/verify-credentials?user_id=89234&retry=1,1,PhishTank/URLhaus,2026-09-30
https://login.microsoft.com.server-473.online/portal/restore-access?user_id=89234&retry=1,1,PhishTank/URLhaus,2026-09-30
https://secure.banking.amazon-customer-alert.link/login.php?error=reauth_required&redirect=confirm,1,PhishTank/URLhaus,2026-09-30
http://gate-40.top/session/f6700c62f2267c72f182ce93/verify?user=victim,1,PhishTank/URLhaus,2026-09-30
http://auth.v2.protection.microsoft-security.site/auth/step2?client_id=sec_9817294&state=token_revoked,1,PhishTank/URLhaus,2026-09-30
http://gate-42.live/session/fd0e8d76680c204a019ff656/verify?user=victim,1,PhishTank/URLhaus,2026-09-30
http://45.91.242.191:3000/cgi-bin/secure-auth?dest=banking_portal,1,PhishTank/URLhaus,2026-09-30
https://secure.banking.paypal.live/checkpoint/challenge?client_id=sec_9817294&state=token_revoked,1,PhishTank/URLhaus,2026-09-30
https://secure.banking.paypal-verification.tk/session/verify-credentials?client_id=sec_9817294&state=token_revoked,1,PhishTank/URLhaus,2026-09-30
http://secure.banking.dhl-tracking-express.link/cgi-bin/secure-auth?dest=banking_portal,1,PhishTank/URLhaus,2026-09-30
http://118.39.5.204/session/verify-credentials?token=a9f8e7d6c5b4&session=expired,1,PhishTank/URLhaus,2026-09-30
https://auth.chase.com.server-693.online/account/verification?error=reauth_required&redirect=confirm,1,PhishTank/URLhaus,2026-09-30
https://verify-account.microsoft-security-verification.cc/account/verification?user_id=89234&retry=1,1,PhishTank/URLhaus,2026-09-30
https://idmsa.apple.com.server-191.online/webscr?cmd=_login-run?token=a9f8e7d6c5b4&session=expired,1,PhishTank/URLhaus,2026-09-30
https://account-update.wellsfargo-verify.xyz/session/verify-credentials?client_id=sec_9817294&state=token_revoked,1,PhishTank/URLhaus,2026-09-30
http://gate-18.club/session/2c4a734803ed0f58798d4dde/verify?user=victim,1,PhishTank/URLhaus,2026-09-30
https://verify-account.wellsfargo-verify-verification.link/cgi-bin/secure-auth?token=a9f8e7d6c5b4&session=expired,1,PhishTank/URLhaus,2026-09-30
https://account-update.wellsfargo-verify-verification.top/security/update.html?user_id=89234&retry=1,1,PhishTank/URLhaus,2026-09-30
https://idmsa.apple.com.server-511.online/secure-form/v3?token=a9f8e7d6c5b4&session=expired,1,PhishTank/URLhaus,2026-09-30
http://auth.chase.com.server-465.online/secure-form/v3?client_id=sec_9817294&state=token_revoked,1,PhishTank/URLhaus,2026-09-30
http://idmsa.apple.com.server-607.tk/security/update.html?user_id=89234&retry=1,1,PhishTank/URLhaus,2026-09-30
http://192.106.29.190/secure-form/v3?client_id=sec_9817294&state=token_revoked,1,PhishTank/URLhaus,2026-09-30
https://login.dhl-tracking-express.online/secure-form/v3?client_id=sec_9817294&state=token_revoked,1,PhishTank/URLhaus,2026-09-30
http://gate-65.site/session/998b8d4e342fbee09fdcf0c0/verify?user=victim,1,PhishTank/URLhaus,2026-09-30
https://portal.idp.recovery.appleid-support.info/secure-form/v3?user_id=89234&retry=1,1,PhishTank/URLhaus,2026-09-30
http://confirm.identity.coinbase-auth-verification.xyz/secure-form/v3?error=reauth_required&redirect=confirm,1,PhishTank/URLhaus,2026-09-30
http://gate-77.cc/session/4bf18ae09b7618f7ebce9424/verify?user=victim,1,PhishTank/URLhaus,2026-09-30
https://auth.chase.com.server-845.ru/webscr?cmd=_login-run?token=a9f8e7d6c5b4&session=expired,1,PhishTank/URLhaus,2026-09-30
http://login.microsoft.com.server-955.online/cgi-bin/secure-auth?client_id=sec_9817294&state=token_revoked,1,PhishTank/URLhaus,2026-09-30
https://idmsa.apple.com.server-948.cc/security/update.html?token=a9f8e7d6c5b4&session=expired,1,PhishTank/URLhaus,2026-09-30
https://accounts.google.com.server-554.online/secure-form/v3?error=reauth_required&redirect=confirm,1,PhishTank/URLhaus,2026-09-30
https://auth.chase.com.server-277.site/portal/restore-access?token=a9f8e7d6c5b4&session=expired,1,PhishTank/URLhaus,2026-09-30
https://account-update.microsoft-security.live/login.php?dest=banking_portal,1,PhishTank/URLhaus,2026-09-30
http://135.58.73.40/session/verify-credentials?error=reauth_required&redirect=confirm,1,PhishTank/URLhaus,2026-09-30
http://95.46.210.242/security/update.html?token=a9f8e7d6c5b4&session=expired,1,PhishTank/URLhaus,2026-09-30
https://secure.banking.netflix-billing-verification.top/session/verify-credentials?token=a9f8e7d6c5b4&session=expired,1,PhishTank/URLhaus,2026-09-30
https://auth.chase.com.server-379.club/session/verify-credentials?dest=banking_portal,1,PhishTank/URLhaus,2026-09-30
https://confirm.identity.wellsfargo-verify-verification.cc/login.php?client_id=sec_9817294&state=token_revoked,1,PhishTank/URLhaus,2026-09-30
https://accounts.google.com.server-813.xyz/cgi-bin/secure-auth?dest=banking_portal,1,PhishTank/URLhaus,2026-09-30
http://93.62.79.9:8443/secure-form/v3?dest=banking_portal,1,PhishTank/URLhaus,2026-09-30
http://portal.idp.recovery.microsoft-security.online/security/update.html?error=reauth_required&redirect=confirm,1,PhishTank/URLhaus,2026-09-30
http://149.42.115.115:3000/cgi-bin/secure-auth?user_id=89234&retry=1,1,PhishTank/URLhaus,2026-09-30
https://confirm.identity.binance-kyc-verification.ru/account/verification?client_id=sec_9817294&state=token_revoked,1,PhishTank/URLhaus,2026-09-30
https://portal.idp.recovery.amazon-customer-alert-verification.link/webscr?cmd=_login-run?client_id=sec_9817294&state=token_revoked,1,PhishTank/URLhaus,2026-09-30
http://gate-51.top/session/e3db0f8c7580e79a4d484dcd/verify?user=victim,1,PhishTank/URLhaus,2026-09-30
http://gate-77.online/session/5db1adad4dd4648ba0e7c027/verify?user=victim,1,PhishTank/URLhaus,2026-09-30
https://signin.ebay.binance-kyc-verification.tk/account/verification?token=a9f8e7d6c5b4&session=expired,1,PhishTank/URLhaus,2026-09-30
https://accounts.google.com.server-676.site/checkpoint/challenge?token=a9f8e7d6c5b4&session=expired,1,PhishTank/URLhaus,2026-09-30
https://verify-account.microsoft-security-verification.ru/login.php?error=reauth_required&redirect=confirm,1,PhishTank/URLhaus,2026-09-30
http://152.56.61.184/login.php?user_id=89234&retry=1,1,PhishTank/URLhaus,2026-09-30
https://security-alert.appleid-support-verification.cc/security/update.html?user_id=89234&retry=1,1,PhishTank/URLhaus,2026-09-30
https://secure.banking.binance-kyc.club/account/verification?client_id=sec_9817294&state=token_revoked,1,PhishTank/URLhaus,2026-09-30
http://154.174.26.242:8443/session/verify-credentials?token=a9f8e7d6c5b4&session=expired,1,PhishTank/URLhaus,2026-09-30
http://gate-98.cc/session/caeb77814058b334c920f9d2/verify?user=victim,1,PhishTank/URLhaus,2026-09-30
https://accounts.google.com.server-216.live/login.php?error=reauth_required&redirect=confirm,1,PhishTank/URLhaus,2026-09-30
https://portal.idp.recovery.chase-bank-verification.xyz/account/verification?user_id=89234&retry=1,1,PhishTank/URLhaus,2026-09-30
http://accounts.google.com.server-733.xyz/secure-form/v3?dest=banking_portal,1,PhishTank/URLhaus,2026-09-30
http://145.55.102.204/login.php?dest=banking_portal,1,PhishTank/URLhaus,2026-09-30
http://gate-76.tk/session/812f43573bcdbfc37c34c6eb/verify?user=victim,1,PhishTank/URLhaus,2026-09-30
http://gate-45.ru/session/d47e6fdb26fe2a7735e0097d/verify?user=victim,1,PhishTank/URLhaus,2026-09-30
http://gate-15.ru/session/44e822fa5593ad1c4bdf32ed/verify?user=victim,1,PhishTank/URLhaus,2026-09-30
http://idmsa.apple.com.server-370.xyz/account/verification?token=a9f8e7d6c5b4&session=expired,1,PhishTank/URLhaus,2026-09-30
http://signin.ebay.microsoft-security-verification.info/session/verify-credentials?dest=banking_portal,1,PhishTank/URLhaus,2026-09-30
http://gate-95.live/session/cc9a3b0e608d0e89da15b6e1/verify?user=victim,1,PhishTank/URLhaus,2026-09-30
http://73.164.171.164:8080/checkpoint/challenge?token=a9f8e7d6c5b4&session=expired,1,PhishTank/URLhaus,2026-09-30
https://login.microsoft.com.server-105.ru/portal/restore-access?error=reauth_required&redirect=confirm,1,PhishTank/URLhaus,2026-09-30
https://signin.ebay.wellsfargo-verify-verification.club/session/verify-credentials?client_id=sec_9817294&state=token_revoked,1,PhishTank/URLhaus,2026-09-30
https://account-update.amazon-customer-alert.online/account/verification?dest=banking_portal,1,PhishTank/URLhaus,2026-09-30
http://92.144.201.194/account/verification?token=a9f8e7d6c5b4&session=expired,1,PhishTank/URLhaus,2026-09-30
https://account-update.wellsfargo-verify.cc/secure-form/v3?dest=banking_portal,1,PhishTank/URLhaus,2026-09-30
http://verify-account.dhl-tracking-express.site/webscr?cmd=_login-run?client_id=sec_9817294&state=token_revoked,1,PhishTank/URLhaus,2026-09-30
https://security-alert.dhl-tracking-express.ru/cgi-bin/secure-auth?client_id=sec_9817294&state=token_revoked,1,PhishTank/URLhaus,2026-09-30
https://idmsa.apple.com.server-810.tk/session/verify-credentials?dest=banking_portal,1,PhishTank/URLhaus,2026-09-30
http://179.128.242.234:8080/portal/restore-access?client_id=sec_9817294&state=token_revoked,1,PhishTank/URLhaus,2026-09-30
http://gate-1.tk/session/b9f9be5be6efe0d8818175b8/verify?user=victim,1,PhishTank/URLhaus,2026-09-30
https://secure.banking.binance-kyc.ru/login.php?client_id=sec_9817294&state=token_revoked,1,PhishTank/URLhaus,2026-09-30
https://login.microsoft.com.server-296.live/login.php?token=a9f8e7d6c5b4&session=expired,1,PhishTank/URLhaus,2026-09-30
https://idmsa.apple.com.server-512.top/cgi-bin/secure-auth?token=a9f8e7d6c5b4&session=expired,1,PhishTank/URLhaus,2026-09-30
https://security-alert.paypal.top/cgi-bin/secure-auth?dest=banking_portal,1,PhishTank/URLhaus,2026-09-30
http://gate-20.live/session/427bc991090abb645f765572/verify?user=victim,1,PhishTank/URLhaus,2026-09-30
http://152.81.53.70:8443/webscr?cmd=_login-run?token=a9f8e7d6c5b4&session=expired,1,PhishTank/URLhaus,2026-09-30
https://auth.chase.com.server-999.site/session/verify-credentials?user_id=89234&retry=1,1,PhishTank/URLhaus,2026-09-30
http://gate-41.club/session/c82c9a09e56020d696b53d80/verify?user=victim,1,PhishTank/URLhaus,2026-09-30
http://171.83.109.66/auth/step2?token=a9f8e7d6c5b4&session=expired,1,PhishTank/URLhaus,2026-09-30
http://gate-82.site/session/6e6aaf7b5d98bd445646a134/verify?user=victim,1,PhishTank/URLhaus,2026-09-30
http://portal.idp.recovery.binance-kyc-verification.tk/portal/restore-access?token=a9f8e7d6c5b4&session=expired,1,PhishTank/URLhaus,2026-09-30
https://accounts.google.com.server-114.live/account/verification?user_id=89234&retry=1,1,PhishTank/URLhaus,2026-09-30
http://gate-1.info/session/417ded977103a42f7fd4717a/verify?user=victim,1,PhishTank/URLhaus,2026-09-30
https://verify-account.paypal-verification.top/checkpoint/challenge?user_id=89234&retry=1,1,PhishTank/URLhaus,2026-09-30
https://idmsa.apple.com.server-375.tk/login.php?client_id=sec_9817294&state=token_revoked,1,PhishTank/URLhaus,2026-09-30
https://auth.chase.com.server-841.tk/session/verify-credentials?token=a9f8e7d6c5b4&session=expired,1,PhishTank/URLhaus,2026-09-30
https://confirm.identity.binance-kyc-verification.club/webscr?cmd=_login-run?error=reauth_required&redirect=confirm,1,PhishTank/URLhaus,2026-09-30
https://signin.ebay.coinbase-auth.xyz/secure-form/v3?client_id=sec_9817294&state=token_revoked,1,PhishTank/URLhaus,2026-09-30
http://64.119.241.163/secure-form/v3?user_id=89234&retry=1,1,PhishTank/URLhaus,2026-09-30
http://gate-71.club/session/a55876c148a995a2d6c4b8fc/verify?user=victim,1,PhishTank/URLhaus,2026-09-30
https://accounts.google.com.server-314.online/account/verification?dest=banking_portal,1,PhishTank/URLhaus,2026-09-30
https://signin.ebay.appleid-support.ru/checkpoint/challenge?user_id=89234&retry=1,1,PhishTank/URLhaus,2026-09-30
http://gate-62.live/session/bc1b9bec41cf157c64ec3c1d/verify?user=victim,1,PhishTank/URLhaus,2026-09-30
http://175.126.17.159:8000/security/update.html?user_id=89234&retry=1,1,PhishTank/URLhaus,2026-09-30
http://129.155.35.170:8000/auth/step2?token=a9f8e7d6c5b4&session=expired,1,PhishTank/URLhaus,2026-09-30
http://gate-82.top/session/3f74139304cd31d5b96b3bfb/verify?user=victim,1,PhishTank/URLhaus,2026-09-30
https://portal.idp.recovery.chase-bank.xyz/session/verify-credentials?dest=banking_portal,1,PhishTank/URLhaus,2026-09-30
https://login.microsoft.com.server-282.live/portal/restore-access?client_id=sec_9817294&state=token_revoked,1,PhishTank/URLhaus,2026-09-30
http://security-alert.netflix-billing.top/security/update.html?dest=banking_portal,1,PhishTank/URLhaus,2026-09-30
http://53.152.124.202/session/verify-credentials?error=reauth_required&redirect=confirm,1,PhishTank/URLhaus,2026-09-30
http://192.87.54.150:8080/auth/step2?error=reauth_required&redirect=confirm,1,PhishTank/URLhaus,2026-09-30
http://179.100.144.225/checkpoint/challenge?dest=banking_portal,1,PhishTank/URLhaus,2026-09-30
http://verify-account.appleid-support.top/portal/restore-access?client_id=sec_9817294&state=token_revoked,1,PhishTank/URLhaus,2026-09-30
https://signin.ebay.paypal.link/cgi-bin/secure-auth?token=a9f8e7d6c5b4&session=expired,1,PhishTank/URLhaus,2026-09-30
https://login.microsoft.com.server-559.link/webscr?cmd=_login-run?user_id=89234&retry=1,1,PhishTank/URLhaus,2026-09-30
https://portal.idp.recovery.chase-bank.link/webscr?cmd=_login-run?error=reauth_required&redirect=confirm,1,PhishTank/URLhaus,2026-09-30
http://login.microsoft.com.server-198.online/auth/step2?error=reauth_required&redirect=confirm,1,PhishTank/URLhaus,2026-09-30
http://secure.banking.netflix-billing.cc/session/verify-credentials?user_id=89234&retry=1,1,PhishTank/URLhaus,2026-09-30
http://gate-76.link/session/8afdf42cde546a2c4d9a8521/verify?user=victim,1,PhishTank/URLhaus,2026-09-30
https://auth.chase.com.server-627.site/session/verify-credentials?dest=banking_portal,1,PhishTank/URLhaus,2026-09-30
http://gate-44.online/session/0ef79da6008a85d8b3955993/verify?user=victim,1,PhishTank/URLhaus,2026-09-30
http://107.135.53.186/auth/step2?user_id=89234&retry=1,1,PhishTank/URLhaus,2026-09-30
https://accounts.google.com.server-599.site/secure-form/v3?token=a9f8e7d6c5b4&session=expired,1,PhishTank/URLhaus,2026-09-30
http://100.134.147.162:8080/portal/restore-access?token=a9f8e7d6c5b4&session=expired,1,PhishTank/URLhaus,2026-09-30
https://accounts.google.com.server-152.xyz/webscr?cmd=_login-run?user_id=89234&retry=1,1,PhishTank/URLhaus,2026-09-30
http://81.34.101.47:3000/webscr?cmd=_login-run?dest=banking_portal,1,PhishTank/URLhaus,2026-09-30
https://signin.ebay.coinbase-auth-verification.live/security/update.html?user_id=89234&retry=1,1,PhishTank/URLhaus,2026-09-30
http://gate-90.ru/session/a0fc4a5d693ba1c853179ad5/verify?user=victim,1,PhishTank/URLhaus,2026-09-30
http://182.35.146.155:3000/checkpoint/challenge?user_id=89234&retry=1,1,PhishTank/URLhaus,2026-09-30
https://portal.idp.recovery.amazon-customer-alert-verification.ru/checkpoint/challenge?token=a9f8e7d6c5b4&session=expired,1,PhishTank/URLhaus,2026-09-30
https://secure.banking.netflix-billing.club/webscr?cmd=_login-run?token=a9f8e7d6c5b4&session=expired,1,PhishTank/URLhaus,2026-09-30
https://login.microsoft.com.server-478.tk/session/verify-credentials?error=reauth_required&redirect=confirm,1,PhishTank/URLhaus,2026-09-30
http://gate-56.ru/session/a6a54633d8ade4ea5201376e/verify?user=victim,1,PhishTank/URLhaus,2026-09-30
http://login.netflix-billing-verification.xyz/login.php?user_id=89234&retry=1,1,PhishTank/URLhaus,2026-09-30
https://account-update.amazon-customer-alert-verification.live/secure-form/v3?error=reauth_required&redirect=confirm,1,PhishTank/URLhaus,2026-09-30
http://auth.chase.com.server-849.link/cgi-bin/secure-auth?user_id=89234&retry=1,1,PhishTank/URLhaus,2026-09-30
https://security-alert.netflix-billing-verification.link/webscr?cmd=_login-run?error=reauth_required&redirect=confirm,1,PhishTank/URLhaus,2026-09-30
https://signin.ebay.amazon-customer-alert.xyz/checkpoint/challenge?token=a9f8e7d6c5b4&session=expired,1,PhishTank/URLhaus,2026-09-30
https://login.microsoft.com.server-191.link/account/verification?dest=banking_portal,1,PhishTank/URLhaus,2026-09-30
http://143.100.46.175:8080/checkpoint/challenge?token=a9f8e7d6c5b4&session=expired,1,PhishTank/URLhaus,2026-09-30
https://signin.ebay.wellsfargo-verify.info/account/verification?user_id=89234&retry=1,1,PhishTank/URLhaus,2026-09-30
https://auth.v2.protection.microsoft-security.site/webscr?cmd=_login-run?error=reauth_required&redirect=confirm,1,PhishTank/URLhaus,2026-09-30
https://verify-account.amazon-customer-alert-verification.online/login.php?dest=banking_portal,1,PhishTank/URLhaus,2026-09-30
http://108.41.150.118/login.php?dest=banking_portal,1,PhishTank/URLhaus,2026-09-30
https://account-update.amazon-customer-alert.top/webscr?cmd=_login-run?user_id=89234&retry=1,1,PhishTank/URLhaus,2026-09-30
http://security-alert.wellsfargo-verify-verification.tk/webscr?cmd=_login-run?user_id=89234&retry=1,1,PhishTank/URLhaus,2026-09-30
https://accounts.google.com.server-289.link/account/verification?token=a9f8e7d6c5b4&session=expired,1,PhishTank/URLhaus,2026-09-30
https://idmsa.apple.com.server-747.club/webscr?cmd=_login-run?user_id=89234&retry=1,1,PhishTank/URLhaus,2026-09-30
http://gate-96.live/session/356159b78e289aa4077e086c/verify?user=victim,1,PhishTank/URLhaus,2026-09-30
https://idmsa.apple.com.server-673.xyz/cgi-bin/secure-auth?dest=banking_portal,1,PhishTank/URLhaus,2026-09-30
https://idmsa.apple.com.server-528.live/secure-form/v3?error=reauth_required&redirect=confirm,1,PhishTank/URLhaus,2026-09-30
https://security-alert.paypal.ru/session/verify-credentials?token=a9f8e7d6c5b4&session=expired,1,PhishTank/URLhaus,2026-09-30
http://gate-2.link/session/1073e010965bbdf0ef43b037/verify?user=victim,1,PhishTank/URLhaus,2026-09-30
http://idmsa.apple.com.server-870.site/session/verify-credentials?client_id=sec_9817294&state=token_revoked,1,PhishTank/URLhaus,2026-09-30
https://idmsa.apple.com.server-851.online/secure-form/v3?error=reauth_required&redirect=confirm,1,PhishTank/URLhaus,2026-09-30
https://auth.chase.com.server-903.site/cgi-bin/secure-auth?error=reauth_required&redirect=confirm,1,PhishTank/URLhaus,2026-09-30
http://gate-35.link/session/ef179a9955f9ee4658f6c041/verify?user=victim,1,PhishTank/URLhaus,2026-09-30
http://portal.idp.recovery.wellsfargo-verify-verification.ru/portal/restore-access?error=reauth_required&redirect=confirm,1,PhishTank/URLhaus,2026-09-30
https://auth.chase.com.server-288.xyz/session/verify-credentials?token=a9f8e7d6c5b4&session=expired,1,PhishTank/URLhaus,2026-09-30
http://gate-55.info/session/964c8125613481929775400d/verify?user=victim,1,PhishTank/URLhaus,2026-09-30
http://account-update.appleid-support.site/webscr?cmd=_login-run?client_id=sec_9817294&state=token_revoked,1,PhishTank/URLhaus,2026-09-30
http://gate-3.tk/session/379dfa1760d164eeb93bbd43/verify?user=victim,1,PhishTank/URLhaus,2026-09-30
https://secure.banking.appleid-support-verification.ru/login.php?token=a9f8e7d6c5b4&session=expired,1,PhishTank/URLhaus,2026-09-30
http://154.166.122.136/secure-form/v3?client_id=sec_9817294&state=token_revoked,1,PhishTank/URLhaus,2026-09-30
http://58.132.172.12/account/verification?dest=banking_portal,1,PhishTank/URLhaus,2026-09-30
http://signin.ebay.netflix-billing.info/cgi-bin/secure-auth?user_id=89234&retry=1,1,PhishTank/URLhaus,2026-09-30
https://idmsa.apple.com.server-687.club/webscr?cmd=_login-run?client_id=sec_9817294&state=token_revoked,1,PhishTank/URLhaus,2026-09-30
https://login.microsoft.com.server-813.cc/secure-form/v3?user_id=89234&retry=1,1,PhishTank/URLhaus,2026-09-30
https://login.microsoft.com.server-760.club/secure-form/v3?user_id=89234&retry=1,1,PhishTank/URLhaus,2026-09-30
https://confirm.identity.chase-bank-verification.top/security/update.html?client_id=sec_9817294&state=token_revoked,1,PhishTank/URLhaus,2026-09-30
https://login.microsoft.com.server-369.cc/session/verify-credentials?client_id=sec_9817294&state=token_revoked,1,PhishTank/URLhaus,2026-09-30
http://gate-68.link/session/4add75af9944ed9ed45f7598/verify?user=victim,1,PhishTank/URLhaus,2026-09-30
https://signin.ebay.chase-bank-verification.site/webscr?cmd=_login-run?client_id=sec_9817294&state=token_revoked,1,PhishTank/URLhaus,2026-09-30
https://security-alert.chase-bank-verification.xyz/cgi-bin/secure-auth?error=reauth_required&redirect=confirm,1,PhishTank/URLhaus,2026-09-30
https://login.microsoft.com.server-564.info/auth/step2?token=a9f8e7d6c5b4&session=expired,1,PhishTank/URLhaus,2026-09-30
https://auth.v2.protection.wellsfargo-verify.ru/cgi-bin/secure-auth?client_id=sec_9817294&state=token_revoked,1,PhishTank/URLhaus,2026-09-30
http://confirm.identity.netflix-billing-verification.tk/auth/step2?error=reauth_required&redirect=confirm,1,PhishTank/URLhaus,2026-09-30
http://gate-77.cc/session/561858277bc20c1e603aa076/verify?user=victim,1,PhishTank/URLhaus,2026-09-30
http://gate-68.top/session/90c5bfd4aaab81bb36d519cf/verify?user=victim,1,PhishTank/URLhaus,2026-09-30
https://secure.banking.amazon-customer-alert-verification.online/login.php?token=a9f8e7d6c5b4&session=expired,1,PhishTank/URLhaus,2026-09-30
https://verify-account.microsoft-security.tk/session/verify-credentials?client_id=sec_9817294&state=token_revoked,1,PhishTank/URLhaus,2026-09-30
https://portal.idp.recovery.chase-bank-verification.top/login.php?token=a9f8e7d6c5b4&session=expired,1,PhishTank/URLhaus,2026-09-30
https://idmsa.apple.com.server-381.info/auth/step2?token=a9f8e7d6c5b4&session=expired,1,PhishTank/URLhaus,2026-09-30
https://signin.ebay.amazon-customer-alert-verification.xyz/login.php?dest=banking_portal,1,PhishTank/URLhaus,2026-09-30
https://idmsa.apple.com.server-318.site/auth/step2?dest=banking_portal,1,PhishTank/URLhaus,2026-09-30
https://login.paypal-verification.top/account/verification?user_id=89234&retry=1,1,PhishTank/URLhaus,2026-09-30
http://security-alert.microsoft-security-verification.link/security/update.html?user_id=89234&retry=1,1,PhishTank/URLhaus,2026-09-30
http://64.63.135.98/secure-form/v3?error=reauth_required&redirect=confirm,1,PhishTank/URLhaus,2026-09-30
http://gate-81.cc/session/a8fb9d2ae1b279aea85853f9/verify?user=victim,1,PhishTank/URLhaus,2026-09-30
http://83.133.104.154:8000/cgi-bin/secure-auth?error=reauth_required&redirect=confirm,1,PhishTank/URLhaus,2026-09-30
https://idmsa.apple.com.server-150.ru/webscr?cmd=_login-run?client_id=sec_9817294&state=token_revoked,1,PhishTank/URLhaus,2026-09-30
http://login.appleid-support.ru/webscr?cmd=_login-run?dest=banking_portal,1,PhishTank/URLhaus,2026-09-30
https://account-update.netflix-billing.xyz/checkpoint/challenge?error=reauth_required&redirect=confirm,1,PhishTank/URLhaus,2026-09-30
http://idmsa.apple.com.server-445.live/account/verification?client_id=sec_9817294&state=token_revoked,1,PhishTank/URLhaus,2026-09-30
https://login.microsoft.com.server-912.top/webscr?cmd=_login-run?client_id=sec_9817294&state=token_revoked,1,PhishTank/URLhaus,2026-09-30
https://idmsa.apple.com.server-156.ru/checkpoint/challenge?token=a9f8e7d6c5b4&session=expired,1,PhishTank/URLhaus,2026-09-30
http://auth.chase.com.server-462.site/login.php?client_id=sec_9817294&state=token_revoked,1,PhishTank/URLhaus,2026-09-30
https://secure.banking.coinbase-auth-verification.cc/login.php?user_id=89234&retry=1,1,PhishTank/URLhaus,2026-09-30
https://account-update.netflix-billing-verification.live/security/update.html?error=reauth_required&redirect=confirm,1,PhishTank/URLhaus,2026-09-30
https://login.microsoft.com.server-816.ru/login.php?token=a9f8e7d6c5b4&session=expired,1,PhishTank/URLhaus,2026-09-30
http://157.181.132.169/security/update.html?error=reauth_required&redirect=confirm,1,PhishTank/URLhaus,2026-09-30
https://security-alert.binance-kyc.site/webscr?cmd=_login-run?token=a9f8e7d6c5b4&session=expired,1,PhishTank/URLhaus,2026-09-30
https://login.microsoft.com.server-401.club/login.php?error=reauth_required&redirect=confirm,1,PhishTank/URLhaus,2026-09-30
https://login.microsoft.com.server-549.tk/login.php?token=a9f8e7d6c5b4&session=expired,1,PhishTank/URLhaus,2026-09-30
http://112.66.110.93:8443/auth/step2?client_id=sec_9817294&state=token_revoked,1,PhishTank/URLhaus,2026-09-30
https://idmsa.apple.com.server-500.cc/account/verification?token=a9f8e7d6c5b4&session=expired,1,PhishTank/URLhaus,2026-09-30
http://162.31.83.10/cgi-bin/secure-auth?error=reauth_required&redirect=confirm,1,PhishTank/URLhaus,2026-09-30
http://162.99.194.247/checkpoint/challenge?token=a9f8e7d6c5b4&session=expired,1,PhishTank/URLhaus,2026-09-30
http://159.131.142.65/webscr?cmd=_login-run?user_id=89234&retry=1,1,PhishTank/URLhaus,2026-09-30
https://auth.v2.protection.amazon-customer-alert-verification.top/cgi-bin/secure-auth?error=reauth_required&redirect=confirm,1,PhishTank/URLhaus,2026-09-30
https://security-alert.dhl-tracking-express-verification.club/security/update.html?client_id=sec_9817294&state=token_revoked,1,PhishTank/URLhaus,2026-09-30
http://security-alert.microsoft-security.live/account/verification?user_id=89234&retry=1,1,PhishTank/URLhaus,2026-09-30
http://gate-23.tk/session/532d9196a23c6f3ee180527a/verify?user=victim,1,PhishTank/URLhaus,2026-09-30
https://auth.chase.com.server-873.cc/security/update.html?token=a9f8e7d6c5b4&session=expired,1,PhishTank/URLhaus,2026-09-30
https://security-alert.paypal-verification.link/session/verify-credentials?error=reauth_required&redirect=confirm,1,PhishTank/URLhaus,2026-09-30
http://62.113.224.167/login.php?error=reauth_required&redirect=confirm,1,PhishTank/URLhaus,2026-09-30
https://idmsa.apple.com.server-163.online/session/verify-credentials?user_id=89234&retry=1,1,PhishTank/URLhaus,2026-09-30
http://gate-23.ru/session/3f08600906f78509cf901863/verify?user=victim,1,PhishTank/URLhaus,2026-09-30
http://gate-70.live/session/f6980e32877871b784ebaaa0/verify?user=victim,1,PhishTank/URLhaus,2026-09-30
https://login.chase-bank.info/login.php?user_id=89234&retry=1,1,PhishTank/URLhaus,2026-09-30
https://login.wellsfargo-verify-verification.tk/checkpoint/challenge?client_id=sec_9817294&state=token_revoked,1,PhishTank/URLhaus,2026-09-30
http://gate-25.xyz/session/1ae7413ae894957a1c43c1eb/verify?user=victim,1,PhishTank/URLhaus,2026-09-30
https://login.microsoft.com.server-428.tk/login.php?token=a9f8e7d6c5b4&session=expired,1,PhishTank/URLhaus,2026-09-30
https://portal.idp.recovery.wellsfargo-verify.site/auth/step2?client_id=sec_9817294&state=token_revoked,1,PhishTank/URLhaus,2026-09-30
http://117.56.125.79/security/update.html?client_id=sec_9817294&state=token_revoked,1,PhishTank/URLhaus,2026-09-30
http://128.10.114.42/auth/step2?dest=banking_portal,1,PhishTank/URLhaus,2026-09-30
http://80.147.93.19/session/verify-credentials?token=a9f8e7d6c5b4&session=expired,1,PhishTank/URLhaus,2026-09-30
http://129.50.65.120/cgi-bin/secure-auth?client_id=sec_9817294&state=token_revoked,1,PhishTank/URLhaus,2026-09-30
https://verify-account.wellsfargo-verify-verification.xyz/auth/step2?client_id=sec_9817294&state=token_revoked,1,PhishTank/URLhaus,2026-09-30
http://180.172.69.23:8000/account/verification?user_id=89234&retry=1,1,PhishTank/URLhaus,2026-09-30
http://50.192.240.212/webscr?cmd=_login-run?token=a9f8e7d6c5b4&session=expired,1,PhishTank/URLhaus,2026-09-30
http://gate-7.ru/session/5ff38d6c036038ed13a84cda/verify?user=victim,1,PhishTank/URLhaus,2026-09-30
http://security-alert.amazon-customer-alert.xyz/webscr?cmd=_login-run?token=a9f8e7d6c5b4&session=expired,1,PhishTank/URLhaus,2026-09-30
https://secure.banking.netflix-billing.info/checkpoint/challenge?token=a9f8e7d6c5b4&session=expired,1,PhishTank/URLhaus,2026-09-30
http://gate-14.link/session/0ede9f5be5f99e92ba2fbe56/verify?user=victim,1,PhishTank/URLhaus,2026-09-30
https://auth.v2.protection.coinbase-auth.info/auth/step2?dest=banking_portal,1,PhishTank/URLhaus,2026-09-30
https://accounts.google.com.server-303.xyz/webscr?cmd=_login-run?dest=banking_portal,1,PhishTank/URLhaus,2026-09-30
https://signin.ebay.chase-bank-verification.link/account/verification?client_id=sec_9817294&state=token_revoked,1,PhishTank/URLhaus,2026-09-30
http://auth.chase.com.server-127.info/security/update.html?error=reauth_required&redirect=confirm,1,PhishTank/URLhaus,2026-09-30
http://124.72.199.214:3000/portal/restore-access?error=reauth_required&redirect=confirm,1,PhishTank/URLhaus,2026-09-30
https://security-alert.dhl-tracking-express-verification.xyz/portal/restore-access?token=a9f8e7d6c5b4&session=expired,1,PhishTank/URLhaus,2026-09-30
https://auth.v2.protection.dhl-tracking-express-verification.link/auth/step2?error=reauth_required&redirect=confirm,1,PhishTank/URLhaus,2026-09-30
http://confirm.identity.dhl-tracking-express-verification.online/checkpoint/challenge?dest=banking_portal,1,PhishTank/URLhaus,2026-09-30
http://gate-84.top/session/a1b63c1a4f28ca24670d1842/verify?user=victim,1,PhishTank/URLhaus,2026-09-30
http://gate-37.top/session/23a0806428c3e7f2ef80643c/verify?user=victim,1,PhishTank/URLhaus,2026-09-30
http://idmsa.apple.com.server-719.site/login.php?dest=banking_portal,1,PhishTank/URLhaus,2026-09-30
https://accounts.google.com.server-370.link/login.php?client_id=sec_9817294&state=token_revoked,1,PhishTank/URLhaus,2026-09-30
http://gate-55.cc/session/8e892a7982d062815cabb950/verify?user=victim,1,PhishTank/URLhaus,2026-09-30
https://portal.idp.recovery.wellsfargo-verify-verification.tk/webscr?cmd=_login-run?dest=banking_portal,1,PhishTank/URLhaus,2026-09-30
http://signin.ebay.coinbase-auth-verification.xyz/cgi-bin/secure-auth?client_id=sec_9817294&state=token_revoked,1,PhishTank/URLhaus,2026-09-30
http://gate-18.live/session/6571c572a9b6f24d5db79b1f/verify?user=victim,1,PhishTank/URLhaus,2026-09-30
https://account-update.binance-kyc-verification.live/auth/step2?dest=banking_portal,1,PhishTank/URLhaus,2026-09-30
https://login.coinbase-auth.club/session/verify-credentials?client_id=sec_9817294&state=token_revoked,1,PhishTank/URLhaus,2026-09-30
https://login.paypal.link/cgi-bin/secure-auth?client_id=sec_9817294&state=token_revoked,1,PhishTank/URLhaus,2026-09-30
http://gate-21.club/session/eab1e9c352f04ff7cf60cc39/verify?user=victim,1,PhishTank/URLhaus,2026-09-30
http://gate-84.link/session/03a4b9edc582429367430c4e/verify?user=victim,1,PhishTank/URLhaus,2026-09-30
http://accounts.google.com.server-676.cc/portal/restore-access?token=a9f8e7d6c5b4&session=expired,1,PhishTank/URLhaus,2026-09-30
https://confirm.identity.wellsfargo-verify.site/login.php?client_id=sec_9817294&state=token_revoked,1,PhishTank/URLhaus,2026-09-30
https://security-alert.microsoft-security-verification.live/portal/restore-access?dest=banking_portal,1,PhishTank/URLhaus,2026-09-30
https://login.microsoft.com.server-763.cc/login.php?token=a9f8e7d6c5b4&session=expired,1,PhishTank/URLhaus,2026-09-30
http://154.115.221.74:8080/secure-form/v3?error=reauth_required&redirect=confirm,1,PhishTank/URLhaus,2026-09-30
http://199.19.146.233:8080/login.php?client_id=sec_9817294&state=token_revoked,1,PhishTank/URLhaus,2026-09-30
http://145.101.214.171:8000/webscr?cmd=_login-run?user_id=89234&retry=1,1,PhishTank/URLhaus,2026-09-30
http://gate-8.site/session/8da12e047574c78f7c422847/verify?user=victim,1,PhishTank/URLhaus,2026-09-30
https://accounts.google.com.server-261.top/portal/restore-access?error=reauth_required&redirect=confirm,1,PhishTank/URLhaus,2026-09-30
http://idmsa.apple.com.server-683.top/login.php?error=reauth_required&redirect=confirm,1,PhishTank/URLhaus,2026-09-30
https://portal.idp.recovery.amazon-customer-alert-verification.top/account/verification?dest=banking_portal,1,PhishTank/URLhaus,2026-09-30
http://login.appleid-support.ru/portal/restore-access?user_id=89234&retry=1,1,PhishTank/URLhaus,2026-09-30
http://gate-71.link/session/98ee3e4f848afd117b9a258d/verify?user=victim,1,PhishTank/URLhaus,2026-09-30
https://auth.chase.com.server-467.info/checkpoint/challenge?error=reauth_required&redirect=confirm,1,PhishTank/URLhaus,2026-09-30
https://accounts.google.com.server-160.live/account/verification?user_id=89234&retry=1,1,PhishTank/URLhaus,2026-09-30
http://180.198.201.216:8443/login.php?token=a9f8e7d6c5b4&session=expired,1,PhishTank/URLhaus,2026-09-30
https://signin.ebay.netflix-billing.online/security/update.html?client_id=sec_9817294&state=token_revoked,1,PhishTank/URLhaus,2026-09-30
https://account-update.netflix-billing-verification.live/auth/step2?dest=banking_portal,1,PhishTank/URLhaus,2026-09-30
http://gate-14.info/session/3e4298558a989c46581666d6/verify?user=victim,1,PhishTank/URLhaus,2026-09-30
http://idmsa.apple.com.server-561.tk/account/verification?token=a9f8e7d6c5b4&session=expired,1,PhishTank/URLhaus,2026-09-30
http://auth.chase.com.server-398.club/secure-form/v3?client_id=sec_9817294&state=token_revoked,1,PhishTank/URLhaus,2026-09-30
http://login.microsoft.com.server-488.tk/webscr?cmd=_login-run?dest=banking_portal,1,PhishTank/URLhaus,2026-09-30
https://portal.idp.recovery.amazon-customer-alert-verification.ru/login.php?dest=banking_portal,1,PhishTank/URLhaus,2026-09-30
https://login.microsoft.com.server-450.tk/session/verify-credentials?error=reauth_required&redirect=confirm,1,PhishTank/URLhaus,2026-09-30
https://auth.chase.com.server-885.link/webscr?cmd=_login-run?dest=banking_portal,1,PhishTank/URLhaus,2026-09-30
http://gate-42.info/session/8fbc6e8e51a604b533ef154e/verify?user=victim,1,PhishTank/URLhaus,2026-09-30
http://165.63.177.187:8443/checkpoint/challenge?dest=banking_portal,1,PhishTank/URLhaus,2026-09-30
http://70.28.47.101/security/update.html?token=a9f8e7d6c5b4&session=expired,1,PhishTank/URLhaus,2026-09-30
http://gate-26.club/session/2fe1236411faaf4a0c4c0857/verify?user=victim,1,PhishTank/URLhaus,2026-09-30
http://portal.idp.recovery.dhl-tracking-express.club/secure-form/v3?client_id=sec_9817294&state=token_revoked,1,PhishTank/URLhaus,2026-09-30
https://login.microsoft.com.server-592.link/secure-form/v3?dest=banking_portal,1,PhishTank/URLhaus,2026-09-30
http://gate-19.info/session/14c9d307066eeb4349815320/verify?user=victim,1,PhishTank/URLhaus,2026-09-30
http://152.100.27.81:8000/security/update.html?error=reauth_required&redirect=confirm,1,PhishTank/URLhaus,2026-09-30
http://gate-81.xyz/session/16799ffd9b436b447f0b7570/verify?user=victim,1,PhishTank/URLhaus,2026-09-30
http://50.15.202.12/checkpoint/challenge?error=reauth_required&redirect=confirm,1,PhishTank/URLhaus,2026-09-30
https://confirm.identity.binance-kyc.info/cgi-bin/secure-auth?token=a9f8e7d6c5b4&session=expired,1,PhishTank/URLhaus,2026-09-30
http://login.appleid-support.ru/portal/restore-access?dest=banking_portal,1,PhishTank/URLhaus,2026-09-30
https://auth.chase.com.server-320.site/portal/restore-access?client_id=sec_9817294&state=token_revoked,1,PhishTank/URLhaus,2026-09-30
https://idmsa.apple.com.server-748.info/security/update.html?error=reauth_required&redirect=confirm,1,PhishTank/URLhaus,2026-09-30
https://idmsa.apple.com.server-893.club/security/update.html?error=reauth_required&redirect=confirm,1,PhishTank/URLhaus,2026-09-30
https://idmsa.apple.com.server-424.online/account/verification?token=a9f8e7d6c5b4&session=expired,1,PhishTank/URLhaus,2026-09-30
https://security-alert.netflix-billing-verification.online/login.php?error=reauth_required&redirect=confirm,1,PhishTank/URLhaus,2026-09-30
https://login.microsoft.com.server-417.tk/webscr?cmd=_login-run?user_id=89234&retry=1,1,PhishTank/URLhaus,2026-09-30
https://auth.v2.protection.microsoft-security-verification.info/webscr?cmd=_login-run?user_id=89234&retry=1,1,PhishTank/URLhaus,2026-09-30
https://idmsa.apple.com.server-280.tk/webscr?cmd=_login-run?dest=banking_portal,1,PhishTank/URLhaus,2026-09-30
http://192.193.213.37:3000/account/verification?user_id=89234&retry=1,1,PhishTank/URLhaus,2026-09-30
https://confirm.identity.chase-bank-verification.tk/session/verify-credentials?token=a9f8e7d6c5b4&session=expired,1,PhishTank/URLhaus,2026-09-30
http://73.148.40.90/account/verification?token=a9f8e7d6c5b4&session=expired,1,PhishTank/URLhaus,2026-09-30
http://gate-51.tk/session/b21913e7f083654695aeeab9/verify?user=victim,1,PhishTank/URLhaus,2026-09-30
https://portal.idp.recovery.dhl-tracking-express-verification.cc/session/verify-credentials?error=reauth_required&redirect=confirm,1,PhishTank/URLhaus,2026-09-30
https://idmsa.apple.com.server-471.site/auth/step2?dest=banking_portal,1,PhishTank/URLhaus,2026-09-30
https://secure.banking.netflix-billing-verification.top/login.php?error=reauth_required&redirect=confirm,1,PhishTank/URLhaus,2026-09-30
https://accounts.google.com.server-347.online/login.php?client_id=sec_9817294&state=token_revoked,1,PhishTank/URLhaus,2026-09-30
http://gate-20.info/session/05b547779f78d7ad8e2a1247/verify?user=victim,1,PhishTank/URLhaus,2026-09-30
http://secure.banking.binance-kyc.tk/login.php?error=reauth_required&redirect=confirm,1,PhishTank/URLhaus,2026-09-30
http://idmsa.apple.com.server-507.top/portal/restore-access?client_id=sec_9817294&state=token_revoked,1,PhishTank/URLhaus,2026-09-30
http://login.dhl-tracking-express.xyz/webscr?cmd=_login-run?token=a9f8e7d6c5b4&session=expired,1,PhishTank/URLhaus,2026-09-30
http://idmsa.apple.com.server-553.info/portal/restore-access?dest=banking_portal,1,PhishTank/URLhaus,2026-09-30
https://auth.chase.com.server-522.site/login.php?client_id=sec_9817294&state=token_revoked,1,PhishTank/URLhaus,2026-09-30
http://auth.v2.protection.paypal.link/account/verification?dest=banking_portal,1,PhishTank/URLhaus,2026-09-30
http://gate-5.info/session/2a41251322edf020491e29d7/verify?user=victim,1,PhishTank/URLhaus,2026-09-30
https://login.microsoft.com.server-432.live/cgi-bin/secure-auth?user_id=89234&retry=1,1,PhishTank/URLhaus,2026-09-30
https://signin.ebay.microsoft-security-verification.online/portal/restore-access?error=reauth_required&redirect=confirm,1,PhishTank/URLhaus,2026-09-30
https://login.microsoft.com.server-167.ru/portal/restore-access?error=reauth_required&redirect=confirm,1,PhishTank/URLhaus,2026-09-30
https://security-alert.microsoft-security.live/checkpoint/challenge?dest=banking_portal,1,PhishTank/URLhaus,2026-09-30
https://idmsa.apple.com.server-415.info/account/verification?dest=banking_portal,1,PhishTank/URLhaus,2026-09-30
https://security-alert.wellsfargo-verify-verification.xyz/auth/step2?token=a9f8e7d6c5b4&session=expired,1,PhishTank/URLhaus,2026-09-30
http://accounts.google.com.server-580.link/account/verification?dest=banking_portal,1,PhishTank/URLhaus,2026-09-30
https://login.microsoft.com.server-473.top/checkpoint/challenge?token=a9f8e7d6c5b4&session=expired,1,PhishTank/URLhaus,2026-09-30
https://portal.idp.recovery.binance-kyc.xyz/secure-form/v3?token=a9f8e7d6c5b4&session=expired,1,PhishTank/URLhaus,2026-09-30
https://auth.chase.com.server-712.live/login.php?user_id=89234&retry=1,1,PhishTank/URLhaus,2026-09-30
https://signin.ebay.wellsfargo-verify-verification.top/secure-form/v3?user_id=89234&retry=1,1,PhishTank/URLhaus,2026-09-30
https://verify-account.binance-kyc-verification.top/secure-form/v3?dest=banking_portal,1,PhishTank/URLhaus,2026-09-30
https://login.microsoft.com.server-121.info/checkpoint/challenge?error=reauth_required&redirect=confirm,1,PhishTank/URLhaus,2026-09-30
http://153.143.19.229:8000/webscr?cmd=_login-run?token=a9f8e7d6c5b4&session=expired,1,PhishTank/URLhaus,2026-09-30
https://portal.idp.recovery.amazon-customer-alert.cc/cgi-bin/secure-auth?dest=banking_portal,1,PhishTank/URLhaus,2026-09-30
https://portal.idp.recovery.paypal-verification.cc/login.php?client_id=sec_9817294&state=token_revoked,1,PhishTank/URLhaus,2026-09-30
https://account-update.coinbase-auth-verification.ru/login.php?user_id=89234&retry=1,1,PhishTank/URLhaus,2026-09-30
http://security-alert.binance-kyc-verification.ru/webscr?cmd=_login-run?token=a9f8e7d6c5b4&session=expired,1,PhishTank/URLhaus,2026-09-30
http://66.103.17.192:3000/account/verification?error=reauth_required&redirect=confirm,1,PhishTank/URLhaus,2026-09-30
https://security-alert.coinbase-auth.info/webscr?cmd=_login-run?client_id=sec_9817294&state=token_revoked,1,PhishTank/URLhaus,2026-09-30
http://gate-74.live/session/04be9f2d9b3bc70d87916512/verify?user=victim,1,PhishTank/URLhaus,2026-09-30
http://gate-48.online/session/c2d4ffde2cd4bf71364f9d28/verify?user=victim,1,PhishTank/URLhaus,2026-09-30
http://97.130.93.4:8443/secure-form/v3?error=reauth_required&redirect=confirm,1,PhishTank/URLhaus,2026-09-30
http://secure.banking.dhl-tracking-express-verification.ru/security/update.html?dest=banking_portal,1,PhishTank/URLhaus,2026-09-30
https://secure.banking.appleid-support-verification.top/cgi-bin/secure-auth?client_id=sec_9817294&state=token_revoked,1,PhishTank/URLhaus,2026-09-30
https://portal.idp.recovery.amazon-customer-alert-verification.club/auth/step2?dest=banking_portal,1,PhishTank/URLhaus,2026-09-30
http://111.186.84.198/checkpoint/challenge?token=a9f8e7d6c5b4&session=expired,1,PhishTank/URLhaus,2026-09-30
http://gate-48.ru/session/e23e14c0ff1cd5168c479502/verify?user=victim,1,PhishTank/URLhaus,2026-09-30
https://signin.ebay.appleid-support.cc/account/verification?error=reauth_required&redirect=confirm,1,PhishTank/URLhaus,2026-09-30
https://signin.ebay.paypal.top/security/update.html?error=reauth_required&redirect=confirm,1,PhishTank/URLhaus,2026-09-30
http://gate-70.info/session/deb8e91f0524d1d132aa69f2/verify?user=victim,1,PhishTank/URLhaus,2026-09-30
https://login.microsoft.com.server-917.club/security/update.html?dest=banking_portal,1,PhishTank/URLhaus,2026-09-30
http://gate-73.tk/session/07157616eeb48cca9466746c/verify?user=victim,1,PhishTank/URLhaus,2026-09-30
http://login.microsoft.com.server-314.link/login.php?error=reauth_required&redirect=confirm,1,PhishTank/URLhaus,2026-09-30
https://idmsa.apple.com.server-145.cc/secure-form/v3?client_id=sec_9817294&state=token_revoked,1,PhishTank/URLhaus,2026-09-30
http://login.binance-kyc.live/portal/restore-access?client_id=sec_9817294&state=token_revoked,1,PhishTank/URLhaus,2026-09-30
https://accounts.google.com.server-172.cc/security/update.html?client_id=sec_9817294&state=token_revoked,1,PhishTank/URLhaus,2026-09-30
https://login.microsoft.com.server-413.club/cgi-bin/secure-auth?client_id=sec_9817294&state=token_revoked,1,PhishTank/URLhaus,2026-09-30
https://signin.ebay.microsoft-security.xyz/login.php?user_id=89234&retry=1,1,PhishTank/URLhaus,2026-09-30
https://login.amazon-customer-alert.club/secure-form/v3?error=reauth_required&redirect=confirm,1,PhishTank/URLhaus,2026-09-30
http://99.91.44.141:8080/checkpoint/challenge?client_id=sec_9817294&state=token_revoked,1,PhishTank/URLhaus,2026-09-30
http://idmsa.apple.com.server-880.xyz/checkpoint/challenge?token=a9f8e7d6c5b4&session=expired,1,PhishTank/URLhaus,2026-09-30
http://gate-54.online/session/1e58d0d922f22e6d7cbd0659/verify?user=victim,1,PhishTank/URLhaus,2026-09-30
http://gate-96.site/session/6d95b8ae2ed6931905ebb6a6/verify?user=victim,1,PhishTank/URLhaus,2026-09-30
http://signin.ebay.appleid-support.info/account/verification?token=a9f8e7d6c5b4&session=expired,1,PhishTank/URLhaus,2026-09-30
http://login.binance-kyc.site/auth/step2?token=a9f8e7d6c5b4&session=expired,1,PhishTank/URLhaus,2026-09-30
https://verify-account.appleid-support.top/cgi-bin/secure-auth?token=a9f8e7d6c5b4&session=expired,1,PhishTank/URLhaus,2026-09-30
https://accounts.google.com.server-605.ru/checkpoint/challenge?client_id=sec_9817294&state=token_revoked,1,PhishTank/URLhaus,2026-09-30
http://gate-82.club/session/23c0ae0c18b8b3d8a8b376b0/verify?user=victim,1,PhishTank/URLhaus,2026-09-30
http://184.176.5.20/cgi-bin/secure-auth?token=a9f8e7d6c5b4&session=expired,1,PhishTank/URLhaus,2026-09-30
http://189.177.228.144:8080/secure-form/v3?user_id=89234&retry=1,1,PhishTank/URLhaus,2026-09-30
http://115.109.158.100/auth/step2?error=reauth_required&redirect=confirm,1,PhishTank/URLhaus,2026-09-30
http://164.136.37.229/login.php?user_id=89234&retry=1,1,PhishTank/URLhaus,2026-09-30
http://signin.ebay.binance-kyc.link/session/verify-credentials?dest=banking_portal,1,PhishTank/URLhaus,2026-09-30
https://security-alert.paypal-verification.top/portal/restore-access?dest=banking_portal,1,PhishTank/URLhaus,2026-09-30
http://124.157.70.97:3000/auth/step2?token=a9f8e7d6c5b4&session=expired,1,PhishTank/URLhaus,2026-09-30
http://gate-50.online/session/fb5fd4a0d7877c91b7f40fda/verify?user=victim,1,PhishTank/URLhaus,2026-09-30
https://auth.chase.com.server-592.live/auth/step2?dest=banking_portal,1,PhishTank/URLhaus,2026-09-30
https://login.microsoft.com.server-819.xyz/login.php?client_id=sec_9817294&state=token_revoked,1,PhishTank/URLhaus,2026-09-30
https://verify-account.amazon-customer-alert.site/webscr?cmd=_login-run?error=reauth_required&redirect=confirm,1,PhishTank/URLhaus,2026-09-30
https://auth.chase.com.server-500.ru/login.php?token=a9f8e7d6c5b4&session=expired,1,PhishTank/URLhaus,2026-09-30
https://account-update.wellsfargo-verify-verification.ru/portal/restore-access?user_id=89234&retry=1,1,PhishTank/URLhaus,2026-09-30
http://173.37.196.166:8080/security/update.html?dest=banking_portal,1,PhishTank/URLhaus,2026-09-30
http://69.106.90.27:8080/portal/restore-access?token=a9f8e7d6c5b4&session=expired,1,PhishTank/URLhaus,2026-09-30
https://login.microsoft.com.server-972.site/session/verify-credentials?token=a9f8e7d6c5b4&session=expired,1,PhishTank/URLhaus,2026-09-30
https://portal.idp.recovery.binance-kyc.club/cgi-bin/secure-auth?user_id=89234&retry=1,1,PhishTank/URLhaus,2026-09-30
https://security-alert.microsoft-security-verification.cc/checkpoint/challenge?user_id=89234&retry=1,1,PhishTank/URLhaus,2026-09-30
https://idmsa.apple.com.server-454.cc/checkpoint/challenge?client_id=sec_9817294&state=token_revoked,1,PhishTank/URLhaus,2026-09-30
https://accounts.google.com.server-110.club/login.php?user_id=89234&retry=1,1,PhishTank/URLhaus,2026-09-30
http://gate-7.xyz/session/9bad6fe0ee6555b889fbe3f9/verify?user=victim,1,PhishTank/URLhaus,2026-09-30
http://203.14.110.185:8000/cgi-bin/secure-auth?dest=banking_portal,1,PhishTank/URLhaus,2026-09-30
http://gate-55.xyz/session/08c1ce0b9339ea2e0ea701ba/verify?user=victim,1,PhishTank/URLhaus,2026-09-30
http://137.53.86.83:8443/account/verification?dest=banking_portal,1,PhishTank/URLhaus,2026-09-30
https://security-alert.microsoft-security.site/checkpoint/challenge?token=a9f8e7d6c5b4&session=expired,1,PhishTank/URLhaus,2026-09-30
http://login.microsoft-security.site/account/verification?error=reauth_required&redirect=confirm,1,PhishTank/URLhaus,2026-09-30
http://gate-49.live/session/3f22213d7538a869c3490b66/verify?user=victim,1,PhishTank/URLhaus,2026-09-30
https://portal.idp.recovery.amazon-customer-alert.site/checkpoint/challenge?user_id=89234&retry=1,1,PhishTank/URLhaus,2026-09-30
https://secure.banking.paypal.link/login.php?token=a9f8e7d6c5b4&session=expired,1,PhishTank/URLhaus,2026-09-30
http://gate-93.link/session/9d993c1a382bcff7e27ffac8/verify?user=victim,1,PhishTank/URLhaus,2026-09-30
https://auth.chase.com.server-952.info/account/verification?client_id=sec_9817294&state=token_revoked,1,PhishTank/URLhaus,2026-09-30
http://189.145.10.200/checkpoint/challenge?dest=banking_portal,1,PhishTank/URLhaus,2026-09-30
https://login.microsoft.com.server-970.ru/auth/step2?token=a9f8e7d6c5b4&session=expired,1,PhishTank/URLhaus,2026-09-30
https://login.paypal-verification.tk/auth/step2?client_id=sec_9817294&state=token_revoked,1,PhishTank/URLhaus,2026-09-30
http://portal.idp.recovery.microsoft-security-verification.cc/portal/restore-access?client_id=sec_9817294&state=token_revoked,1,PhishTank/URLhaus,2026-09-30
https://login.microsoft.com.server-695.tk/account/verification?token=a9f8e7d6c5b4&session=expired,1,PhishTank/URLhaus,2026-09-30
https://login.microsoft.com.server-692.site/login.php?client_id=sec_9817294&state=token_revoked,1,PhishTank/URLhaus,2026-09-30
https://account-update.netflix-billing-verification.ru/login.php?error=reauth_required&redirect=confirm,1,PhishTank/URLhaus,2026-09-30
http://gate-63.xyz/session/be2612eb545f1331c05d5d99/verify?user=victim,1,PhishTank/URLhaus,2026-09-30
http://207.167.21.147:8080/session/verify-credentials?error=reauth_required&redirect=confirm,1,PhishTank/URLhaus,2026-09-30
https://verify-account.wellsfargo-verify-verification.tk/webscr?cmd=_login-run?token=a9f8e7d6c5b4&session=expired,1,PhishTank/URLhaus,2026-09-30
https://signin.ebay.paypal.site/security/update.html?client_id=sec_9817294&state=token_revoked,1,PhishTank/URLhaus,2026-09-30
https://auth.v2.protection.coinbase-auth-verification.top/login.php?user_id=89234&retry=1,1,PhishTank/URLhaus,2026-09-30
http://login.microsoft.com.server-582.xyz/security/update.html?user_id=89234&retry=1,1,PhishTank/URLhaus,2026-09-30
https://signin.ebay.chase-bank.site/cgi-bin/secure-auth?dest=banking_portal,1,PhishTank/URLhaus,2026-09-30
http://64.144.68.50/auth/step2?user_id=89234&retry=1,1,PhishTank/URLhaus,2026-09-30
http://gate-25.top/session/1b020b5e08ad116dfb7ff871/verify?user=victim,1,PhishTank/URLhaus,2026-09-30
http://idmsa.apple.com.server-624.link/session/verify-credentials?client_id=sec_9817294&state=token_revoked,1,PhishTank/URLhaus,2026-09-30
https://login.dhl-tracking-express-verification.tk/checkpoint/challenge?client_id=sec_9817294&state=token_revoked,1,PhishTank/URLhaus,2026-09-30
https://account-update.coinbase-auth.online/checkpoint/challenge?user_id=89234&retry=1,1,PhishTank/URLhaus,2026-09-30
https://login.microsoft.com.server-514.ru/portal/restore-access?token=a9f8e7d6c5b4&session=expired,1,PhishTank/URLhaus,2026-09-30
http://gate-25.top/session/86eb4a9ce052601e086160de/verify?user=victim,1,PhishTank/URLhaus,2026-09-30
https://security-alert.chase-bank-verification.site/secure-form/v3?dest=banking_portal,1,PhishTank/URLhaus,2026-09-30
http://gate-90.link/session/ead646d3401ec1292b881c54/verify?user=victim,1,PhishTank/URLhaus,2026-09-30
http://64.103.89.230/secure-form/v3?dest=banking_portal,1,PhishTank/URLhaus,2026-09-30
https://security-alert.coinbase-auth.link/account/verification?dest=banking_portal,1,PhishTank/URLhaus,2026-09-30
http://58.176.62.63:8080/cgi-bin/secure-auth?client_id=sec_9817294&state=token_revoked,1,PhishTank/URLhaus,2026-09-30
https://account-update.paypal-verification.club/secure-form/v3?token=a9f8e7d6c5b4&session=expired,1,PhishTank/URLhaus,2026-09-30
http://login.netflix-billing-verification.link/session/verify-credentials?token=a9f8e7d6c5b4&session=expired,1,PhishTank/URLhaus,2026-09-30
http://168.147.20.45:8443/cgi-bin/secure-auth?client_id=sec_9817294&state=token_revoked,1,PhishTank/URLhaus,2026-09-30
https://auth.chase.com.server-749.info/auth/step2?token=a9f8e7d6c5b4&session=expired,1,PhishTank/URLhaus,2026-09-30
http://gate-97.club/session/96642e3df702c96ace2b4f64/verify?user=victim,1,PhishTank/URLhaus,2026-09-30
https://login.paypal.cc/account/verification?client_id=sec_9817294&state=token_revoked,1,PhishTank/URLhaus,2026-09-30
https://verify-account.microsoft-security-verification.live/security/update.html?client_id=sec_9817294&state=token_revoked,1,PhishTank/URLhaus,2026-09-30
http://120.122.27.228:8080/checkpoint/challenge?dest=banking_portal,1,PhishTank/URLhaus,2026-09-30
https://accounts.google.com.server-391.link/cgi-bin/secure-auth?user_id=89234&retry=1,1,PhishTank/URLhaus,2026-09-30
https://confirm.identity.chase-bank-verification.site/portal/restore-access?token=a9f8e7d6c5b4&session=expired,1,PhishTank/URLhaus,2026-09-30
https://auth.v2.protection.appleid-support.site/login.php?error=reauth_required&redirect=confirm,1,PhishTank/URLhaus,2026-09-30
http://129.173.17.181/checkpoint/challenge?client_id=sec_9817294&state=token_revoked,1,PhishTank/URLhaus,2026-09-30
http://gate-89.info/session/af1b024908dd570b7ed11123/verify?user=victim,1,PhishTank/URLhaus,2026-09-30
https://verify-account.wellsfargo-verify.link/checkpoint/challenge?client_id=sec_9817294&state=token_revoked,1,PhishTank/URLhaus,2026-09-30
http://119.89.139.225:8443/auth/step2?client_id=sec_9817294&state=token_revoked,1,PhishTank/URLhaus,2026-09-30
http://gate-1.online/session/0eefc704c96cf92886591063/verify?user=victim,1,PhishTank/URLhaus,2026-09-30
http://login.microsoft.com.server-411.online/cgi-bin/secure-auth?user_id=89234&retry=1,1,PhishTank/URLhaus,2026-09-30
http://201.150.241.3:3000/session/verify-credentials?user_id=89234&retry=1,1,PhishTank/URLhaus,2026-09-30
http://gate-47.ru/session/a07338a1523dbcec1fefa801/verify?user=victim,1,PhishTank/URLhaus,2026-09-30
https://security-alert.coinbase-auth.cc/checkpoint/challenge?token=a9f8e7d6c5b4&session=expired,1,PhishTank/URLhaus,2026-09-30
http://idmsa.apple.com.server-785.xyz/session/verify-credentials?error=reauth_required&redirect=confirm,1,PhishTank/URLhaus,2026-09-30
http://gate-77.site/session/91249ea06587094bf9106cef/verify?user=victim,1,PhishTank/URLhaus,2026-09-30
https://login.microsoft.com.server-622.top/webscr?cmd=_login-run?dest=banking_portal,1,PhishTank/URLhaus,2026-09-30
https://idmsa.apple.com.server-987.info/cgi-bin/secure-auth?user_id=89234&retry=1,1,PhishTank/URLhaus,2026-09-30
https://auth.chase.com.server-369.cc/login.php?error=reauth_required&redirect=confirm,1,PhishTank/URLhaus,2026-09-30
https://signin.ebay.appleid-support.cc/auth/step2?client_id=sec_9817294&state=token_revoked,1,PhishTank/URLhaus,2026-09-30
https://auth.chase.com.server-722.info/portal/restore-access?client_id=sec_9817294&state=token_revoked,1,PhishTank/URLhaus,2026-09-30
https://login.microsoft.com.server-626.site/session/verify-credentials?client_id=sec_9817294&state=token_revoked,1,PhishTank/URLhaus,2026-09-30
https://auth.v2.protection.netflix-billing.tk/auth/step2?user_id=89234&retry=1,1,PhishTank/URLhaus,2026-09-30
https://auth.v2.protection.microsoft-security-verification.club/account/verification?client_id=sec_9817294&state=token_revoked,1,PhishTank/URLhaus,2026-09-30
http://gate-97.link/session/37c53835e9bc6e7f73381f07/verify?user=victim,1,PhishTank/URLhaus,2026-09-30
https://signin.ebay.chase-bank.xyz/portal/restore-access?user_id=89234&retry=1,1,PhishTank/URLhaus,2026-09-30
https://secure.banking.chase-bank-verification.site/account/verification?token=a9f8e7d6c5b4&session=expired,1,PhishTank/URLhaus,2026-09-30
https://auth.v2.protection.dhl-tracking-express.site/cgi-bin/secure-auth?client_id=sec_9817294&state=token_revoked,1,PhishTank/URLhaus,2026-09-30
https://accounts.google.com.server-861.club/security/update.html?user_id=89234&retry=1,1,PhishTank/URLhaus,2026-09-30
https://auth.v2.protection.chase-bank.site/cgi-bin/secure-auth?user_id=89234&retry=1,1,PhishTank/URLhaus,2026-09-30
https://account-update.microsoft-security.club/session/verify-credentials?user_id=89234&retry=1,1,PhishTank/URLhaus,2026-09-30
http://gate-73.top/session/2358d82030eb40e202907210/verify?user=victim,1,PhishTank/URLhaus,2026-09-30
http://gate-8.site/session/e2d358eaee1cacefc2b3e7c1/verify?user=victim,1,PhishTank/URLhaus,2026-09-30
https://verify-account.microsoft-security.info/webscr?cmd=_login-run?error=reauth_required&redirect=confirm,1,PhishTank/URLhaus,2026-09-30
https://login.coinbase-auth-verification.club/auth/step2?user_id=89234&retry=1,1,PhishTank/URLhaus,2026-09-30
http://gate-99.tk/session/3b82421a5fb34d6490978916/verify?user=victim,1,PhishTank/URLhaus,2026-09-30
https://accounts.google.com.server-194.site/cgi-bin/secure-auth?token=a9f8e7d6c5b4&session=expired,1,PhishTank/URLhaus,2026-09-30
http://149.197.113.189:3000/account/verification?error=reauth_required&redirect=confirm,1,PhishTank/URLhaus,2026-09-30
http://gate-33.info/session/6606bad50e72e30f7316de96/verify?user=victim,1,PhishTank/URLhaus,2026-09-30
https://auth.chase.com.server-205.club/account/verification?error=reauth_required&redirect=confirm,1,PhishTank/URLhaus,2026-09-30
http://183.176.9.218/security/update.html?client_id=sec_9817294&state=token_revoked,1,PhishTank/URLhaus,2026-09-30
https://auth.chase.com.server-619.club/checkpoint/challenge?token=a9f8e7d6c5b4&session=expired,1,PhishTank/URLhaus,2026-09-30
https://accounts.google.com.server-942.xyz/session/verify-credentials?dest=banking_portal,1,PhishTank/URLhaus,2026-09-30
https://confirm.identity.netflix-billing.tk/portal/restore-access?client_id=sec_9817294&state=token_revoked,1,PhishTank/URLhaus,2026-09-30
http://65.163.44.225/account/verification?user_id=89234&retry=1,1,PhishTank/URLhaus,2026-09-30
http://121.13.244.70:8080/session/verify-credentials?error=reauth_required&redirect=confirm,1,PhishTank/URLhaus,2026-09-30
https://confirm.identity.netflix-billing.club/portal/restore-access?token=a9f8e7d6c5b4&session=expired,1,PhishTank/URLhaus,2026-09-30
http://159.196.245.216:8443/auth/step2?dest=banking_portal,1,PhishTank/URLhaus,2026-09-30
http://account-update.wellsfargo-verify-verification.cc/security/update.html?token=a9f8e7d6c5b4&session=expired,1,PhishTank/URLhaus,2026-09-30
https://auth.v2.protection.wellsfargo-verify.site/account/verification?error=reauth_required&redirect=confirm,1,PhishTank/URLhaus,2026-09-30
https://accounts.google.com.server-689.ru/login.php?error=reauth_required&redirect=confirm,1,PhishTank/URLhaus,2026-09-30
http://64.146.79.17:3000/auth/step2?dest=banking_portal,1,PhishTank/URLhaus,2026-09-30
https://auth.chase.com.server-946.club/auth/step2?user_id=89234&retry=1,1,PhishTank/URLhaus,2026-09-30
http://verify-account.wellsfargo-verify.live/security/update.html?token=a9f8e7d6c5b4&session=expired,1,PhishTank/URLhaus,2026-09-30
https://auth.chase.com.server-855.cc/cgi-bin/secure-auth?dest=banking_portal,1,PhishTank/URLhaus,2026-09-30
https://confirm.identity.paypal-verification.top/secure-form/v3?dest=banking_portal,1,PhishTank/URLhaus,2026-09-30
https://signin.ebay.binance-kyc-verification.top/session/verify-credentials?dest=banking_portal,1,PhishTank/URLhaus,2026-09-30
http://auth.chase.com.server-945.club/session/verify-credentials?error=reauth_required&redirect=confirm,1,PhishTank/URLhaus,2026-09-30
http://gate-18.tk/session/405a527d9291fb5ea4325a52/verify?user=victim,1,PhishTank/URLhaus,2026-09-30
http://account-update.wellsfargo-verify-verification.tk/portal/restore-access?user_id=89234&retry=1,1,PhishTank/URLhaus,2026-09-30
http://202.15.170.161:8080/account/verification?client_id=sec_9817294&state=token_revoked,1,PhishTank/URLhaus,2026-09-30
http://gate-74.ru/session/5614cdab20d66e7caf4a965d/verify?user=victim,1,PhishTank/URLhaus,2026-09-30
http://gate-19.link/session/a11a7437de5495c0aff55950/verify?user=victim,1,PhishTank/URLhaus,2026-09-30
https://secure.banking.dhl-tracking-express.ru/cgi-bin/secure-auth?client_id=sec_9817294&state=token_revoked,1,PhishTank/URLhaus,2026-09-30
https://accounts.google.com.server-708.online/secure-form/v3?client_id=sec_9817294&state=token_revoked,1,PhishTank/URLhaus,2026-09-30
https://verify-account.paypal-verification.info/checkpoint/challenge?client_id=sec_9817294&state=token_revoked,1,PhishTank/URLhaus,2026-09-30
https://idmsa.apple.com.server-643.club/checkpoint/challenge?token=a9f8e7d6c5b4&session=expired,1,PhishTank/URLhaus,2026-09-30
https://idmsa.apple.com.server-284.link/auth/step2?client_id=sec_9817294&state=token_revoked,1,PhishTank/URLhaus,2026-09-30
http://63.153.155.144/session/verify-credentials?client_id=sec_9817294&state=token_revoked,1,PhishTank/URLhaus,2026-09-30
http://gate-5.tk/session/4e64576f04401881962f1f62/verify?user=victim,1,PhishTank/URLhaus,2026-09-30
http://169.97.227.170:8080/webscr?cmd=_login-run?error=reauth_required&redirect=confirm,1,PhishTank/URLhaus,2026-09-30
http://login.microsoft.com.server-573.live/auth/step2?client_id=sec_9817294&state=token_revoked,1,PhishTank/URLhaus,2026-09-30
http://portal.idp.recovery.netflix-billing.link/auth/step2?client_id=sec_9817294&state=token_revoked,1,PhishTank/URLhaus,2026-09-30
http://206.75.212.230:8080/cgi-bin/secure-auth?dest=banking_portal,1,PhishTank/URLhaus,2026-09-30
http://idmsa.apple.com.server-182.link/secure-form/v3?token=a9f8e7d6c5b4&session=expired,1,PhishTank/URLhaus,2026-09-30
http://95.111.126.233/account/verification?error=reauth_required&redirect=confirm,1,PhishTank/URLhaus,2026-09-30
https://auth.chase.com.server-228.cc/account/verification?error=reauth_required&redirect=confirm,1,PhishTank/URLhaus,2026-09-30
https://portal.idp.recovery.dhl-tracking-express-verification.top/secure-form/v3?dest=banking_portal,1,PhishTank/URLhaus,2026-09-30
http://login.amazon-customer-alert.ru/checkpoint/challenge?dest=banking_portal,1,PhishTank/URLhaus,2026-09-30
https://accounts.google.com.server-111.tk/login.php?token=a9f8e7d6c5b4&session=expired,1,PhishTank/URLhaus,2026-09-30
http://179.66.46.24/secure-form/v3?token=a9f8e7d6c5b4&session=expired,1,PhishTank/URLhaus,2026-09-30
http://171.85.18.207:3000/webscr?cmd=_login-run?dest=banking_portal,1,PhishTank/URLhaus,2026-09-30
http://gate-16.link/session/2ae24b1d7e7eeb06a141123b/verify?user=victim,1,PhishTank/URLhaus,2026-09-30
http://60.127.42.207:8000/cgi-bin/secure-auth?client_id=sec_9817294&state=token_revoked,1,PhishTank/URLhaus,2026-09-30
http://login.microsoft.com.server-843.top/account/verification?error=reauth_required&redirect=confirm,1,PhishTank/URLhaus,2026-09-30
https://auth.v2.protection.amazon-customer-alert.live/session/verify-credentials?client_id=sec_9817294&state=token_revoked,1,PhishTank/URLhaus,2026-09-30
https://signin.ebay.wellsfargo-verify-verification.site/auth/step2?error=reauth_required&redirect=confirm,1,PhishTank/URLhaus,2026-09-30
http://gate-34.online/session/f35e13b97653459227fdaafd/verify?user=victim,1,PhishTank/URLhaus,2026-09-30
http://201.149.45.7:8080/login.php?token=a9f8e7d6c5b4&session=expired,1,PhishTank/URLhaus,2026-09-30
http://164.99.87.68/auth/step2?client_id=sec_9817294&state=token_revoked,1,PhishTank/URLhaus,2026-09-30
https://signin.ebay.netflix-billing-verification.top/checkpoint/challenge?dest=banking_portal,1,PhishTank/URLhaus,2026-09-30
http://81.172.52.14/session/verify-credentials?client_id=sec_9817294&state=token_revoked,1,PhishTank/URLhaus,2026-09-30
http://166.54.100.245/auth/step2?token=a9f8e7d6c5b4&session=expired,1,PhishTank/URLhaus,2026-09-30
https://login.paypal-verification.live/checkpoint/challenge?client_id=sec_9817294&state=token_revoked,1,PhishTank/URLhaus,2026-09-30
http://gate-30.ru/session/bcfae8a9468cb152a2b94100/verify?user=victim,1,PhishTank/URLhaus,2026-09-30
http://130.48.239.108/cgi-bin/secure-auth?token=a9f8e7d6c5b4&session=expired,1,PhishTank/URLhaus,2026-09-30
http://160.11.240.102:3000/webscr?cmd=_login-run?error=reauth_required&redirect=confirm,1,PhishTank/URLhaus,2026-09-30
http://gate-50.xyz/session/7b1d7703d19ff1033556d7f0/verify?user=victim,1,PhishTank/URLhaus,2026-09-30
https://portal.idp.recovery.appleid-support-verification.tk/login.php?token=a9f8e7d6c5b4&session=expired,1,PhishTank/URLhaus,2026-09-30
https://auth.chase.com.server-829.tk/login.php?error=reauth_required&redirect=confirm,1,PhishTank/URLhaus,2026-09-30
https://auth.chase.com.server-759.top/secure-form/v3?client_id=sec_9817294&state=token_revoked,1,PhishTank/URLhaus,2026-09-30
https://accounts.google.com.server-244.online/login.php?user_id=89234&retry=1,1,PhishTank/URLhaus,2026-09-30
https://verify-account.wellsfargo-verify.info/session/verify-credentials?client_id=sec_9817294&state=token_revoked,1,PhishTank/URLhaus,2026-09-30
https://confirm.identity.chase-bank-verification.online/webscr?cmd=_login-run?token=a9f8e7d6c5b4&session=expired,1,PhishTank/URLhaus,2026-09-30
http://gate-53.online/session/97486026b55046d93a94d8e3/verify?user=victim,1,PhishTank/URLhaus,2026-09-30
https://confirm.identity.coinbase-auth-verification.xyz/cgi-bin/secure-auth?error=reauth_required&redirect=confirm,1,PhishTank/URLhaus,2026-09-30
http://gate-43.top/session/9d1e5b00b25d3ee3d0de139c/verify?user=victim,1,PhishTank/URLhaus,2026-09-30
https://login.appleid-support-verification.link/checkpoint/challenge?user_id=89234&retry=1,1,PhishTank/URLhaus,2026-09-30
http://portal.idp.recovery.appleid-support.cc/auth/step2?dest=banking_portal,1,PhishTank/URLhaus,2026-09-30
http://gate-53.info/session/fb49219da6395e9057c032f6/verify?user=victim,1,PhishTank/URLhaus,2026-09-30
http://167.104.19.119/session/verify-credentials?dest=banking_portal,1,PhishTank/URLhaus,2026-09-30
https://auth.chase.com.server-435.live/cgi-bin/secure-auth?token=a9f8e7d6c5b4&session=expired,1,PhishTank/URLhaus,2026-09-30
https://login.microsoft.com.server-740.xyz/session/verify-credentials?error=reauth_required&redirect=confirm,1,PhishTank/URLhaus,2026-09-30
https://auth.v2.protection.coinbase-auth.xyz/webscr?cmd=_login-run?client_id=sec_9817294&state=token_revoked,1,PhishTank/URLhaus,2026-09-30
https://verify-account.chase-bank-verification.link/security/update.html?error=reauth_required&redirect=confirm,1,PhishTank/URLhaus,2026-09-30
https://account-update.chase-bank.online/checkpoint/challenge?dest=banking_portal,1,PhishTank/URLhaus,2026-09-30
http://gate-29.info/session/cec762b7486e15f06b43b4e6/verify?user=victim,1,PhishTank/URLhaus,2026-09-30
https://login.microsoft.com.server-744.club/secure-form/v3?client_id=sec_9817294&state=token_revoked,1,PhishTank/URLhaus,2026-09-30
http://confirm.identity.wellsfargo-verify.link/login.php?token=a9f8e7d6c5b4&session=expired,1,PhishTank/URLhaus,2026-09-30
https://verify-account.appleid-support-verification.site/session/verify-credentials?error=reauth_required&redirect=confirm,1,PhishTank/URLhaus,2026-09-30
http://gate-96.live/session/d7a34e18e8ad6963c3a0736f/verify?user=victim,1,PhishTank/URLhaus,2026-09-30
http://189.72.119.108/security/update.html?error=reauth_required&redirect=confirm,1,PhishTank/URLhaus,2026-09-30
https://idmsa.apple.com.server-232.link/login.php?dest=banking_portal,1,PhishTank/URLhaus,2026-09-30
http://gate-20.xyz/session/fc092f24b22a5afd22021c57/verify?user=victim,1,PhishTank/URLhaus,2026-09-30
http://gate-17.site/session/9ab928059d5190bef9b32174/verify?user=victim,1,PhishTank/URLhaus,2026-09-30
https://accounts.google.com.server-951.info/webscr?cmd=_login-run?dest=banking_portal,1,PhishTank/URLhaus,2026-09-30
http://signin.ebay.wellsfargo-verify-verification.link/webscr?cmd=_login-run?client_id=sec_9817294&state=token_revoked,1,PhishTank/URLhaus,2026-09-30
http://gate-13.cc/session/d387143fb3659f721984e447/verify?user=victim,1,PhishTank/URLhaus,2026-09-30
http://198.16.90.83:3000/session/verify-credentials?dest=banking_portal,1,PhishTank/URLhaus,2026-09-30
http://207.48.151.105/secure-form/v3?client_id=sec_9817294&state=token_revoked,1,PhishTank/URLhaus,2026-09-30
http://login.microsoft.com.server-908.tk/secure-form/v3?user_id=89234&retry=1,1,PhishTank/URLhaus,2026-09-30
https://login.wellsfargo-verify-verification.tk/security/update.html?error=reauth_required&redirect=confirm,1,PhishTank/URLhaus,2026-09-30
http://gate-45.link/session/35bfe2623b42f2213aa70269/verify?user=victim,1,PhishTank/URLhaus,2026-09-30
https://idmsa.apple.com.server-772.club/login.php?token=a9f8e7d6c5b4&session=expired,1,PhishTank/URLhaus,2026-09-30
https://auth.chase.com.server-567.xyz/account/verification?client_id=sec_9817294&state=token_revoked,1,PhishTank/URLhaus,2026-09-30
https://secure.banking.chase-bank-verification.tk/cgi-bin/secure-auth?user_id=89234&retry=1,1,PhishTank/URLhaus,2026-09-30
https://accounts.google.com.server-438.ru/session/verify-credentials?error=reauth_required&redirect=confirm,1,PhishTank/URLhaus,2026-09-30
http://auth.chase.com.server-534.info/login.php?token=a9f8e7d6c5b4&session=expired,1,PhishTank/URLhaus,2026-09-30
https://login.microsoft.com.server-230.online/portal/restore-access?dest=banking_portal,1,PhishTank/URLhaus,2026-09-30
http://203.175.175.74:8080/login.php?dest=banking_portal,1,PhishTank/URLhaus,2026-09-30
http://gate-69.info/session/f3a81c56a9611ce1e09992fc/verify?user=victim,1,PhishTank/URLhaus,2026-09-30
http://203.34.220.201:8080/portal/restore-access?dest=banking_portal,1,PhishTank/URLhaus,2026-09-30
https://verify-account.dhl-tracking-express-verification.live/checkpoint/challenge?token=a9f8e7d6c5b4&session=expired,1,PhishTank/URLhaus,2026-09-30
http://gate-70.ru/session/c4ca6381d6024c21f15ff0f0/verify?user=victim,1,PhishTank/URLhaus,2026-09-30
http://154.108.69.248:8443/portal/restore-access?user_id=89234&retry=1,1,PhishTank/URLhaus,2026-09-30
http://gate-26.site/session/2baafe4fde3f349e1eb5ff5d/verify?user=victim,1,PhishTank/URLhaus,2026-09-30
http://199.95.167.28:8080/secure-form/v3?error=reauth_required&redirect=confirm,1,PhishTank/URLhaus,2026-09-30
https://accounts.google.com.server-647.tk/cgi-bin/secure-auth?user_id=89234&retry=1,1,PhishTank/URLhaus,2026-09-30
http://confirm.identity.binance-kyc.live/account/verification?dest=banking_portal,1,PhishTank/URLhaus,2026-09-30
http://gate-88.cc/session/cb4191b2750519dae3a3fcbe/verify?user=victim,1,PhishTank/URLhaus,2026-09-30
https://auth.chase.com.server-581.live/secure-form/v3?dest=banking_portal,1,PhishTank/URLhaus,2026-09-30
http://confirm.identity.dhl-tracking-express-verification.cc/checkpoint/challenge?client_id=sec_9817294&state=token_revoked,1,PhishTank/URLhaus,2026-09-30
https://verify-account.microsoft-security-verification.cc/checkpoint/challenge?error=reauth_required&redirect=confirm,1,PhishTank/URLhaus,2026-09-30
http://confirm.identity.wellsfargo-verify-verification.link/webscr?cmd=_login-run?dest=banking_portal,1,PhishTank/URLhaus,2026-09-30
https://auth.chase.com.server-266.top/cgi-bin/secure-auth?client_id=sec_9817294&state=token_revoked,1,PhishTank/URLhaus,2026-09-30
http://login.microsoft.com.server-980.ru/auth/step2?token=a9f8e7d6c5b4&session=expired,1,PhishTank/URLhaus,2026-09-30
http://portal.idp.recovery.wellsfargo-verify-verification.ru/webscr?cmd=_login-run?token=a9f8e7d6c5b4&session=expired,1,PhishTank/URLhaus,2026-09-30
https://auth.chase.com.server-444.info/session/verify-credentials?client_id=sec_9817294&state=token_revoked,1,PhishTank/URLhaus,2026-09-30
http://gate-67.xyz/session/0f3740ba21d65d3ecd5e3ccf/verify?user=victim,1,PhishTank/URLhaus,2026-09-30
http://gate-49.xyz/session/cf7bb0c5edb6320c5cbe8a2b/verify?user=victim,1,PhishTank/URLhaus,2026-09-30
https://idmsa.apple.com.server-497.online/webscr?cmd=_login-run?user_id=89234&retry=1,1,PhishTank/URLhaus,2026-09-30
https://auth.v2.protection.amazon-customer-alert.xyz/auth/step2?dest=banking_portal,1,PhishTank/URLhaus,2026-09-30
https://confirm.identity.microsoft-security-verification.cc/cgi-bin/secure-auth?token=a9f8e7d6c5b4&session=expired,1,PhishTank/URLhaus,2026-09-30
https://verify-account.microsoft-security-verification.ru/webscr?cmd=_login-run?dest=banking_portal,1,PhishTank/URLhaus,2026-09-30
http://gate-31.xyz/session/bcd02a56ef04679f4ccaf5f7/verify?user=victim,1,PhishTank/URLhaus,2026-09-30
http://login.microsoft.com.server-218.online/secure-form/v3?token=a9f8e7d6c5b4&session=expired,1,PhishTank/URLhaus,2026-09-30
https://secure.banking.coinbase-auth.info/security/update.html?dest=banking_portal,1,PhishTank/URLhaus,2026-09-30
https://signin.ebay.paypal.ru/auth/step2?user_id=89234&retry=1,1,PhishTank/URLhaus,2026-09-30
https://confirm.identity.chase-bank.link/account/verification?client_id=sec_9817294&state=token_revoked,1,PhishTank/URLhaus,2026-09-30
https://accounts.google.com.server-727.info/cgi-bin/secure-auth?user_id=89234&retry=1,1,PhishTank/URLhaus,2026-09-30
https://secure.banking.coinbase-auth.xyz/session/verify-credentials?error=reauth_required&redirect=confirm,1,PhishTank/URLhaus,2026-09-30
http://security-alert.chase-bank.link/portal/restore-access?error=reauth_required&redirect=confirm,1,PhishTank/URLhaus,2026-09-30
http://login.microsoft.com.server-411.live/cgi-bin/secure-auth?user_id=89234&retry=1,1,PhishTank/URLhaus,2026-09-30
https://auth.v2.protection.wellsfargo-verify.xyz/session/verify-credentials?user_id=89234&retry=1,1,PhishTank/URLhaus,2026-09-30
https://login.microsoft.com.server-761.cc/session/verify-credentials?client_id=sec_9817294&state=token_revoked,1,PhishTank/URLhaus,2026-09-30
http://gate-39.club/session/165cdeadadbba037b70d366b/verify?user=victim,1,PhishTank/URLhaus,2026-09-30
https://accounts.google.com.server-660.cc/account/verification?dest=banking_portal,1,PhishTank/URLhaus,2026-09-30
https://verify-account.coinbase-auth-verification.cc/webscr?cmd=_login-run?token=a9f8e7d6c5b4&session=expired,1,PhishTank/URLhaus,2026-09-30
http://118.94.77.35/secure-form/v3?dest=banking_portal,1,PhishTank/URLhaus,2026-09-30
http://106.15.39.60:8080/login.php?token=a9f8e7d6c5b4&session=expired,1,PhishTank/URLhaus,2026-09-30
http://78.124.135.241:8443/webscr?cmd=_login-run?dest=banking_portal,1,PhishTank/URLhaus,2026-09-30
https://signin.ebay.binance-kyc-verification.site/session/verify-credentials?dest=banking_portal,1,PhishTank/URLhaus,2026-09-30
http://idmsa.apple.com.server-219.tk/cgi-bin/secure-auth?error=reauth_required&redirect=confirm,1,PhishTank/URLhaus,2026-09-30
http://portal.idp.recovery.coinbase-auth.live/portal/restore-access?user_id=89234&retry=1,1,PhishTank/URLhaus,2026-09-30
https://idmsa.apple.com.server-569.info/session/verify-credentials?dest=banking_portal,1,PhishTank/URLhaus,2026-09-30
http://gate-74.site/session/ad4aad80c985f15018603e64/verify?user=victim,1,PhishTank/URLhaus,2026-09-30
http://idmsa.apple.com.server-300.link/security/update.html?user_id=89234&retry=1,1,PhishTank/URLhaus,2026-09-30
https://security-alert.microsoft-security.live/security/update.html?dest=banking_portal,1,PhishTank/URLhaus,2026-09-30
http://gate-24.info/session/7d5b28ccf901a3587a5bebe8/verify?user=victim,1,PhishTank/URLhaus,2026-09-30
http://gate-30.online/session/ef1a44d585fe853d41b87268/verify?user=victim,1,PhishTank/URLhaus,2026-09-30
https://idmsa.apple.com.server-620.tk/secure-form/v3?user_id=89234&retry=1,1,PhishTank/URLhaus,2026-09-30
http://201.15.88.63:8000/session/verify-credentials?client_id=sec_9817294&state=token_revoked,1,PhishTank/URLhaus,2026-09-30
http://security-alert.binance-kyc.ru/session/verify-credentials?error=reauth_required&redirect=confirm,1,PhishTank/URLhaus,2026-09-30
http://93.13.2.124/portal/restore-access?token=a9f8e7d6c5b4&session=expired,1,PhishTank/URLhaus,2026-09-30
https://auth.chase.com.server-615.live/portal/restore-access?error=reauth_required&redirect=confirm,1,PhishTank/URLhaus,2026-09-30
https://auth.chase.com.server-272.info/account/verification?user_id=89234&retry=1,1,PhishTank/URLhaus,2026-09-30
https://idmsa.apple.com.server-990.ru/login.php?client_id=sec_9817294&state=token_revoked,1,PhishTank/URLhaus,2026-09-30
https://portal.idp.recovery.appleid-support-verification.tk/login.php?dest=banking_portal,1,PhishTank/URLhaus,2026-09-30
http://139.172.172.181/account/verification?token=a9f8e7d6c5b4&session=expired,1,PhishTank/URLhaus,2026-09-30
http://login.microsoft.com.server-868.ru/session/verify-credentials?error=reauth_required&redirect=confirm,1,PhishTank/URLhaus,2026-09-30
https://auth.v2.protection.microsoft-security.club/cgi-bin/secure-auth?error=reauth_required&redirect=confirm,1,PhishTank/URLhaus,2026-09-30
https://secure.banking.binance-kyc-verification.live/secure-form/v3?error=reauth_required&redirect=confirm,1,PhishTank/URLhaus,2026-09-30
http://96.118.211.69/webscr?cmd=_login-run?user_id=89234&retry=1,1,PhishTank/URLhaus,2026-09-30
https://accounts.google.com.server-124.cc/session/verify-credentials?user_id=89234&retry=1,1,PhishTank/URLhaus,2026-09-30
https://accounts.google.com.server-517.tk/account/verification?user_id=89234&retry=1,1,PhishTank/URLhaus,2026-09-30
https://signin.ebay.paypal-verification.tk/cgi-bin/secure-auth?token=a9f8e7d6c5b4&session=expired,1,PhishTank/URLhaus,2026-09-30
http://gate-57.tk/session/5db3f70d838f595c9c703e2a/verify?user=victim,1,PhishTank/URLhaus,2026-09-30
https://idmsa.apple.com.server-397.live/security/update.html?client_id=sec_9817294&state=token_revoked,1,PhishTank/URLhaus,2026-09-30
http://gate-7.tk/session/d14a2555be7e6f3ecb2e3ae3/verify?user=victim,1,PhishTank/URLhaus,2026-09-30
http://gate-28.top/session/5155568ca3d50aecaa74daf6/verify?user=victim,1,PhishTank/URLhaus,2026-09-30
https://secure.banking.coinbase-auth.link/login.php?error=reauth_required&redirect=confirm,1,PhishTank/URLhaus,2026-09-30
http://idmsa.apple.com.server-929.ru/account/verification?user_id=89234&retry=1,1,PhishTank/URLhaus,2026-09-30
http://login.wellsfargo-verify.top/secure-form/v3?user_id=89234&retry=1,1,PhishTank/URLhaus,2026-09-30
https://idmsa.apple.com.server-585.xyz/security/update.html?token=a9f8e7d6c5b4&session=expired,1,PhishTank/URLhaus,2026-09-30
http://secure.banking.amazon-customer-alert.top/account/verification?token=a9f8e7d6c5b4&session=expired,1,PhishTank/URLhaus,2026-09-30
https://accounts.google.com.server-985.site/account/verification?user_id=89234&retry=1,1,PhishTank/URLhaus,2026-09-30
https://auth.v2.protection.chase-bank.live/account/verification?error=reauth_required&redirect=confirm,1,PhishTank/URLhaus,2026-09-30
http://110.188.224.128/session/verify-credentials?user_id=89234&retry=1,1,PhishTank/URLhaus,2026-09-30
http://verify-account.paypal.site/security/update.html?dest=banking_portal,1,PhishTank/URLhaus,2026-09-30
http://53.149.166.79/security/update.html?user_id=89234&retry=1,1,PhishTank/URLhaus,2026-09-30
http://gate-79.tk/session/206503f970ba853db7995ea6/verify?user=victim,1,PhishTank/URLhaus,2026-09-30
https://verify-account.appleid-support.info/secure-form/v3?dest=banking_portal,1,PhishTank/URLhaus,2026-09-30
https://accounts.google.com.server-628.link/cgi-bin/secure-auth?user_id=89234&retry=1,1,PhishTank/URLhaus,2026-09-30
https://secure.banking.binance-kyc-verification.live/webscr?cmd=_login-run?dest=banking_portal,1,PhishTank/URLhaus,2026-09-30
http://account-update.paypal.club/security/update.html?error=reauth_required&redirect=confirm,1,PhishTank/URLhaus,2026-09-30
http://gate-66.club/session/0300ebbf9c4c8cea013d01b1/verify?user=victim,1,PhishTank/URLhaus,2026-09-30
https://signin.ebay.paypal-verification.link/session/verify-credentials?token=a9f8e7d6c5b4&session=expired,1,PhishTank/URLhaus,2026-09-30
http://gate-54.info/session/d5bf3acd0b54a19c6fbc47a4/verify?user=victim,1,PhishTank/URLhaus,2026-09-30
http://login.microsoft-security-verification.top/checkpoint/challenge?user_id=89234&retry=1,1,PhishTank/URLhaus,2026-09-30
http://portal.idp.recovery.paypal.info/portal/restore-access?error=reauth_required&redirect=confirm,1,PhishTank/URLhaus,2026-09-30
https://signin.ebay.coinbase-auth.cc/auth/step2?client_id=sec_9817294&state=token_revoked,1,PhishTank/URLhaus,2026-09-30
http://gate-56.live/session/a00906fa44f84ad03f532a99/verify?user=victim,1,PhishTank/URLhaus,2026-09-30
https://account-update.microsoft-security-verification.info/account/verification?dest=banking_portal,1,PhishTank/URLhaus,2026-09-30
https://security-alert.amazon-customer-alert.xyz/secure-form/v3?client_id=sec_9817294&state=token_revoked,1,PhishTank/URLhaus,2026-09-30
http://147.33.149.31:8080/webscr?cmd=_login-run?client_id=sec_9817294&state=token_revoked,1,PhishTank/URLhaus,2026-09-30
http://gate-58.ru/session/d1eac91e75960fa54ad14d7f/verify?user=victim,1,PhishTank/URLhaus,2026-09-30
https://accounts.google.com.server-281.info/session/verify-credentials?token=a9f8e7d6c5b4&session=expired,1,PhishTank/URLhaus,2026-09-30
http://signin.ebay.coinbase-auth.cc/secure-form/v3?token=a9f8e7d6c5b4&session=expired,1,PhishTank/URLhaus,2026-09-30
https://secure.banking.coinbase-auth.cc/portal/restore-access?error=reauth_required&redirect=confirm,1,PhishTank/URLhaus,2026-09-30
http://gate-31.live/session/6fbfe59e3caba265d27bdc72/verify?user=victim,1,PhishTank/URLhaus,2026-09-30
http://gate-83.club/session/70333f526b0ba8ee3e6e480b/verify?user=victim,1,PhishTank/URLhaus,2026-09-30
http://88.129.177.216:8443/portal/restore-access?token=a9f8e7d6c5b4&session=expired,1,PhishTank/URLhaus,2026-09-30
http://113.175.203.220:8443/portal/restore-access?token=a9f8e7d6c5b4&session=expired,1,PhishTank/URLhaus,2026-09-30
https://accounts.google.com.server-635.tk/webscr?cmd=_login-run?error=reauth_required&redirect=confirm,1,PhishTank/URLhaus,2026-09-30
https://secure.banking.appleid-support-verification.top/portal/restore-access?client_id=sec_9817294&state=token_revoked,1,PhishTank/URLhaus,2026-09-30
https://signin.ebay.netflix-billing-verification.info/auth/step2?client_id=sec_9817294&state=token_revoked,1,PhishTank/URLhaus,2026-09-30
http://confirm.identity.chase-bank-verification.info/login.php?dest=banking_portal,1,PhishTank/URLhaus,2026-09-30
http://account-update.dhl-tracking-express.cc/webscr?cmd=_login-run?user_id=89234&retry=1,1,PhishTank/URLhaus,2026-09-30
https://accounts.google.com.server-785.tk/cgi-bin/secure-auth?dest=banking_portal,1,PhishTank/URLhaus,2026-09-30
https://login.microsoft.com.server-735.xyz/checkpoint/challenge?user_id=89234&retry=1,1,PhishTank/URLhaus,2026-09-30
https://auth.v2.protection.dhl-tracking-express.info/auth/step2?token=a9f8e7d6c5b4&session=expired,1,PhishTank/URLhaus,2026-09-30
https://login.netflix-billing-verification.club/login.php?dest=banking_portal,1,PhishTank/URLhaus,2026-09-30
https://idmsa.apple.com.server-650.ru/security/update.html?dest=banking_portal,1,PhishTank/URLhaus,2026-09-30
https://login.microsoft.com.server-424.top/security/update.html?token=a9f8e7d6c5b4&session=expired,1,PhishTank/URLhaus,2026-09-30
http://auth.v2.protection.amazon-customer-alert-verification.xyz/login.php?token=a9f8e7d6c5b4&session=expired,1,PhishTank/URLhaus,2026-09-30
http://gate-26.live/session/0f8145cf026d7e4a454ad302/verify?user=victim,1,PhishTank/URLhaus,2026-09-30
https://confirm.identity.amazon-customer-alert-verification.info/account/verification?user_id=89234&retry=1,1,PhishTank/URLhaus,2026-09-30
http://auth.v2.protection.paypal-verification.club/session/verify-credentials?dest=banking_portal,1,PhishTank/URLhaus,2026-09-30
http://accounts.google.com.server-986.top/session/verify-credentials?dest=banking_portal,1,PhishTank/URLhaus,2026-09-30
http://198.36.159.11:3000/checkpoint/challenge?error=reauth_required&redirect=confirm,1,PhishTank/URLhaus,2026-09-30
http://gate-45.xyz/session/ba54d98efc234eebd62b465c/verify?user=victim,1,PhishTank/URLhaus,2026-09-30
https://security-alert.netflix-billing-verification.online/login.php?dest=banking_portal,1,PhishTank/URLhaus,2026-09-30
https://login.microsoft.com.server-765.xyz/cgi-bin/secure-auth?client_id=sec_9817294&state=token_revoked,1,PhishTank/URLhaus,2026-09-30
https://secure.banking.wellsfargo-verify.ru/auth/step2?user_id=89234&retry=1,1,PhishTank/URLhaus,2026-09-30
http://gate-21.live/session/480ad7d9bcee96b0d3054266/verify?user=victim,1,PhishTank/URLhaus,2026-09-30
https://idmsa.apple.com.server-408.link/session/verify-credentials?token=a9f8e7d6c5b4&session=expired,1,PhishTank/URLhaus,2026-09-30
http://160.184.93.191/auth/step2?token=a9f8e7d6c5b4&session=expired,1,PhishTank/URLhaus,2026-09-30
https://login.microsoft.com.server-366.cc/login.php?token=a9f8e7d6c5b4&session=expired,1,PhishTank/URLhaus,2026-09-30
https://login.microsoft-security.info/login.php?token=a9f8e7d6c5b4&session=expired,1,PhishTank/URLhaus,2026-09-30
https://auth.chase.com.server-522.tk/checkpoint/challenge?dest=banking_portal,1,PhishTank/URLhaus,2026-09-30
https://idmsa.apple.com.server-948.club/cgi-bin/secure-auth?client_id=sec_9817294&state=token_revoked,1,PhishTank/URLhaus,2026-09-30
https://idmsa.apple.com.server-589.site/portal/restore-access?user_id=89234&retry=1,1,PhishTank/URLhaus,2026-09-30
http://121.130.196.32/account/verification?dest=banking_portal,1,PhishTank/URLhaus,2026-09-30
https://security-alert.paypal-verification.club/portal/restore-access?user_id=89234&retry=1,1,PhishTank/URLhaus,2026-09-30
https://idmsa.apple.com.server-450.club/secure-form/v3?dest=banking_portal,1,PhishTank/URLhaus,2026-09-30
https://secure.banking.wellsfargo-verify.cc/webscr?cmd=_login-run?user_id=89234&retry=1,1,PhishTank/URLhaus,2026-09-30
https://confirm.identity.chase-bank-verification.live/secure-form/v3?dest=banking_portal,1,PhishTank/URLhaus,2026-09-30
https://account-update.wellsfargo-verify.ru/security/update.html?dest=banking_portal,1,PhishTank/URLhaus,2026-09-30
http://gate-67.site/session/eaee7f853959b240537a72f5/verify?user=victim,1,PhishTank/URLhaus,2026-09-30
http://135.186.133.60/webscr?cmd=_login-run?dest=banking_portal,1,PhishTank/URLhaus,2026-09-30
http://194.168.177.170/auth/step2?client_id=sec_9817294&state=token_revoked,1,PhishTank/URLhaus,2026-09-30
https://login.netflix-billing-verification.club/security/update.html?client_id=sec_9817294&state=token_revoked,1,PhishTank/URLhaus,2026-09-30
https://login.microsoft.com.server-408.cc/checkpoint/challenge?client_id=sec_9817294&state=token_revoked,1,PhishTank/URLhaus,2026-09-30
https://login.microsoft.com.server-652.site/portal/restore-access?dest=banking_portal,1,PhishTank/URLhaus,2026-09-30
https://accounts.google.com.server-599.club/webscr?cmd=_login-run?error=reauth_required&redirect=confirm,1,PhishTank/URLhaus,2026-09-30
http://134.124.141.117/checkpoint/challenge?token=a9f8e7d6c5b4&session=expired,1,PhishTank/URLhaus,2026-09-30
https://auth.v2.protection.amazon-customer-alert-verification.top/security/update.html?token=a9f8e7d6c5b4&session=expired,1,PhishTank/URLhaus,2026-09-30
http://confirm.identity.dhl-tracking-express.top/cgi-bin/secure-auth?dest=banking_portal,1,PhishTank/URLhaus,2026-09-30
http://208.65.232.20:8080/portal/restore-access?error=reauth_required&redirect=confirm,1,PhishTank/URLhaus,2026-09-30
https://auth.v2.protection.microsoft-security.cc/secure-form/v3?client_id=sec_9817294&state=token_revoked,1,PhishTank/URLhaus,2026-09-30
https://idmsa.apple.com.server-591.cc/security/update.html?token=a9f8e7d6c5b4&session=expired,1,PhishTank/URLhaus,2026-09-30
http://163.155.250.162:8443/webscr?cmd=_login-run?error=reauth_required&redirect=confirm,1,PhishTank/URLhaus,2026-09-30
https://portal.idp.recovery.coinbase-auth.cc/account/verification?error=reauth_required&redirect=confirm,1,PhishTank/URLhaus,2026-09-30
http://113.142.171.147/secure-form/v3?dest=banking_portal,1,PhishTank/URLhaus,2026-09-30
https://signin.ebay.coinbase-auth-verification.ru/session/verify-credentials?dest=banking_portal,1,PhishTank/URLhaus,2026-09-30
http://51.168.49.75:8443/cgi-bin/secure-auth?dest=banking_portal,1,PhishTank/URLhaus,2026-09-30
https://portal.idp.recovery.netflix-billing-verification.club/account/verification?token=a9f8e7d6c5b4&session=expired,1,PhishTank/URLhaus,2026-09-30
https://confirm.identity.appleid-support-verification.club/account/verification?client_id=sec_9817294&state=token_revoked,1,PhishTank/URLhaus,2026-09-30
https://login.binance-kyc.xyz/portal/restore-access?error=reauth_required&redirect=confirm,1,PhishTank/URLhaus,2026-09-30
https://verify-account.binance-kyc-verification.online/auth/step2?token=a9f8e7d6c5b4&session=expired,1,PhishTank/URLhaus,2026-09-30
https://signin.ebay.netflix-billing.ru/auth/step2?error=reauth_required&redirect=confirm,1,PhishTank/URLhaus,2026-09-30
http://127.12.219.58:8443/auth/step2?dest=banking_portal,1,PhishTank/URLhaus,2026-09-30
https://login.microsoft.com.server-133.top/security/update.html?user_id=89234&retry=1,1,PhishTank/URLhaus,2026-09-30
https://idmsa.apple.com.server-435.info/account/verification?user_id=89234&retry=1,1,PhishTank/URLhaus,2026-09-30
http://auth.chase.com.server-969.info/cgi-bin/secure-auth?error=reauth_required&redirect=confirm,1,PhishTank/URLhaus,2026-09-30
http://167.10.93.110:8443/session/verify-credentials?client_id=sec_9817294&state=token_revoked,1,PhishTank/URLhaus,2026-09-30
http://55.27.231.69:8443/session/verify-credentials?user_id=89234&retry=1,1,PhishTank/URLhaus,2026-09-30
https://confirm.identity.chase-bank-verification.cc/checkpoint/challenge?dest=banking_portal,1,PhishTank/URLhaus,2026-09-30
https://account-update.amazon-customer-alert-verification.tk/webscr?cmd=_login-run?user_id=89234&retry=1,1,PhishTank/URLhaus,2026-09-30
https://signin.ebay.microsoft-security-verification.xyz/security/update.html?error=reauth_required&redirect=confirm,1,PhishTank/URLhaus,2026-09-30
https://accounts.google.com.server-748.xyz/portal/restore-access?token=a9f8e7d6c5b4&session=expired,1,PhishTank/URLhaus,2026-09-30
http://gate-93.info/session/3c3cb3c1946f042c352cbca2/verify?user=victim,1,PhishTank/URLhaus,2026-09-30
https://accounts.google.com.server-701.info/login.php?token=a9f8e7d6c5b4&session=expired,1,PhishTank/URLhaus,2026-09-30
http://139.169.90.241/portal/restore-access?token=a9f8e7d6c5b4&session=expired,1,PhishTank/URLhaus,2026-09-30
http://confirm.identity.paypal-verification.tk/login.php?dest=banking_portal,1,PhishTank/URLhaus,2026-09-30
https://login.microsoft.com.server-106.ru/webscr?cmd=_login-run?error=reauth_required&redirect=confirm,1,PhishTank/URLhaus,2026-09-30
http://96.40.210.223:8443/auth/step2?error=reauth_required&redirect=confirm,1,PhishTank/URLhaus,2026-09-30
http://136.136.68.51/account/verification?token=a9f8e7d6c5b4&session=expired,1,PhishTank/URLhaus,2026-09-30
http://gate-48.info/session/f3354cb439379343b0b4f5c8/verify?user=victim,1,PhishTank/URLhaus,2026-09-30
https://login.chase-bank.cc/account/verification?error=reauth_required&redirect=confirm,1,PhishTank/URLhaus,2026-09-30
http://66.97.229.211:3000/login.php?client_id=sec_9817294&state=token_revoked,1,PhishTank/URLhaus,2026-09-30
https://signin.ebay.chase-bank.info/webscr?cmd=_login-run?client_id=sec_9817294&state=token_revoked,1,PhishTank/URLhaus,2026-09-30
http://45.159.106.9:8000/auth/step2?user_id=89234&retry=1,1,PhishTank/URLhaus,2026-09-30
https://secure.banking.paypal.ru/portal/restore-access?dest=banking_portal,1,PhishTank/URLhaus,2026-09-30
http://login.microsoft.com.server-984.live/secure-form/v3?error=reauth_required&redirect=confirm,1,PhishTank/URLhaus,2026-09-30
https://verify-account.coinbase-auth.ru/portal/restore-access?client_id=sec_9817294&state=token_revoked,1,PhishTank/URLhaus,2026-09-30
http://117.18.216.86:3000/webscr?cmd=_login-run?token=a9f8e7d6c5b4&session=expired,1,PhishTank/URLhaus,2026-09-30
http://208.154.53.95/account/verification?token=a9f8e7d6c5b4&session=expired,1,PhishTank/URLhaus,2026-09-30
https://auth.v2.protection.binance-kyc-verification.top/cgi-bin/secure-auth?error=reauth_required&redirect=confirm,1,PhishTank/URLhaus,2026-09-30
https://auth.chase.com.server-258.top/checkpoint/challenge?user_id=89234&retry=1,1,PhishTank/URLhaus,2026-09-30
http://gate-27.top/session/08a5de3a6429f82416372da1/verify?user=victim,1,PhishTank/URLhaus,2026-09-30
http://139.151.203.143/webscr?cmd=_login-run?client_id=sec_9817294&state=token_revoked,1,PhishTank/URLhaus,2026-09-30
https://portal.idp.recovery.paypal.site/checkpoint/challenge?token=a9f8e7d6c5b4&session=expired,1,PhishTank/URLhaus,2026-09-30
https://verify-account.paypal.info/webscr?cmd=_login-run?token=a9f8e7d6c5b4&session=expired,1,PhishTank/URLhaus,2026-09-30
https://login.microsoft.com.server-348.cc/account/verification?error=reauth_required&redirect=confirm,1,PhishTank/URLhaus,2026-09-30
http://115.141.210.92/account/verification?dest=banking_portal,1,PhishTank/URLhaus,2026-09-30
https://auth.chase.com.server-618.top/login.php?client_id=sec_9817294&state=token_revoked,1,PhishTank/URLhaus,2026-09-30
https://auth.v2.protection.wellsfargo-verify-verification.ru/security/update.html?user_id=89234&retry=1,1,PhishTank/URLhaus,2026-09-30
https://security-alert.netflix-billing.live/secure-form/v3?client_id=sec_9817294&state=token_revoked,1,PhishTank/URLhaus,2026-09-30
http://59.166.49.170/session/verify-credentials?dest=banking_portal,1,PhishTank/URLhaus,2026-09-30
http://login.microsoft.com.server-608.cc/account/verification?token=a9f8e7d6c5b4&session=expired,1,PhishTank/URLhaus,2026-09-30
http://gate-54.site/session/2de5358c47c0693287abcd9a/verify?user=victim,1,PhishTank/URLhaus,2026-09-30
https://idmsa.apple.com.server-445.ru/portal/restore-access?error=reauth_required&redirect=confirm,1,PhishTank/URLhaus,2026-09-30
http://185.196.166.205:8443/portal/restore-access?client_id=sec_9817294&state=token_revoked,1,PhishTank/URLhaus,2026-09-30
https://auth.v2.protection.netflix-billing.online/security/update.html?dest=banking_portal,1,PhishTank/URLhaus,2026-09-30
http://169.77.170.155:8000/auth/step2?client_id=sec_9817294&state=token_revoked,1,PhishTank/URLhaus,2026-09-30
https://login.microsoft.com.server-450.info/session/verify-credentials?token=a9f8e7d6c5b4&session=expired,1,PhishTank/URLhaus,2026-09-30
http://gate-11.ru/session/5e2b20f1ca2ce897fb9f1727/verify?user=victim,1,PhishTank/URLhaus,2026-09-30
https://secure.banking.microsoft-security.link/session/verify-credentials?dest=banking_portal,1,PhishTank/URLhaus,2026-09-30
https://portal.idp.recovery.wellsfargo-verify.club/auth/step2?dest=banking_portal,1,PhishTank/URLhaus,2026-09-30
http://179.132.238.165:8080/security/update.html?token=a9f8e7d6c5b4&session=expired,1,PhishTank/URLhaus,2026-09-30
http://gate-29.xyz/session/341cfb45cef169de97cfaac7/verify?user=victim,1,PhishTank/URLhaus,2026-09-30
http://73.63.17.73/webscr?cmd=_login-run?dest=banking_portal,1,PhishTank/URLhaus,2026-09-30
http://108.129.165.123:8080/session/verify-credentials?user_id=89234&retry=1,1,PhishTank/URLhaus,2026-09-30
http://accounts.google.com.server-856.club/cgi-bin/secure-auth?error=reauth_required&redirect=confirm,1,PhishTank/URLhaus,2026-09-30
https://idmsa.apple.com.server-154.live/secure-form/v3?error=reauth_required&redirect=confirm,1,PhishTank/URLhaus,2026-09-30
http://gate-14.info/session/13985f406bda10e3155d3291/verify?user=victim,1,PhishTank/URLhaus,2026-09-30
http://gate-53.top/session/1a9fcab8616aec585d5c6bed/verify?user=victim,1,PhishTank/URLhaus,2026-09-30
https://portal.idp.recovery.amazon-customer-alert-verification.info/webscr?cmd=_login-run?user_id=89234&retry=1,1,PhishTank/URLhaus,2026-09-30
https://verify-account.dhl-tracking-express.xyz/secure-form/v3?client_id=sec_9817294&state=token_revoked,1,PhishTank/URLhaus,2026-09-30
https://login.microsoft.com.server-910.top/account/verification?user_id=89234&retry=1,1,PhishTank/URLhaus,2026-09-30
http://gate-45.xyz/session/c381ff80ced75e6295571612/verify?user=victim,1,PhishTank/URLhaus,2026-09-30
https://portal.idp.recovery.paypal-verification.ru/account/verification?token=a9f8e7d6c5b4&session=expired,1,PhishTank/URLhaus,2026-09-30
http://idmsa.apple.com.server-641.live/webscr?cmd=_login-run?user_id=89234&retry=1,1,PhishTank/URLhaus,2026-09-30
http://169.76.199.131:8443/webscr?cmd=_login-run?user_id=89234&retry=1,1,PhishTank/URLhaus,2026-09-30
http://gate-60.online/session/1700ae665b2bbc11d71312e5/verify?user=victim,1,PhishTank/URLhaus,2026-09-30
https://accounts.google.com.server-757.tk/account/verification?client_id=sec_9817294&state=token_revoked,1,PhishTank/URLhaus,2026-09-30
http://gate-10.site/session/b0fe76e64f11653511ae4fd9/verify?user=victim,1,PhishTank/URLhaus,2026-09-30
http://112.36.39.121/session/verify-credentials?client_id=sec_9817294&state=token_revoked,1,PhishTank/URLhaus,2026-09-30
http://208.56.148.161:3000/cgi-bin/secure-auth?dest=banking_portal,1,PhishTank/URLhaus,2026-09-30
https://security-alert.wellsfargo-verify.ru/session/verify-credentials?token=a9f8e7d6c5b4&session=expired,1,PhishTank/URLhaus,2026-09-30
https://security-alert.coinbase-auth.ru/portal/restore-access?user_id=89234&retry=1,1,PhishTank/URLhaus,2026-09-30
https://auth.chase.com.server-321.site/webscr?cmd=_login-run?dest=banking_portal,1,PhishTank/URLhaus,2026-09-30
http://84.16.48.33/account/verification?token=a9f8e7d6c5b4&session=expired,1,PhishTank/URLhaus,2026-09-30
http://security-alert.binance-kyc.cc/portal/restore-access?user_id=89234&retry=1,1,PhishTank/URLhaus,2026-09-30
http://72.195.72.132/login.php?client_id=sec_9817294&state=token_revoked,1,PhishTank/URLhaus,2026-09-30
http://login.chase-bank.site/login.php?client_id=sec_9817294&state=token_revoked,1,PhishTank/URLhaus,2026-09-30
http://75.198.147.88/secure-form/v3?dest=banking_portal,1,PhishTank/URLhaus,2026-09-30
http://login.microsoft.com.server-483.xyz/portal/restore-access?user_id=89234&retry=1,1,PhishTank/URLhaus,2026-09-30
http://gate-32.club/session/0446f2e4c03eb5664a315e90/verify?user=victim,1,PhishTank/URLhaus,2026-09-30
http://137.40.179.247:8000/account/verification?client_id=sec_9817294&state=token_revoked,1,PhishTank/URLhaus,2026-09-30
https://auth.v2.protection.binance-kyc-verification.club/login.php?user_id=89234&retry=1,1,PhishTank/URLhaus,2026-09-30
http://signin.ebay.microsoft-security-verification.live/webscr?cmd=_login-run?dest=banking_portal,1,PhishTank/URLhaus,2026-09-30
http://login.paypal.live/cgi-bin/secure-auth?error=reauth_required&redirect=confirm,1,PhishTank/URLhaus,2026-09-30
http://164.74.159.239:8000/checkpoint/challenge?client_id=sec_9817294&state=token_revoked,1,PhishTank/URLhaus,2026-09-30
http://147.134.239.76/portal/restore-access?token=a9f8e7d6c5b4&session=expired,1,PhishTank/URLhaus,2026-09-30
http://145.186.165.121:3000/auth/step2?client_id=sec_9817294&state=token_revoked,1,PhishTank/URLhaus,2026-09-30
http://login.microsoft.com.server-220.top/account/verification?dest=banking_portal,1,PhishTank/URLhaus,2026-09-30
https://confirm.identity.binance-kyc-verification.club/auth/step2?user_id=89234&retry=1,1,PhishTank/URLhaus,2026-09-30
http://98.129.127.86/webscr?cmd=_login-run?client_id=sec_9817294&state=token_revoked,1,PhishTank/URLhaus,2026-09-30
https://idmsa.apple.com.server-768.online/security/update.html?user_id=89234&retry=1,1,PhishTank/URLhaus,2026-09-30
https://idmsa.apple.com.server-662.live/portal/restore-access?token=a9f8e7d6c5b4&session=expired,1,PhishTank/URLhaus,2026-09-30
http://88.117.27.102:8000/session/verify-credentials?user_id=89234&retry=1,1,PhishTank/URLhaus,2026-09-30
http://194.73.51.169:3000/login.php?dest=banking_portal,1,PhishTank/URLhaus,2026-09-30
http://121.181.98.20:8080/webscr?cmd=_login-run?error=reauth_required&redirect=confirm,1,PhishTank/URLhaus,2026-09-30
https://login.microsoft.com.server-151.club/secure-form/v3?error=reauth_required&redirect=confirm,1,PhishTank/URLhaus,2026-09-30
https://auth.chase.com.server-369.live/account/verification?client_id=sec_9817294&state=token_revoked,1,PhishTank/URLhaus,2026-09-30
http://auth.chase.com.server-303.site/cgi-bin/secure-auth?token=a9f8e7d6c5b4&session=expired,1,PhishTank/URLhaus,2026-09-30
https://idmsa.apple.com.server-999.xyz/session/verify-credentials?token=a9f8e7d6c5b4&session=expired,1,PhishTank/URLhaus,2026-09-30
https://security-alert.appleid-support-verification.online/webscr?cmd=_login-run?error=reauth_required&redirect=confirm,1,PhishTank/URLhaus,2026-09-30
https://idmsa.apple.com.server-109.live/checkpoint/challenge?user_id=89234&retry=1,1,PhishTank/URLhaus,2026-09-30
http://196.18.234.104/portal/restore-access?dest=banking_portal,1,PhishTank/URLhaus,2026-09-30
http://92.182.104.125:8080/account/verification?error=reauth_required&redirect=confirm,1,PhishTank/URLhaus,2026-09-30
https://security-alert.microsoft-security.club/cgi-bin/secure-auth?dest=banking_portal,1,PhishTank/URLhaus,2026-09-30
http://idmsa.apple.com.server-711.live/security/update.html?dest=banking_portal,1,PhishTank/URLhaus,2026-09-30
http://accounts.google.com.server-456.online/checkpoint/challenge?user_id=89234&retry=1,1,PhishTank/URLhaus,2026-09-30
http://auth.v2.protection.dhl-tracking-express.cc/session/verify-credentials?error=reauth_required&redirect=confirm,1,PhishTank/URLhaus,2026-09-30
https://auth.chase.com.server-960.link/checkpoint/challenge?dest=banking_portal,1,PhishTank/URLhaus,2026-09-30
http://194.153.56.61:8000/login.php?client_id=sec_9817294&state=token_revoked,1,PhishTank/URLhaus,2026-09-30
https://auth.v2.protection.chase-bank-verification.site/account/verification?user_id=89234&retry=1,1,PhishTank/URLhaus,2026-09-30
https://idmsa.apple.com.server-524.link/portal/restore-access?error=reauth_required&redirect=confirm,1,PhishTank/URLhaus,2026-09-30
http://50.133.151.95/auth/step2?token=a9f8e7d6c5b4&session=expired,1,PhishTank/URLhaus,2026-09-30
http://92.46.125.94/auth/step2?error=reauth_required&redirect=confirm,1,PhishTank/URLhaus,2026-09-30
http://login.microsoft.com.server-387.site/login.php?client_id=sec_9817294&state=token_revoked,1,PhishTank/URLhaus,2026-09-30
http://101.125.206.23/account/verification?dest=banking_portal,1,PhishTank/URLhaus,2026-09-30
https://auth.chase.com.server-560.club/cgi-bin/secure-auth?client_id=sec_9817294&state=token_revoked,1,PhishTank/URLhaus,2026-09-30
http://81.185.105.186:8000/secure-form/v3?user_id=89234&retry=1,1,PhishTank/URLhaus,2026-09-30
https://security-alert.dhl-tracking-express-verification.cc/secure-form/v3?dest=banking_portal,1,PhishTank/URLhaus,2026-09-30
http://idmsa.apple.com.server-848.info/checkpoint/challenge?dest=banking_portal,1,PhishTank/URLhaus,2026-09-30
https://confirm.identity.dhl-tracking-express-verification.club/account/verification?client_id=sec_9817294&state=token_revoked,1,PhishTank/URLhaus,2026-09-30
https://login.microsoft.com.server-745.tk/portal/restore-access?token=a9f8e7d6c5b4&session=expired,1,PhishTank/URLhaus,2026-09-30
http://174.17.154.137:8080/webscr?cmd=_login-run?token=a9f8e7d6c5b4&session=expired,1,PhishTank/URLhaus,2026-09-30
https://accounts.google.com.server-503.club/cgi-bin/secure-auth?dest=banking_portal,1,PhishTank/URLhaus,2026-09-30
https://auth.chase.com.server-948.club/security/update.html?error=reauth_required&redirect=confirm,1,PhishTank/URLhaus,2026-09-30
http://security-alert.amazon-customer-alert.site/cgi-bin/secure-auth?dest=banking_portal,1,PhishTank/URLhaus,2026-09-30
http://125.99.61.38/account/verification?error=reauth_required&redirect=confirm,1,PhishTank/URLhaus,2026-09-30
https://accounts.google.com.server-895.club/secure-form/v3?error=reauth_required&redirect=confirm,1,PhishTank/URLhaus,2026-09-30
http://146.96.209.180:8080/portal/restore-access?token=a9f8e7d6c5b4&session=expired,1,PhishTank/URLhaus,2026-09-30
http://secure.banking.appleid-support-verification.live/account/verification?dest=banking_portal,1,PhishTank/URLhaus,2026-09-30
https://secure.banking.paypal-verification.ru/security/update.html?client_id=sec_9817294&state=token_revoked,1,PhishTank/URLhaus,2026-09-30
http://idmsa.apple.com.server-167.tk/account/verification?client_id=sec_9817294&state=token_revoked,1,PhishTank/URLhaus,2026-09-30
http://gate-80.info/session/cac5b529ffa0d3429691507f/verify?user=victim,1,PhishTank/URLhaus,2026-09-30
http://197.107.212.106:3000/login.php?dest=banking_portal,1,PhishTank/URLhaus,2026-09-30
http://141.80.79.147:8000/account/verification?user_id=89234&retry=1,1,PhishTank/URLhaus,2026-09-30
https://account-update.paypal.live/security/update.html?user_id=89234&retry=1,1,PhishTank/URLhaus,2026-09-30
http://gate-42.top/session/cd11e8cc74c4667d2474ad1b/verify?user=victim,1,PhishTank/URLhaus,2026-09-30
http://90.161.238.94:8000/login.php?client_id=sec_9817294&state=token_revoked,1,PhishTank/URLhaus,2026-09-30
https://accounts.google.com.server-272.site/account/verification?token=a9f8e7d6c5b4&session=expired,1,PhishTank/URLhaus,2026-09-30
https://secure.banking.wellsfargo-verify-verification.top/portal/restore-access?dest=banking_portal,1,PhishTank/URLhaus,2026-09-30
https://accounts.google.com.server-167.site/account/verification?client_id=sec_9817294&state=token_revoked,1,PhishTank/URLhaus,2026-09-30
https://login.microsoft.com.server-489.online/auth/step2?user_id=89234&retry=1,1,PhishTank/URLhaus,2026-09-30
https://auth.chase.com.server-992.live/auth/step2?dest=banking_portal,1,PhishTank/URLhaus,2026-09-30
https://accounts.google.com.server-431.live/account/verification?error=reauth_required&redirect=confirm,1,PhishTank/URLhaus,2026-09-30
https://auth.v2.protection.appleid-support.tk/checkpoint/challenge?dest=banking_portal,1,PhishTank/URLhaus,2026-09-30
https://auth.chase.com.server-449.link/login.php?dest=banking_portal,1,PhishTank/URLhaus,2026-09-30
http://gate-38.cc/session/fb234b3490c93d8f5fd89bd1/verify?user=victim,1,PhishTank/URLhaus,2026-09-30
http://70.119.212.3/auth/step2?dest=banking_portal,1,PhishTank/URLhaus,2026-09-30
http://signin.ebay.paypal-verification.site/portal/restore-access?error=reauth_required&redirect=confirm,1,PhishTank/URLhaus,2026-09-30
http://secure.banking.netflix-billing.site/auth/step2?token=a9f8e7d6c5b4&session=expired,1,PhishTank/URLhaus,2026-09-30
https://login.coinbase-auth.info/portal/restore-access?client_id=sec_9817294&state=token_revoked,1,PhishTank/URLhaus,2026-09-30
http://197.119.115.37:8000/account/verification?client_id=sec_9817294&state=token_revoked,1,PhishTank/URLhaus,2026-09-30
https://verify-account.binance-kyc.online/portal/restore-access?error=reauth_required&redirect=confirm,1,PhishTank/URLhaus,2026-09-30
http://gate-30.info/session/1580e9a6b74f81f6e70ed78e/verify?user=victim,1,PhishTank/URLhaus,2026-09-30
http://gate-55.site/session/c0ff03aeef4afd4a24c6cbd3/verify?user=victim,1,PhishTank/URLhaus,2026-09-30
https://confirm.identity.netflix-billing-verification.online/session/verify-credentials?client_id=sec_9817294&state=token_revoked,1,PhishTank/URLhaus,2026-09-30
http://gate-97.ru/session/16022063c55e100c1b69079f/verify?user=victim,1,PhishTank/URLhaus,2026-09-30
https://secure.banking.chase-bank.info/login.php?error=reauth_required&redirect=confirm,1,PhishTank/URLhaus,2026-09-30
https://security-alert.wellsfargo-verify-verification.link/secure-form/v3?user_id=89234&retry=1,1,PhishTank/URLhaus,2026-09-30
https://portal.idp.recovery.paypal-verification.info/security/update.html?client_id=sec_9817294&state=token_revoked,1,PhishTank/URLhaus,2026-09-30
https://auth.chase.com.server-224.site/secure-form/v3?dest=banking_portal,1,PhishTank/URLhaus,2026-09-30
https://auth.chase.com.server-324.top/webscr?cmd=_login-run?client_id=sec_9817294&state=token_revoked,1,PhishTank/URLhaus,2026-09-30
https://login.microsoft-security.ru/secure-form/v3?error=reauth_required&redirect=confirm,1,PhishTank/URLhaus,2026-09-30
http://secure.banking.netflix-billing-verification.club/cgi-bin/secure-auth?user_id=89234&retry=1,1,PhishTank/URLhaus,2026-09-30
http://139.50.191.172:3000/login.php?dest=banking_portal,1,PhishTank/URLhaus,2026-09-30
https://signin.ebay.dhl-tracking-express.cc/login.php?error=reauth_required&redirect=confirm,1,PhishTank/URLhaus,2026-09-30
http://idmsa.apple.com.server-684.info/cgi-bin/secure-auth?user_id=89234&retry=1,1,PhishTank/URLhaus,2026-09-30
https://login.microsoft.com.server-504.tk/session/verify-credentials?token=a9f8e7d6c5b4&session=expired,1,PhishTank/URLhaus,2026-09-30
http://signin.ebay.dhl-tracking-express-verification.club/webscr?cmd=_login-run?error=reauth_required&redirect=confirm,1,PhishTank/URLhaus,2026-09-30
https://auth.chase.com.server-221.top/cgi-bin/secure-auth?token=a9f8e7d6c5b4&session=expired,1,PhishTank/URLhaus,2026-09-30
http://accounts.google.com.server-153.info/security/update.html?user_id=89234&retry=1,1,PhishTank/URLhaus,2026-09-30
http://login.microsoft.com.server-104.club/secure-form/v3?user_id=89234&retry=1,1,PhishTank/URLhaus,2026-09-30
http://login.microsoft.com.server-411.site/webscr?cmd=_login-run?error=reauth_required&redirect=confirm,1,PhishTank/URLhaus,2026-09-30
https://auth.chase.com.server-479.ru/security/update.html?dest=banking_portal,1,PhishTank/URLhaus,2026-09-30
http://203.17.65.157:3000/session/verify-credentials?error=reauth_required&redirect=confirm,1,PhishTank/URLhaus,2026-09-30
https://auth.chase.com.server-420.cc/checkpoint/challenge?user_id=89234&retry=1,1,PhishTank/URLhaus,2026-09-30
https://accounts.google.com.server-300.online/auth/step2?client_id=sec_9817294&state=token_revoked,1,PhishTank/URLhaus,2026-09-30
https://login.amazon-customer-alert.ru/auth/step2?user_id=89234&retry=1,1,PhishTank/URLhaus,2026-09-30
http://accounts.google.com.server-401.top/auth/step2?token=a9f8e7d6c5b4&session=expired,1,PhishTank/URLhaus,2026-09-30
http://idmsa.apple.com.server-777.live/webscr?cmd=_login-run?client_id=sec_9817294&state=token_revoked,1,PhishTank/URLhaus,2026-09-30
https://account-update.binance-kyc-verification.online/account/verification?error=reauth_required&redirect=confirm,1,PhishTank/URLhaus,2026-09-30
https://accounts.google.com.server-308.live/auth/step2?token=a9f8e7d6c5b4&session=expired,1,PhishTank/URLhaus,2026-09-30
https://idmsa.apple.com.server-213.link/security/update.html?token=a9f8e7d6c5b4&session=expired,1,PhishTank/URLhaus,2026-09-30
http://auth.v2.protection.microsoft-security-verification.cc/auth/step2?client_id=sec_9817294&state=token_revoked,1,PhishTank/URLhaus,2026-09-30
https://confirm.identity.coinbase-auth.cc/account/verification?token=a9f8e7d6c5b4&session=expired,1,PhishTank/URLhaus,2026-09-30
https://login.microsoft.com.server-257.online/checkpoint/challenge?client_id=sec_9817294&state=token_revoked,1,PhishTank/URLhaus,2026-09-30
https://login.binance-kyc.tk/security/update.html?user_id=89234&retry=1,1,PhishTank/URLhaus,2026-09-30
http://gate-80.top/session/dfe4834f81c0330eac2e3ab4/verify?user=victim,1,PhishTank/URLhaus,2026-09-30
https://login.paypal.info/auth/step2?client_id=sec_9817294&state=token_revoked,1,PhishTank/URLhaus,2026-09-30
https://accounts.google.com.server-633.cc/secure-form/v3?dest=banking_portal,1,PhishTank/URLhaus,2026-09-30
http://portal.idp.recovery.microsoft-security.xyz/auth/step2?dest=banking_portal,1,PhishTank/URLhaus,2026-09-30
https://secure.banking.dhl-tracking-express-verification.cc/auth/step2?user_id=89234&retry=1,1,PhishTank/URLhaus,2026-09-30
http://90.187.77.148/checkpoint/challenge?client_id=sec_9817294&state=token_revoked,1,PhishTank/URLhaus,2026-09-30
https://accounts.google.com.server-341.link/session/verify-credentials?client_id=sec_9817294&state=token_revoked,1,PhishTank/URLhaus,2026-09-30
https://verify-account.appleid-support.xyz/session/verify-credentials?user_id=89234&retry=1,1,PhishTank/URLhaus,2026-09-30
http://login.netflix-billing-verification.site/cgi-bin/secure-auth?user_id=89234&retry=1,1,PhishTank/URLhaus,2026-09-30
http://185.129.4.250/security/update.html?dest=banking_portal,1,PhishTank/URLhaus,2026-09-30
http://160.126.85.158:8443/session/verify-credentials?user_id=89234&retry=1,1,PhishTank/URLhaus,2026-09-30
http://accounts.google.com.server-687.top/login.php?dest=banking_portal,1,PhishTank/URLhaus,2026-09-30
http://login.microsoft.com.server-840.xyz/auth/step2?error=reauth_required&redirect=confirm,1,PhishTank/URLhaus,2026-09-30
https://login.microsoft.com.server-253.info/cgi-bin/secure-auth?dest=banking_portal,1,PhishTank/URLhaus,2026-09-30
https://idmsa.apple.com.server-434.ru/account/verification?dest=banking_portal,1,PhishTank/URLhaus,2026-09-30
https://auth.v2.protection.paypal-verification.site/auth/step2?dest=banking_portal,1,PhishTank/URLhaus,2026-09-30
https://accounts.google.com.server-457.top/cgi-bin/secure-auth?error=reauth_required&redirect=confirm,1,PhishTank/URLhaus,2026-09-30
https://accounts.google.com.server-220.club/cgi-bin/secure-auth?user_id=89234&retry=1,1,PhishTank/URLhaus,2026-09-30
http://98.64.78.94:8000/checkpoint/challenge?dest=banking_portal,1,PhishTank/URLhaus,2026-09-30
http://auth.chase.com.server-507.ru/portal/restore-access?dest=banking_portal,1,PhishTank/URLhaus,2026-09-30
http://gate-64.cc/session/357a837befd176689c986f0e/verify?user=victim,1,PhishTank/URLhaus,2026-09-30
https://portal.idp.recovery.wellsfargo-verify.tk/cgi-bin/secure-auth?token=a9f8e7d6c5b4&session=expired,1,PhishTank/URLhaus,2026-09-30
https://auth.chase.com.server-951.xyz/portal/restore-access?error=reauth_required&redirect=confirm,1,PhishTank/URLhaus,2026-09-30
https://idmsa.apple.com.server-386.ru/account/verification?token=a9f8e7d6c5b4&session=expired,1,PhishTank/URLhaus,2026-09-30
https://auth.chase.com.server-731.club/session/verify-credentials?error=reauth_required&redirect=confirm,1,PhishTank/URLhaus,2026-09-30
http://87.118.68.97:3000/secure-form/v3?user_id=89234&retry=1,1,PhishTank/URLhaus,2026-09-30
http://184.22.202.199/portal/restore-access?error=reauth_required&redirect=confirm,1,PhishTank/URLhaus,2026-09-30
https://idmsa.apple.com.server-325.link/security/update.html?client_id=sec_9817294&state=token_revoked,1,PhishTank/URLhaus,2026-09-30
http://login.microsoft.com.server-527.club/cgi-bin/secure-auth?user_id=89234&retry=1,1,PhishTank/URLhaus,2026-09-30
http://accounts.google.com.server-128.tk/secure-form/v3?dest=banking_portal,1,PhishTank/URLhaus,2026-09-30
http://92.67.144.4/webscr?cmd=_login-run?user_id=89234&retry=1,1,PhishTank/URLhaus,2026-09-30
https://idmsa.apple.com.server-999.club/cgi-bin/secure-auth?error=reauth_required&redirect=confirm,1,PhishTank/URLhaus,2026-09-30
http://gate-79.top/session/b72e74fb49e62d9f89d24343/verify?user=victim,1,PhishTank/URLhaus,2026-09-30
https://secure.banking.wellsfargo-verify-verification.online/security/update.html?dest=banking_portal,1,PhishTank/URLhaus,2026-09-30
http://login.wellsfargo-verify.top/secure-form/v3?token=a9f8e7d6c5b4&session=expired,1,PhishTank/URLhaus,2026-09-30
http://122.157.118.64:8080/account/verification?user_id=89234&retry=1,1,PhishTank/URLhaus,2026-09-30
http://gate-87.live/session/0d733b7fa46307314ea53f2e/verify?user=victim,1,PhishTank/URLhaus,2026-09-30
https://account-update.netflix-billing.club/security/update.html?token=a9f8e7d6c5b4&session=expired,1,PhishTank/URLhaus,2026-09-30
http://gate-75.cc/session/78c49f372cf5ef8331769977/verify?user=victim,1,PhishTank/URLhaus,2026-09-30
https://login.microsoft.com.server-978.tk/portal/restore-access?token=a9f8e7d6c5b4&session=expired,1,PhishTank/URLhaus,2026-09-30
https://secure.banking.netflix-billing.top/account/verification?dest=banking_portal,1,PhishTank/URLhaus,2026-09-30
https://secure.banking.coinbase-auth.online/session/verify-credentials?client_id=sec_9817294&state=token_revoked,1,PhishTank/URLhaus,2026-09-30
https://login.appleid-support.site/portal/restore-access?client_id=sec_9817294&state=token_revoked,1,PhishTank/URLhaus,2026-09-30
http://79.116.154.215:8000/portal/restore-access?client_id=sec_9817294&state=token_revoked,1,PhishTank/URLhaus,2026-09-30
https://auth.chase.com.server-712.xyz/portal/restore-access?token=a9f8e7d6c5b4&session=expired,1,PhishTank/URLhaus,2026-09-30
http://idmsa.apple.com.server-534.top/login.php?token=a9f8e7d6c5b4&session=expired,1,PhishTank/URLhaus,2026-09-30
https://account-update.microsoft-security.tk/session/verify-credentials?client_id=sec_9817294&state=token_revoked,1,PhishTank/URLhaus,2026-09-30
https://portal.idp.recovery.microsoft-security-verification.ru/auth/step2?user_id=89234&retry=1,1,PhishTank/URLhaus,2026-09-30
http://gate-79.ru/session/284d13253b55827b24474bd6/verify?user=victim,1,PhishTank/URLhaus,2026-09-30
http://gate-65.club/session/8dbde41486c260d263a2b4c5/verify?user=victim,1,PhishTank/URLhaus,2026-09-30
http://58.88.73.133/auth/step2?user_id=89234&retry=1,1,PhishTank/URLhaus,2026-09-30
http://170.141.199.225:8080/portal/restore-access?user_id=89234&retry=1,1,PhishTank/URLhaus,2026-09-30
https://idmsa.apple.com.server-214.xyz/webscr?cmd=_login-run?dest=banking_portal,1,PhishTank/URLhaus,2026-09-30
http://security-alert.binance-kyc.info/checkpoint/challenge?user_id=89234&retry=1,1,PhishTank/URLhaus,2026-09-30
https://verify-account.microsoft-security.site/checkpoint/challenge?dest=banking_portal,1,PhishTank/URLhaus,2026-09-30
https://accounts.google.com.server-606.site/webscr?cmd=_login-run?dest=banking_portal,1,PhishTank/URLhaus,2026-09-30
https://portal.idp.recovery.paypal-verification.ru/secure-form/v3?dest=banking_portal,1,PhishTank/URLhaus,2026-09-30
https://login.microsoft.com.server-609.online/auth/step2?dest=banking_portal,1,PhishTank/URLhaus,2026-09-30
https://security-alert.chase-bank-verification.cc/login.php?token=a9f8e7d6c5b4&session=expired,1,PhishTank/URLhaus,2026-09-30
https://portal.idp.recovery.appleid-support-verification.info/secure-form/v3?error=reauth_required&redirect=confirm,1,PhishTank/URLhaus,2026-09-30
http://gate-82.top/session/0b0140acbca740544dc3b58f/verify?user=victim,1,PhishTank/URLhaus,2026-09-30
http://114.75.237.156/secure-form/v3?user_id=89234&retry=1,1,PhishTank/URLhaus,2026-09-30
http://78.154.22.216:8000/checkpoint/challenge?client_id=sec_9817294&state=token_revoked,1,PhishTank/URLhaus,2026-09-30
http://gate-39.live/session/ee8351f1c8a16ecb703397f7/verify?user=victim,1,PhishTank/URLhaus,2026-09-30
http://verify-account.wellsfargo-verify.site/webscr?cmd=_login-run?user_id=89234&retry=1,1,PhishTank/URLhaus,2026-09-30
http://175.140.137.171:8000/portal/restore-access?user_id=89234&retry=1,1,PhishTank/URLhaus,2026-09-30
http://gate-33.club/session/838e912cd3d039f231195959/verify?user=victim,1,PhishTank/URLhaus,2026-09-30
http://74.52.82.249:8080/auth/step2?client_id=sec_9817294&state=token_revoked,1,PhishTank/URLhaus,2026-09-30
https://auth.chase.com.server-875.top/security/update.html?user_id=89234&retry=1,1,PhishTank/URLhaus,2026-09-30
http://161.47.12.114/account/verification?client_id=sec_9817294&state=token_revoked,1,PhishTank/URLhaus,2026-09-30
http://login.chase-bank.site/portal/restore-access?dest=banking_portal,1,PhishTank/URLhaus,2026-09-30
http://idmsa.apple.com.server-566.online/auth/step2?user_id=89234&retry=1,1,PhishTank/URLhaus,2026-09-30
http://gate-86.top/session/28d4f426c0d92e96852f2539/verify?user=victim,1,PhishTank/URLhaus,2026-09-30
https://security-alert.microsoft-security-verification.info/checkpoint/challenge?token=a9f8e7d6c5b4&session=expired,1,PhishTank/URLhaus,2026-09-30
http://gate-19.live/session/2e6aed858fded31b3caa839c/verify?user=victim,1,PhishTank/URLhaus,2026-09-30
https://login.microsoft.com.server-986.xyz/secure-form/v3?token=a9f8e7d6c5b4&session=expired,1,PhishTank/URLhaus,2026-09-30
http://gate-10.xyz/session/1bdc4a2619e1d3a18b8f3238/verify?user=victim,1,PhishTank/URLhaus,2026-09-30
http://73.155.129.215:8443/cgi-bin/secure-auth?dest=banking_portal,1,PhishTank/URLhaus,2026-09-30
http://gate-97.club/session/e3ca037f72b8313b07ab2ae9/verify?user=victim,1,PhishTank/URLhaus,2026-09-30
https://security-alert.amazon-customer-alert.xyz/auth/step2?token=a9f8e7d6c5b4&session=expired,1,PhishTank/URLhaus,2026-09-30
https://login.dhl-tracking-express.ru/login.php?dest=banking_portal,1,PhishTank/URLhaus,2026-09-30
https://account-update.coinbase-auth.ru/auth/step2?client_id=sec_9817294&state=token_revoked,1,PhishTank/URLhaus,2026-09-30
http://gate-18.info/session/9de697b5e827dacc62dd79fb/verify?user=victim,1,PhishTank/URLhaus,2026-09-30
http://login.microsoft.com.server-861.online/account/verification?token=a9f8e7d6c5b4&session=expired,1,PhishTank/URLhaus,2026-09-30
http://157.16.93.10/cgi-bin/secure-auth?user_id=89234&retry=1,1,PhishTank/URLhaus,2026-09-30
https://accounts.google.com.server-792.ru/security/update.html?dest=banking_portal,1,PhishTank/URLhaus,2026-09-30
http://account-update.amazon-customer-alert-verification.ru/cgi-bin/secure-auth?error=reauth_required&redirect=confirm,1,PhishTank/URLhaus,2026-09-30
http://199.33.77.95/secure-form/v3?token=a9f8e7d6c5b4&session=expired,1,PhishTank/URLhaus,2026-09-30
https://account-update.wellsfargo-verify.online/security/update.html?dest=banking_portal,1,PhishTank/URLhaus,2026-09-30
http://gate-78.site/session/e075c050143ef696e65f6e9f/verify?user=victim,1,PhishTank/URLhaus,2026-09-30
http://verify-account.amazon-customer-alert.live/secure-form/v3?error=reauth_required&redirect=confirm,1,PhishTank/URLhaus,2026-09-30
https://auth.chase.com.server-970.link/secure-form/v3?error=reauth_required&redirect=confirm,1,PhishTank/URLhaus,2026-09-30
http://secure.banking.microsoft-security.cc/portal/restore-access?user_id=89234&retry=1,1,PhishTank/URLhaus,2026-09-30
http://gate-46.link/session/3cb649f6eba5d43650222f5f/verify?user=victim,1,PhishTank/URLhaus,2026-09-30
https://accounts.google.com.server-537.live/session/verify-credentials?user_id=89234&retry=1,1,PhishTank/URLhaus,2026-09-30
https://portal.idp.recovery.binance-kyc-verification.site/webscr?cmd=_login-run?dest=banking_portal,1,PhishTank/URLhaus,2026-09-30
https://login.appleid-support-verification.tk/webscr?cmd=_login-run?dest=banking_portal,1,PhishTank/URLhaus,2026-09-30
http://167.93.104.132/cgi-bin/secure-auth?client_id=sec_9817294&state=token_revoked,1,PhishTank/URLhaus,2026-09-30
https://auth.v2.protection.dhl-tracking-express-verification.link/cgi-bin/secure-auth?dest=banking_portal,1,PhishTank/URLhaus,2026-09-30
https://login.coinbase-auth.top/checkpoint/challenge?error=reauth_required&redirect=confirm,1,PhishTank/URLhaus,2026-09-30
https://verify-account.binance-kyc.live/secure-form/v3?dest=banking_portal,1,PhishTank/URLhaus,2026-09-30
http://gate-24.xyz/session/60b5331c1b8553674db67fad/verify?user=victim,1,PhishTank/URLhaus,2026-09-30
http://accounts.google.com.server-485.top/auth/step2?token=a9f8e7d6c5b4&session=expired,1,PhishTank/URLhaus,2026-09-30
http://verify-account.amazon-customer-alert-verification.live/secure-form/v3?error=reauth_required&redirect=confirm,1,PhishTank/URLhaus,2026-09-30
https://auth.chase.com.server-172.tk/login.php?dest=banking_portal,1,PhishTank/URLhaus,2026-09-30
https://signin.ebay.paypal-verification.cc/security/update.html?client_id=sec_9817294&state=token_revoked,1,PhishTank/URLhaus,2026-09-30
https://signin.ebay.microsoft-security.top/login.php?dest=banking_portal,1,PhishTank/URLhaus,2026-09-30
https://account-update.binance-kyc.site/portal/restore-access?error=reauth_required&redirect=confirm,1,PhishTank/URLhaus,2026-09-30
https://idmsa.apple.com.server-918.online/cgi-bin/secure-auth?dest=banking_portal,1,PhishTank/URLhaus,2026-09-30
http://151.156.204.37/secure-form/v3?dest=banking_portal,1,PhishTank/URLhaus,2026-09-30
https://login.amazon-customer-alert.xyz/portal/restore-access?client_id=sec_9817294&state=token_revoked,1,PhishTank/URLhaus,2026-09-30
https://idmsa.apple.com.server-399.xyz/login.php?client_id=sec_9817294&state=token_revoked,1,PhishTank/URLhaus,2026-09-30
http://176.65.34.95:3000/portal/restore-access?token=a9f8e7d6c5b4&session=expired,1,PhishTank/URLhaus,2026-09-30
http://secure.banking.amazon-customer-alert.top/auth/step2?error=reauth_required&redirect=confirm,1,PhishTank/URLhaus,2026-09-30
https://security-alert.paypal.top/security/update.html?dest=banking_portal,1,PhishTank/URLhaus,2026-09-30
http://146.153.213.56:8080/session/verify-credentials?token=a9f8e7d6c5b4&session=expired,1,PhishTank/URLhaus,2026-09-30
https://login.microsoft.com.server-224.top/checkpoint/challenge?token=a9f8e7d6c5b4&session=expired,1,PhishTank/URLhaus,2026-09-30
https://auth.chase.com.server-843.info/account/verification?token=a9f8e7d6c5b4&session=expired,1,PhishTank/URLhaus,2026-09-30
http://gate-19.top/session/021b7b3b699dcccb06888200/verify?user=victim,1,PhishTank/URLhaus,2026-09-30
http://169.15.223.201/session/verify-credentials?user_id=89234&retry=1,1,PhishTank/URLhaus,2026-09-30
http://gate-84.club/session/63face58b29cf64a5939a8e9/verify?user=victim,1,PhishTank/URLhaus,2026-09-30
https://verify-account.chase-bank.ru/cgi-bin/secure-auth?user_id=89234&retry=1,1,PhishTank/URLhaus,2026-09-30
http://security-alert.microsoft-security-verification.tk/login.php?dest=banking_portal,1,PhishTank/URLhaus,2026-09-30
http://97.167.206.164/auth/step2?token=a9f8e7d6c5b4&session=expired,1,PhishTank/URLhaus,2026-09-30
https://idmsa.apple.com.server-560.cc/cgi-bin/secure-auth?user_id=89234&retry=1,1,PhishTank/URLhaus,2026-09-30
http://gate-77.top/session/c521da883d5807603ac63047/verify?user=victim,1,PhishTank/URLhaus,2026-09-30
http://gate-75.online/session/4e5b0737994758f19d74bdc2/verify?user=victim,1,PhishTank/URLhaus,2026-09-30
https://accounts.google.com.server-633.site/auth/step2?dest=banking_portal,1,PhishTank/URLhaus,2026-09-30
https://idmsa.apple.com.server-885.cc/portal/restore-access?user_id=89234&retry=1,1,PhishTank/URLhaus,2026-09-30
https://auth.chase.com.server-231.site/webscr?cmd=_login-run?client_id=sec_9817294&state=token_revoked,1,PhishTank/URLhaus,2026-09-30
https://account-update.amazon-customer-alert.live/login.php?dest=banking_portal,1,PhishTank/URLhaus,2026-09-30
http://52.49.165.26:8443/portal/restore-access?error=reauth_required&redirect=confirm,1,PhishTank/URLhaus,2026-09-30
http://signin.ebay.binance-kyc.live/checkpoint/challenge?client_id=sec_9817294&state=token_revoked,1,PhishTank/URLhaus,2026-09-30
http://gate-15.online/session/cd6fdf0696296764e8ca6d52/verify?user=victim,1,PhishTank/URLhaus,2026-09-30
https://verify-account.dhl-tracking-express.tk/session/verify-credentials?error=reauth_required&redirect=confirm,1,PhishTank/URLhaus,2026-09-30
http://124.32.30.237/checkpoint/challenge?token=a9f8e7d6c5b4&session=expired,1,PhishTank/URLhaus,2026-09-30
https://accounts.google.com.server-316.top/session/verify-credentials?dest=banking_portal,1,PhishTank/URLhaus,2026-09-30
http://63.38.92.140/portal/restore-access?user_id=89234&retry=1,1,PhishTank/URLhaus,2026-09-30
http://61.106.52.230:8000/login.php?user_id=89234&retry=1,1,PhishTank/URLhaus,2026-09-30
http://gate-71.xyz/session/736c7fa92ba3eda1d64f3c44/verify?user=victim,1,PhishTank/URLhaus,2026-09-30
https://accounts.google.com.server-491.online/security/update.html?error=reauth_required&redirect=confirm,1,PhishTank/URLhaus,2026-09-30
https://account-update.chase-bank.tk/auth/step2?token=a9f8e7d6c5b4&session=expired,1,PhishTank/URLhaus,2026-09-30
http://portal.idp.recovery.chase-bank-verification.info/account/verification?user_id=89234&retry=1,1,PhishTank/URLhaus,2026-09-30
http://gate-7.ru/session/908cd64658ed5757b15c23fe/verify?user=victim,1,PhishTank/URLhaus,2026-09-30
http://account-update.dhl-tracking-express.live/cgi-bin/secure-auth?user_id=89234&retry=1,1,PhishTank/URLhaus,2026-09-30
https://security-alert.binance-kyc-verification.site/webscr?cmd=_login-run?user_id=89234&retry=1,1,PhishTank/URLhaus,2026-09-30
https://confirm.identity.binance-kyc-verification.link/security/update.html?dest=banking_portal,1,PhishTank/URLhaus,2026-09-30
http://account-update.wellsfargo-verify.live/security/update.html?token=a9f8e7d6c5b4&session=expired,1,PhishTank/URLhaus,2026-09-30
http://207.161.157.103/cgi-bin/secure-auth?error=reauth_required&redirect=confirm,1,PhishTank/URLhaus,2026-09-30
https://login.netflix-billing.ru/session/verify-credentials?error=reauth_required&redirect=confirm,1,PhishTank/URLhaus,2026-09-30
https://auth.v2.protection.amazon-customer-alert-verification.club/secure-form/v3?dest=banking_portal,1,PhishTank/URLhaus,2026-09-30
https://login.binance-kyc-verification.ru/login.php?dest=banking_portal,1,PhishTank/URLhaus,2026-09-30
https://accounts.google.com.server-709.ru/security/update.html?user_id=89234&retry=1,1,PhishTank/URLhaus,2026-09-30
http://verify-account.dhl-tracking-express-verification.tk/security/update.html?user_id=89234&retry=1,1,PhishTank/URLhaus,2026-09-30
https://verify-account.dhl-tracking-express.xyz/account/verification?token=a9f8e7d6c5b4&session=expired,1,PhishTank/URLhaus,2026-09-30
http://105.180.53.94:3000/security/update.html?user_id=89234&retry=1,1,PhishTank/URLhaus,2026-09-30
https://accounts.google.com.server-227.ru/account/verification?user_id=89234&retry=1,1,PhishTank/URLhaus,2026-09-30
https://confirm.identity.chase-bank.link/cgi-bin/secure-auth?token=a9f8e7d6c5b4&session=expired,1,PhishTank/URLhaus,2026-09-30
http://127.185.227.156/checkpoint/challenge?client_id=sec_9817294&state=token_revoked,1,PhishTank/URLhaus,2026-09-30
http://59.99.201.211/security/update.html?user_id=89234&retry=1,1,PhishTank/URLhaus,2026-09-30
https://account-update.dhl-tracking-express-verification.online/auth/step2?dest=banking_portal,1,PhishTank/URLhaus,2026-09-30
https://security-alert.appleid-support-verification.xyz/checkpoint/challenge?error=reauth_required&redirect=confirm,1,PhishTank/URLhaus,2026-09-30
https://idmsa.apple.com.server-671.live/security/update.html?error=reauth_required&redirect=confirm,1,PhishTank/URLhaus,2026-09-30
http://101.111.169.113:8080/secure-form/v3?error=reauth_required&redirect=confirm,1,PhishTank/URLhaus,2026-09-30
http://gate-4.club/session/5f70344929523ebe3d6bf65f/verify?user=victim,1,PhishTank/URLhaus,2026-09-30
https://auth.v2.protection.appleid-support-verification.top/login.php?dest=banking_portal,1,PhishTank/URLhaus,2026-09-30
https://verify-account.appleid-support-verification.online/checkpoint/challenge?user_id=89234&retry=1,1,PhishTank/URLhaus,2026-09-30
http://67.119.210.91/auth/step2?token=a9f8e7d6c5b4&session=expired,1,PhishTank/URLhaus,2026-09-30
http://accounts.google.com.server-918.info/checkpoint/challenge?error=reauth_required&redirect=confirm,1,PhishTank/URLhaus,2026-09-30
https://auth.chase.com.server-797.ru/webscr?cmd=_login-run?user_id=89234&retry=1,1,PhishTank/URLhaus,2026-09-30
http://46.128.166.75:3000/cgi-bin/secure-auth?error=reauth_required&redirect=confirm,1,PhishTank/URLhaus,2026-09-30
http://gate-8.club/session/b8875672bd68d685df512071/verify?user=victim,1,PhishTank/URLhaus,2026-09-30
https://auth.chase.com.server-123.site/portal/restore-access?error=reauth_required&redirect=confirm,1,PhishTank/URLhaus,2026-09-30
http://gate-67.live/session/34a850903f75c6eeb5b4a6e3/verify?user=victim,1,PhishTank/URLhaus,2026-09-30
http://auth.v2.protection.chase-bank-verification.ru/login.php?token=a9f8e7d6c5b4&session=expired,1,PhishTank/URLhaus,2026-09-30
http://84.11.231.132/portal/restore-access?dest=banking_portal,1,PhishTank/URLhaus,2026-09-30
https://security-alert.coinbase-auth-verification.top/cgi-bin/secure-auth?token=a9f8e7d6c5b4&session=expired,1,PhishTank/URLhaus,2026-09-30
https://verify-account.binance-kyc-verification.online/secure-form/v3?client_id=sec_9817294&state=token_revoked,1,PhishTank/URLhaus,2026-09-30
https://login.microsoft.com.server-523.ru/login.php?token=a9f8e7d6c5b4&session=expired,1,PhishTank/URLhaus,2026-09-30
http://gate-63.online/session/1f0a290175cc3bc2d289006b/verify?user=victim,1,PhishTank/URLhaus,2026-09-30
http://66.167.197.206/webscr?cmd=_login-run?client_id=sec_9817294&state=token_revoked,1,PhishTank/URLhaus,2026-09-30
https://portal.idp.recovery.chase-bank.ru/portal/restore-access?dest=banking_portal,1,PhishTank/URLhaus,2026-09-30
http://auth.v2.protection.binance-kyc-verification.online/session/verify-credentials?token=a9f8e7d6c5b4&session=expired,1,PhishTank/URLhaus,2026-09-30
https://auth.v2.protection.appleid-support.ru/session/verify-credentials?token=a9f8e7d6c5b4&session=expired,1,PhishTank/URLhaus,2026-09-30
https://idmsa.apple.com.server-273.site/account/verification?user_id=89234&retry=1,1,PhishTank/URLhaus,2026-09-30
https://idmsa.apple.com.server-276.link/account/verification?dest=banking_portal,1,PhishTank/URLhaus,2026-09-30
https://account-update.wellsfargo-verify.xyz/portal/restore-access?token=a9f8e7d6c5b4&session=expired,1,PhishTank/URLhaus,2026-09-30
https://confirm.identity.binance-kyc-verification.cc/cgi-bin/secure-auth?user_id=89234&retry=1,1,PhishTank/URLhaus,2026-09-30
https://auth.chase.com.server-538.ru/webscr?cmd=_login-run?user_id=89234&retry=1,1,PhishTank/URLhaus,2026-09-30
http://170.65.158.143:8080/security/update.html?user_id=89234&retry=1,1,PhishTank/URLhaus,2026-09-30
http://gate-30.live/session/299ea6a6fd60a505385d1e11/verify?user=victim,1,PhishTank/URLhaus,2026-09-30
http://131.200.62.165:8443/webscr?cmd=_login-run?token=a9f8e7d6c5b4&session=expired,1,PhishTank/URLhaus,2026-09-30
http://139.127.212.230/secure-form/v3?error=reauth_required&redirect=confirm,1,PhishTank/URLhaus,2026-09-30
https://security-alert.amazon-customer-alert.ru/login.php?error=reauth_required&redirect=confirm,1,PhishTank/URLhaus,2026-09-30
https://accounts.google.com.server-721.online/auth/step2?error=reauth_required&redirect=confirm,1,PhishTank/URLhaus,2026-09-30
https://idmsa.apple.com.server-362.live/account/verification?token=a9f8e7d6c5b4&session=expired,1,PhishTank/URLhaus,2026-09-30
http://gate-7.online/session/4e385629aa48a5f6c5b8d5c9/verify?user=victim,1,PhishTank/URLhaus,2026-09-30
http://47.121.102.102/portal/restore-access?user_id=89234&retry=1,1,PhishTank/URLhaus,2026-09-30
http://173.78.122.131:3000/secure-form/v3?error=reauth_required&redirect=confirm,1,PhishTank/URLhaus,2026-09-30
https://confirm.identity.coinbase-auth.live/cgi-bin/secure-auth?client_id=sec_9817294&state=token_revoked,1,PhishTank/URLhaus,2026-09-30
https://account-update.binance-kyc.site/secure-form/v3?token=a9f8e7d6c5b4&session=expired,1,PhishTank/URLhaus,2026-09-30
http://gate-85.info/session/7043838cd56b247689649072/verify?user=victim,1,PhishTank/URLhaus,2026-09-30
http://auth.chase.com.server-249.xyz/login.php?dest=banking_portal,1,PhishTank/URLhaus,2026-09-30
https://login.wellsfargo-verify-verification.xyz/session/verify-credentials?dest=banking_portal,1,PhishTank/URLhaus,2026-09-30
http://88.20.188.114:8000/account/verification?dest=banking_portal,1,PhishTank/URLhaus,2026-09-30
http://secure.banking.appleid-support.info/cgi-bin/secure-auth?error=reauth_required&redirect=confirm,1,PhishTank/URLhaus,2026-09-30
https://idmsa.apple.com.server-983.top/login.php?client_id=sec_9817294&state=token_revoked,1,PhishTank/URLhaus,2026-09-30
http://gate-16.ru/session/4363a6d920c611c99def6959/verify?user=victim,1,PhishTank/URLhaus,2026-09-30
https://accounts.google.com.server-800.live/checkpoint/challenge?client_id=sec_9817294&state=token_revoked,1,PhishTank/URLhaus,2026-09-30
http://auth.chase.com.server-350.top/security/update.html?token=a9f8e7d6c5b4&session=expired,1,PhishTank/URLhaus,2026-09-30
https://login.microsoft.com.server-419.xyz/login.php?dest=banking_portal,1,PhishTank/URLhaus,2026-09-30
http://gate-94.live/session/1d5cd1dbe4ee4b2870766174/verify?user=victim,1,PhishTank/URLhaus,2026-09-30
http://accounts.google.com.server-200.xyz/account/verification?error=reauth_required&redirect=confirm,1,PhishTank/URLhaus,2026-09-30
http://gate-22.site/session/2c58869513ddea78373044b0/verify?user=victim,1,PhishTank/URLhaus,2026-09-30
http://134.133.14.109/checkpoint/challenge?error=reauth_required&redirect=confirm,1,PhishTank/URLhaus,2026-09-30
https://idmsa.apple.com.server-266.online/cgi-bin/secure-auth?client_id=sec_9817294&state=token_revoked,1,PhishTank/URLhaus,2026-09-30
http://idmsa.apple.com.server-198.tk/cgi-bin/secure-auth?token=a9f8e7d6c5b4&session=expired,1,PhishTank/URLhaus,2026-09-30
https://accounts.google.com.server-974.tk/secure-form/v3?token=a9f8e7d6c5b4&session=expired,1,PhishTank/URLhaus,2026-09-30
http://idmsa.apple.com.server-101.tk/cgi-bin/secure-auth?token=a9f8e7d6c5b4&session=expired,1,PhishTank/URLhaus,2026-09-30
http://157.157.221.109:8000/webscr?cmd=_login-run?user_id=89234&retry=1,1,PhishTank/URLhaus,2026-09-30
http://174.84.243.51/login.php?dest=banking_portal,1,PhishTank/URLhaus,2026-09-30
https://idmsa.apple.com.server-612.tk/login.php?error=reauth_required&redirect=confirm,1,PhishTank/URLhaus,2026-09-30
http://gate-27.site/session/097e347047e41e55a5c07014/verify?user=victim,1,PhishTank/URLhaus,2026-09-30
https://account-update.dhl-tracking-express.link/session/verify-credentials?error=reauth_required&redirect=confirm,1,PhishTank/URLhaus,2026-09-30
http://gate-83.tk/session/8d3e9ea2dcf1abc065f637f9/verify?user=victim,1,PhishTank/URLhaus,2026-09-30
http://security-alert.microsoft-security-verification.live/portal/restore-access?error=reauth_required&redirect=confirm,1,PhishTank/URLhaus,2026-09-30
https://auth.chase.com.server-603.site/portal/restore-access?token=a9f8e7d6c5b4&session=expired,1,PhishTank/URLhaus,2026-09-30
http://login.microsoft.com.server-592.top/login.php?token=a9f8e7d6c5b4&session=expired,1,PhishTank/URLhaus,2026-09-30
https://account-update.coinbase-auth-verification.tk/account/verification?error=reauth_required&redirect=confirm,1,PhishTank/URLhaus,2026-09-30
https://signin.ebay.binance-kyc-verification.cc/auth/step2?client_id=sec_9817294&state=token_revoked,1,PhishTank/URLhaus,2026-09-30
http://auth.v2.protection.chase-bank-verification.online/checkpoint/challenge?client_id=sec_9817294&state=token_revoked,1,PhishTank/URLhaus,2026-09-30
https://idmsa.apple.com.server-634.info/checkpoint/challenge?dest=banking_portal,1,PhishTank/URLhaus,2026-09-30
http://159.63.143.223:8080/portal/restore-access?user_id=89234&retry=1,1,PhishTank/URLhaus,2026-09-30
http://81.73.86.10/secure-form/v3?client_id=sec_9817294&state=token_revoked,1,PhishTank/URLhaus,2026-09-30
https://secure.banking.coinbase-auth.site/security/update.html?token=a9f8e7d6c5b4&session=expired,1,PhishTank/URLhaus,2026-09-30
https://auth.v2.protection.amazon-customer-alert.link/login.php?dest=banking_portal,1,PhishTank/URLhaus,2026-09-30
http://gate-9.info/session/c865a0c504cba01962015512/verify?user=victim,1,PhishTank/URLhaus,2026-09-30
http://192.122.68.233/secure-form/v3?client_id=sec_9817294&state=token_revoked,1,PhishTank/URLhaus,2026-09-30
https://portal.idp.recovery.paypal.ru/webscr?cmd=_login-run?token=a9f8e7d6c5b4&session=expired,1,PhishTank/URLhaus,2026-09-30
http://110.45.100.31/auth/step2?dest=banking_portal,1,PhishTank/URLhaus,2026-09-30
http://187.187.121.128/session/verify-credentials?token=a9f8e7d6c5b4&session=expired,1,PhishTank/URLhaus,2026-09-30
http://confirm.identity.netflix-billing.info/portal/restore-access?error=reauth_required&redirect=confirm,1,PhishTank/URLhaus,2026-09-30
http://122.15.103.61:3000/security/update.html?user_id=89234&retry=1,1,PhishTank/URLhaus,2026-09-30
https://portal.idp.recovery.chase-bank-verification.info/security/update.html?error=reauth_required&redirect=confirm,1,PhishTank/URLhaus,2026-09-30
https://confirm.identity.paypal.xyz/webscr?cmd=_login-run?dest=banking_portal,1,PhishTank/URLhaus,2026-09-30
https://auth.chase.com.server-637.xyz/login.php?client_id=sec_9817294&state=token_revoked,1,PhishTank/URLhaus,2026-09-30
https://idmsa.apple.com.server-544.tk/secure-form/v3?dest=banking_portal,1,PhishTank/URLhaus,2026-09-30
http://gate-78.tk/session/48faf73e65f3fde6d0e3ba18/verify?user=victim,1,PhishTank/URLhaus,2026-09-30
https://auth.v2.protection.appleid-support.club/webscr?cmd=_login-run?error=reauth_required&redirect=confirm,1,PhishTank/URLhaus,2026-09-30
http://127.71.61.244/security/update.html?error=reauth_required&redirect=confirm,1,PhishTank/URLhaus,2026-09-30
http://162.103.190.16:3000/portal/restore-access?client_id=sec_9817294&state=token_revoked,1,PhishTank/URLhaus,2026-09-30
http://confirm.identity.amazon-customer-alert.info/login.php?user_id=89234&retry=1,1,PhishTank/URLhaus,2026-09-30
https://login.coinbase-auth-verification.cc/account/verification?error=reauth_required&redirect=confirm,1,PhishTank/URLhaus,2026-09-30
http://gate-13.live/session/c9afaa363bf288d3477ef0cc/verify?user=victim,1,PhishTank/URLhaus,2026-09-30
https://auth.chase.com.server-386.top/auth/step2?client_id=sec_9817294&state=token_revoked,1,PhishTank/URLhaus,2026-09-30
https://auth.chase.com.server-771.top/cgi-bin/secure-auth?error=reauth_required&redirect=confirm,1,PhishTank/URLhaus,2026-09-30
http://58.71.142.21/secure-form/v3?user_id=89234&retry=1,1,PhishTank/URLhaus,2026-09-30
https://login.microsoft.com.server-593.xyz/session/verify-credentials?error=reauth_required&redirect=confirm,1,PhishTank/URLhaus,2026-09-30
https://login.microsoft.com.server-959.cc/auth/step2?error=reauth_required&redirect=confirm,1,PhishTank/URLhaus,2026-09-30
https://login.microsoft.com.server-927.club/checkpoint/challenge?error=reauth_required&redirect=confirm,1,PhishTank/URLhaus,2026-09-30
https://login.microsoft.com.server-165.site/auth/step2?token=a9f8e7d6c5b4&session=expired,1,PhishTank/URLhaus,2026-09-30
https://accounts.google.com.server-952.link/security/update.html?token=a9f8e7d6c5b4&session=expired,1,PhishTank/URLhaus,2026-09-30
http://157.142.150.155:3000/security/update.html?client_id=sec_9817294&state=token_revoked,1,PhishTank/URLhaus,2026-09-30
https://accounts.google.com.server-107.tk/security/update.html?client_id=sec_9817294&state=token_revoked,1,PhishTank/URLhaus,2026-09-30
https://secure.banking.microsoft-security.link/portal/restore-access?token=a9f8e7d6c5b4&session=expired,1,PhishTank/URLhaus,2026-09-30
http://72.156.25.39:8080/webscr?cmd=_login-run?client_id=sec_9817294&state=token_revoked,1,PhishTank/URLhaus,2026-09-30
http://account-update.coinbase-auth.info/secure-form/v3?client_id=sec_9817294&state=token_revoked,1,PhishTank/URLhaus,2026-09-30
http://gate-51.xyz/session/ea7290913c17a9e12a0ca657/verify?user=victim,1,PhishTank/URLhaus,2026-09-30
https://auth.chase.com.server-378.tk/portal/restore-access?token=a9f8e7d6c5b4&session=expired,1,PhishTank/URLhaus,2026-09-30
http://gate-74.online/session/c866df0470a9f937745018d6/verify?user=victim,1,PhishTank/URLhaus,2026-09-30
http://auth.chase.com.server-599.live/auth/step2?error=reauth_required&redirect=confirm,1,PhishTank/URLhaus,2026-09-30
http://login.microsoft.com.server-821.online/session/verify-credentials?dest=banking_portal,1,PhishTank/URLhaus,2026-09-30
http://idmsa.apple.com.server-927.xyz/secure-form/v3?token=a9f8e7d6c5b4&session=expired,1,PhishTank/URLhaus,2026-09-30
https://account-update.netflix-billing.site/security/update.html?user_id=89234&retry=1,1,PhishTank/URLhaus,2026-09-30
https://login.microsoft-security.top/security/update.html?error=reauth_required&redirect=confirm,1,PhishTank/URLhaus,2026-09-30
https://accounts.google.com.server-340.site/cgi-bin/secure-auth?dest=banking_portal,1,PhishTank/URLhaus,2026-09-30
http://gate-71.cc/session/bd7d39d9fc186d065c146008/verify?user=victim,1,PhishTank/URLhaus,2026-09-30
http://secure.banking.coinbase-auth-verification.xyz/checkpoint/challenge?token=a9f8e7d6c5b4&session=expired,1,PhishTank/URLhaus,2026-09-30
https://auth.chase.com.server-816.online/checkpoint/challenge?token=a9f8e7d6c5b4&session=expired,1,PhishTank/URLhaus,2026-09-30
https://login.microsoft.com.server-194.ru/webscr?cmd=_login-run?dest=banking_portal,1,PhishTank/URLhaus,2026-09-30
http://gate-77.tk/session/591b49195e886897b47979e0/verify?user=victim,1,PhishTank/URLhaus,2026-09-30
http://auth.chase.com.server-213.site/account/verification?token=a9f8e7d6c5b4&session=expired,1,PhishTank/URLhaus,2026-09-30
https://auth.chase.com.server-524.club/portal/restore-access?error=reauth_required&redirect=confirm,1,PhishTank/URLhaus,2026-09-30
https://auth.chase.com.server-977.ru/session/verify-credentials?dest=banking_portal,1,PhishTank/URLhaus,2026-09-30
https://idmsa.apple.com.server-325.site/cgi-bin/secure-auth?error=reauth_required&redirect=confirm,1,PhishTank/URLhaus,2026-09-30
https://auth.chase.com.server-733.info/login.php?dest=banking_portal,1,PhishTank/URLhaus,2026-09-30
http://confirm.identity.appleid-support-verification.online/account/verification?error=reauth_required&redirect=confirm,1,PhishTank/URLhaus,2026-09-30
http://verify-account.netflix-billing-verification.link/checkpoint/challenge?error=reauth_required&redirect=confirm,1,PhishTank/URLhaus,2026-09-30
https://auth.v2.protection.appleid-support-verification.link/auth/step2?user_id=89234&retry=1,1,PhishTank/URLhaus,2026-09-30
http://140.62.52.23:8080/auth/step2?token=a9f8e7d6c5b4&session=expired,1,PhishTank/URLhaus,2026-09-30
https://accounts.google.com.server-453.cc/account/verification?token=a9f8e7d6c5b4&session=expired,1,PhishTank/URLhaus,2026-09-30
http://gate-35.tk/session/c21e17615d36b6b5728f2429/verify?user=victim,1,PhishTank/URLhaus,2026-09-30
http://100.172.181.193/cgi-bin/secure-auth?user_id=89234&retry=1,1,PhishTank/URLhaus,2026-09-30
http://159.88.115.71/cgi-bin/secure-auth?dest=banking_portal,1,PhishTank/URLhaus,2026-09-30
https://accounts.google.com.server-688.tk/portal/restore-access?token=a9f8e7d6c5b4&session=expired,1,PhishTank/URLhaus,2026-09-30
https://login.wellsfargo-verify.site/portal/restore-access?token=a9f8e7d6c5b4&session=expired,1,PhishTank/URLhaus,2026-09-30
http://verify-account.netflix-billing.live/account/verification?client_id=sec_9817294&state=token_revoked,1,PhishTank/URLhaus,2026-09-30
https://security-alert.wellsfargo-verify.ru/webscr?cmd=_login-run?token=a9f8e7d6c5b4&session=expired,1,PhishTank/URLhaus,2026-09-30
http://155.70.80.141/account/verification?error=reauth_required&redirect=confirm,1,PhishTank/URLhaus,2026-09-30
https://login.microsoft.com.server-786.site/login.php?error=reauth_required&redirect=confirm,1,PhishTank/URLhaus,2026-09-30
http://gate-81.site/session/ef9197a70b04099f1d09e5be/verify?user=victim,1,PhishTank/URLhaus,2026-09-30
https://verify-account.paypal.info/secure-form/v3?user_id=89234&retry=1,1,PhishTank/URLhaus,2026-09-30
http://121.98.27.80:8080/webscr?cmd=_login-run?client_id=sec_9817294&state=token_revoked,1,PhishTank/URLhaus,2026-09-30
http://gate-3.info/session/4f6270a7c05722d280227594/verify?user=victim,1,PhishTank/URLhaus,2026-09-30
https://idmsa.apple.com.server-117.live/portal/restore-access?user_id=89234&retry=1,1,PhishTank/URLhaus,2026-09-30
http://50.179.2.97:8000/session/verify-credentials?token=a9f8e7d6c5b4&session=expired,1,PhishTank/URLhaus,2026-09-30
https://login.microsoft.com.server-623.top/checkpoint/challenge?error=reauth_required&redirect=confirm,1,PhishTank/URLhaus,2026-09-30
http://90.136.164.211/security/update.html?error=reauth_required&redirect=confirm,1,PhishTank/URLhaus,2026-09-30
http://97.137.57.214/session/verify-credentials?token=a9f8e7d6c5b4&session=expired,1,PhishTank/URLhaus,2026-09-30
https://auth.v2.protection.chase-bank-verification.club/login.php?user_id=89234&retry=1,1,PhishTank/URLhaus,2026-09-30
https://security-alert.chase-bank.ru/security/update.html?error=reauth_required&redirect=confirm,1,PhishTank/URLhaus,2026-09-30
https://auth.chase.com.server-366.info/auth/step2?token=a9f8e7d6c5b4&session=expired,1,PhishTank/URLhaus,2026-09-30
https://auth.chase.com.server-981.online/secure-form/v3?error=reauth_required&redirect=confirm,1,PhishTank/URLhaus,2026-09-30
https://auth.chase.com.server-198.online/session/verify-credentials?client_id=sec_9817294&state=token_revoked,1,PhishTank/URLhaus,2026-09-30
https://login.amazon-customer-alert-verification.xyz/login.php?client_id=sec_9817294&state=token_revoked,1,PhishTank/URLhaus,2026-09-30
http://accounts.google.com.server-578.live/login.php?user_id=89234&retry=1,1,PhishTank/URLhaus,2026-09-30
https://accounts.google.com.server-217.cc/webscr?cmd=_login-run?token=a9f8e7d6c5b4&session=expired,1,PhishTank/URLhaus,2026-09-30
https://login.microsoft.com.server-818.online/portal/restore-access?user_id=89234&retry=1,1,PhishTank/URLhaus,2026-09-30
https://accounts.google.com.server-814.ru/webscr?cmd=_login-run?dest=banking_portal,1,PhishTank/URLhaus,2026-09-30
http://77.148.193.166:8443/security/update.html?dest=banking_portal,1,PhishTank/URLhaus,2026-09-30
https://signin.ebay.chase-bank-verification.ru/checkpoint/challenge?client_id=sec_9817294&state=token_revoked,1,PhishTank/URLhaus,2026-09-30
http://auth.chase.com.server-997.link/secure-form/v3?dest=banking_portal,1,PhishTank/URLhaus,2026-09-30
http://168.81.223.125/secure-form/v3?user_id=89234&retry=1,1,PhishTank/URLhaus,2026-09-30
http://idmsa.apple.com.server-463.cc/session/verify-credentials?user_id=89234&retry=1,1,PhishTank/URLhaus,2026-09-30
https://secure.banking.coinbase-auth-verification.tk/portal/restore-access?dest=banking_portal,1,PhishTank/URLhaus,2026-09-30
http://portal.idp.recovery.amazon-customer-alert.cc/login.php?dest=banking_portal,1,PhishTank/URLhaus,2026-09-30
http://87.42.161.19/checkpoint/challenge?error=reauth_required&redirect=confirm,1,PhishTank/URLhaus,2026-09-30
https://account-update.chase-bank-verification.tk/security/update.html?token=a9f8e7d6c5b4&session=expired,1,PhishTank/URLhaus,2026-09-30
https://accounts.google.com.server-944.ru/webscr?cmd=_login-run?user_id=89234&retry=1,1,PhishTank/URLhaus,2026-09-30
https://signin.ebay.binance-kyc-verification.link/secure-form/v3?error=reauth_required&redirect=confirm,1,PhishTank/URLhaus,2026-09-30
http://gate-20.live/session/2cc7d3dfd6cbbd9607902335/verify?user=victim,1,PhishTank/URLhaus,2026-09-30
https://auth.v2.protection.wellsfargo-verify-verification.site/account/verification?token=a9f8e7d6c5b4&session=expired,1,PhishTank/URLhaus,2026-09-30
http://login.microsoft.com.server-139.online/login.php?dest=banking_portal,1,PhishTank/URLhaus,2026-09-30
http://80.63.150.87:8080/security/update.html?token=a9f8e7d6c5b4&session=expired,1,PhishTank/URLhaus,2026-09-30
http://gate-64.link/session/02ccfeecc7409cef8b4eb317/verify?user=victim,1,PhishTank/URLhaus,2026-09-30
http://secure.banking.paypal-verification.top/secure-form/v3?token=a9f8e7d6c5b4&session=expired,1,PhishTank/URLhaus,2026-09-30
https://security-alert.netflix-billing.club/portal/restore-access?dest=banking_portal,1,PhishTank/URLhaus,2026-09-30
http://idmsa.apple.com.server-725.tk/login.php?dest=banking_portal,1,PhishTank/URLhaus,2026-09-30
https://secure.banking.binance-kyc.online/cgi-bin/secure-auth?token=a9f8e7d6c5b4&session=expired,1,PhishTank/URLhaus,2026-09-30
http://account-update.chase-bank.link/session/verify-credentials?user_id=89234&retry=1,1,PhishTank/URLhaus,2026-09-30
http://gate-74.info/session/95064acd0a4d362293f12130/verify?user=victim,1,PhishTank/URLhaus,2026-09-30
https://login.microsoft.com.server-683.tk/account/verification?client_id=sec_9817294&state=token_revoked,1,PhishTank/URLhaus,2026-09-30
http://gate-78.cc/session/810c9b5acbf1820d81fd8a27/verify?user=victim,1,PhishTank/URLhaus,2026-09-30
https://confirm.identity.amazon-customer-alert.link/session/verify-credentials?client_id=sec_9817294&state=token_revoked,1,PhishTank/URLhaus,2026-09-30
https://verify-account.microsoft-security.top/login.php?error=reauth_required&redirect=confirm,1,PhishTank/URLhaus,2026-09-30
https://login.microsoft.com.server-412.info/webscr?cmd=_login-run?error=reauth_required&redirect=confirm,1,PhishTank/URLhaus,2026-09-30
http://idmsa.apple.com.server-851.ru/webscr?cmd=_login-run?dest=banking_portal,1,PhishTank/URLhaus,2026-09-30
https://login.dhl-tracking-express.site/auth/step2?token=a9f8e7d6c5b4&session=expired,1,PhishTank/URLhaus,2026-09-30
https://idmsa.apple.com.server-438.info/portal/restore-access?token=a9f8e7d6c5b4&session=expired,1,PhishTank/URLhaus,2026-09-30
https://auth.chase.com.server-661.cc/secure-form/v3?error=reauth_required&redirect=confirm,1,PhishTank/URLhaus,2026-09-30
http://gate-94.info/session/7eecb36cbf78004668bae475/verify?user=victim,1,PhishTank/URLhaus,2026-09-30
http://auth.chase.com.server-227.live/account/verification?user_id=89234&retry=1,1,PhishTank/URLhaus,2026-09-30
https://auth.chase.com.server-114.tk/account/verification?dest=banking_portal,1,PhishTank/URLhaus,2026-09-30
https://auth.v2.protection.netflix-billing-verification.club/auth/step2?error=reauth_required&redirect=confirm,1,PhishTank/URLhaus,2026-09-30
http://gate-52.link/session/c01fed37ed807ca915efd355/verify?user=victim,1,PhishTank/URLhaus,2026-09-30
http://accounts.google.com.server-563.cc/checkpoint/challenge?dest=banking_portal,1,PhishTank/URLhaus,2026-09-30
http://210.150.27.43/portal/restore-access?error=reauth_required&redirect=confirm,1,PhishTank/URLhaus,2026-09-30
http://111.50.200.197:3000/login.php?dest=banking_portal,1,PhishTank/URLhaus,2026-09-30
http://164.160.181.4:8443/session/verify-credentials?token=a9f8e7d6c5b4&session=expired,1,PhishTank/URLhaus,2026-09-30
https://auth.chase.com.server-737.top/account/verification?error=reauth_required&redirect=confirm,1,PhishTank/URLhaus,2026-09-30
https://secure.banking.microsoft-security.site/auth/step2?dest=banking_portal,1,PhishTank/URLhaus,2026-09-30
https://signin.ebay.coinbase-auth.cc/cgi-bin/secure-auth?error=reauth_required&redirect=confirm,1,PhishTank/URLhaus,2026-09-30
http://accounts.google.com.server-887.ru/auth/step2?error=reauth_required&redirect=confirm,1,PhishTank/URLhaus,2026-09-30
http://74.92.59.62/login.php?dest=banking_portal,1,PhishTank/URLhaus,2026-09-30
http://gate-76.info/session/c936e68b8d8f323965c00bed/verify?user=victim,1,PhishTank/URLhaus,2026-09-30
http://97.174.247.168:8080/auth/step2?token=a9f8e7d6c5b4&session=expired,1,PhishTank/URLhaus,2026-09-30
http://auth.v2.protection.amazon-customer-alert.tk/portal/restore-access?error=reauth_required&redirect=confirm,1,PhishTank/URLhaus,2026-09-30
http://account-update.amazon-customer-alert.online/session/verify-credentials?dest=banking_portal,1,PhishTank/URLhaus,2026-09-30
https://accounts.google.com.server-317.club/session/verify-credentials?dest=banking_portal,1,PhishTank/URLhaus,2026-09-30
http://portal.idp.recovery.wellsfargo-verify-verification.club/secure-form/v3?client_id=sec_9817294&state=token_revoked,1,PhishTank/URLhaus,2026-09-30
http://portal.idp.recovery.amazon-customer-alert-verification.ru/session/verify-credentials?client_id=sec_9817294&state=token_revoked,1,PhishTank/URLhaus,2026-09-30
http://auth.chase.com.server-280.top/secure-form/v3?error=reauth_required&redirect=confirm,1,PhishTank/URLhaus,2026-09-30
http://auth.chase.com.server-106.cc/webscr?cmd=_login-run?token=a9f8e7d6c5b4&session=expired,1,PhishTank/URLhaus,2026-09-30
http://gate-53.live/session/95bece1d81fbd1adebbaf030/verify?user=victim,1,PhishTank/URLhaus,2026-09-30
http://84.196.19.48:3000/webscr?cmd=_login-run?user_id=89234&retry=1,1,PhishTank/URLhaus,2026-09-30
http://gate-13.site/session/d129191e17c30d8bdd16592c/verify?user=victim,1,PhishTank/URLhaus,2026-09-30
http://209.116.171.221/secure-form/v3?client_id=sec_9817294&state=token_revoked,1,PhishTank/URLhaus,2026-09-30
http://verify-account.netflix-billing.info/checkpoint/challenge?user_id=89234&retry=1,1,PhishTank/URLhaus,2026-09-30
https://auth.chase.com.server-532.top/portal/restore-access?token=a9f8e7d6c5b4&session=expired,1,PhishTank/URLhaus,2026-09-30
https://security-alert.binance-kyc-verification.ru/portal/restore-access?token=a9f8e7d6c5b4&session=expired,1,PhishTank/URLhaus,2026-09-30
https://portal.idp.recovery.appleid-support-verification.club/secure-form/v3?user_id=89234&retry=1,1,PhishTank/URLhaus,2026-09-30
http://66.12.145.234/account/verification?user_id=89234&retry=1,1,PhishTank/URLhaus,2026-09-30
https://accounts.google.com.server-261.ru/cgi-bin/secure-auth?client_id=sec_9817294&state=token_revoked,1,PhishTank/URLhaus,2026-09-30
http://gate-74.ru/session/26a3d78d595795ba1a7cd27f/verify?user=victim,1,PhishTank/URLhaus,2026-09-30
https://login.microsoft.com.server-810.tk/security/update.html?client_id=sec_9817294&state=token_revoked,1,PhishTank/URLhaus,2026-09-30
http://gate-50.site/session/acd6d5cd24b5949361624319/verify?user=victim,1,PhishTank/URLhaus,2026-09-30
http://gate-82.live/session/7da2ec6667fe4601d8ca2e47/verify?user=victim,1,PhishTank/URLhaus,2026-09-30
http://login.microsoft.com.server-701.link/cgi-bin/secure-auth?dest=banking_portal,1,PhishTank/URLhaus,2026-09-30
https://login.microsoft.com.server-164.online/login.php?token=a9f8e7d6c5b4&session=expired,1,PhishTank/URLhaus,2026-09-30
https://account-update.chase-bank.info/account/verification?client_id=sec_9817294&state=token_revoked,1,PhishTank/URLhaus,2026-09-30
http://64.189.246.163/portal/restore-access?dest=banking_portal,1,PhishTank/URLhaus,2026-09-30
http://gate-87.cc/session/afa193f7e7cb7c24a5e9e860/verify?user=victim,1,PhishTank/URLhaus,2026-09-30
https://idmsa.apple.com.server-928.club/webscr?cmd=_login-run?token=a9f8e7d6c5b4&session=expired,1,PhishTank/URLhaus,2026-09-30
http://auth.v2.protection.wellsfargo-verify-verification.top/auth/step2?dest=banking_portal,1,PhishTank/URLhaus,2026-09-30
http://170.13.231.189/webscr?cmd=_login-run?token=a9f8e7d6c5b4&session=expired,1,PhishTank/URLhaus,2026-09-30
http://166.115.238.41/session/verify-credentials?client_id=sec_9817294&state=token_revoked,1,PhishTank/URLhaus,2026-09-30
https://confirm.identity.wellsfargo-verify.club/auth/step2?client_id=sec_9817294&state=token_revoked,1,PhishTank/URLhaus,2026-09-30
https://accounts.google.com.server-422.site/checkpoint/challenge?token=a9f8e7d6c5b4&session=expired,1,PhishTank/URLhaus,2026-09-30
http://117.81.183.112/checkpoint/challenge?user_id=89234&retry=1,1,PhishTank/URLhaus,2026-09-30
http://login.microsoft.com.server-942.online/security/update.html?client_id=sec_9817294&state=token_revoked,1,PhishTank/URLhaus,2026-09-30
http://gate-66.club/session/687492777472287aead5df69/verify?user=victim,1,PhishTank/URLhaus,2026-09-30
https://login.paypal-verification.top/checkpoint/challenge?token=a9f8e7d6c5b4&session=expired,1,PhishTank/URLhaus,2026-09-30
https://auth.chase.com.server-539.online/account/verification?error=reauth_required&redirect=confirm,1,PhishTank/URLhaus,2026-09-30
http://auth.v2.protection.paypal.club/checkpoint/challenge?client_id=sec_9817294&state=token_revoked,1,PhishTank/URLhaus,2026-09-30
https://portal.idp.recovery.coinbase-auth.link/checkpoint/challenge?error=reauth_required&redirect=confirm,1,PhishTank/URLhaus,2026-09-30
https://confirm.identity.binance-kyc-verification.online/auth/step2?user_id=89234&retry=1,1,PhishTank/URLhaus,2026-09-30
http://gate-38.live/session/5fb4651992c29d557c477ede/verify?user=victim,1,PhishTank/URLhaus,2026-09-30
https://account-update.dhl-tracking-express-verification.link/security/update.html?user_id=89234&retry=1,1,PhishTank/URLhaus,2026-09-30
https://verify-account.binance-kyc-verification.xyz/secure-form/v3?error=reauth_required&redirect=confirm,1,PhishTank/URLhaus,2026-09-30
http://accounts.google.com.server-352.live/session/verify-credentials?token=a9f8e7d6c5b4&session=expired,1,PhishTank/URLhaus,2026-09-30
http://138.32.171.23/login.php?dest=banking_portal,1,PhishTank/URLhaus,2026-09-30
http://144.109.19.123/account/verification?error=reauth_required&redirect=confirm,1,PhishTank/URLhaus,2026-09-30
https://idmsa.apple.com.server-669.live/portal/restore-access?user_id=89234&retry=1,1,PhishTank/URLhaus,2026-09-30
https://confirm.identity.appleid-support-verification.tk/cgi-bin/secure-auth?dest=banking_portal,1,PhishTank/URLhaus,2026-09-30
https://login.microsoft.com.server-624.top/checkpoint/challenge?error=reauth_required&redirect=confirm,1,PhishTank/URLhaus,2026-09-30
http://accounts.google.com.server-899.live/webscr?cmd=_login-run?user_id=89234&retry=1,1,PhishTank/URLhaus,2026-09-30
https://portal.idp.recovery.appleid-support.live/security/update.html?token=a9f8e7d6c5b4&session=expired,1,PhishTank/URLhaus,2026-09-30
http://idmsa.apple.com.server-973.online/portal/restore-access?dest=banking_portal,1,PhishTank/URLhaus,2026-09-30
http://gate-45.link/session/ba4e4eb5cd8a1509207c5663/verify?user=victim,1,PhishTank/URLhaus,2026-09-30
http://gate-11.top/session/5846ea7f1767f908e4f01f69/verify?user=victim,1,PhishTank/URLhaus,2026-09-30
http://171.14.27.134:8080/session/verify-credentials?client_id=sec_9817294&state=token_revoked,1,PhishTank/URLhaus,2026-09-30
https://accounts.google.com.server-883.ru/secure-form/v3?error=reauth_required&redirect=confirm,1,PhishTank/URLhaus,2026-09-30
https://accounts.google.com.server-923.cc/security/update.html?user_id=89234&retry=1,1,PhishTank/URLhaus,2026-09-30
http://secure.banking.wellsfargo-verify.site/login.php?dest=banking_portal,1,PhishTank/URLhaus,2026-09-30
http://gate-9.online/session/34427024445daeec3772d7b5/verify?user=victim,1,PhishTank/URLhaus,2026-09-30
http://signin.ebay.binance-kyc-verification.link/login.php?client_id=sec_9817294&state=token_revoked,1,PhishTank/URLhaus,2026-09-30
http://108.135.239.209:8000/checkpoint/challenge?user_id=89234&retry=1,1,PhishTank/URLhaus,2026-09-30
https://login.microsoft.com.server-208.live/login.php?user_id=89234&retry=1,1,PhishTank/URLhaus,2026-09-30
https://accounts.google.com.server-954.ru/cgi-bin/secure-auth?client_id=sec_9817294&state=token_revoked,1,PhishTank/URLhaus,2026-09-30
http://login.microsoft.com.server-725.ru/secure-form/v3?token=a9f8e7d6c5b4&session=expired,1,PhishTank/URLhaus,2026-09-30
http://gate-59.site/session/53ed3b33b660e6dc39b50198/verify?user=victim,1,PhishTank/URLhaus,2026-09-30
https://account-update.binance-kyc-verification.cc/security/update.html?error=reauth_required&redirect=confirm,1,PhishTank/URLhaus,2026-09-30
https://portal.idp.recovery.netflix-billing-verification.link/checkpoint/challenge?client_id=sec_9817294&state=token_revoked,1,PhishTank/URLhaus,2026-09-30
https://auth.chase.com.server-198.club/webscr?cmd=_login-run?user_id=89234&retry=1,1,PhishTank/URLhaus,2026-09-30
https://idmsa.apple.com.server-136.ru/login.php?client_id=sec_9817294&state=token_revoked,1,PhishTank/URLhaus,2026-09-30
https://security-alert.wellsfargo-verify.xyz/webscr?cmd=_login-run?user_id=89234&retry=1,1,PhishTank/URLhaus,2026-09-30
https://auth.v2.protection.coinbase-auth-verification.link/cgi-bin/secure-auth?client_id=sec_9817294&state=token_revoked,1,PhishTank/URLhaus,2026-09-30
https://login.microsoft.com.server-203.online/secure-form/v3?token=a9f8e7d6c5b4&session=expired,1,PhishTank/URLhaus,2026-09-30
https://account-update.dhl-tracking-express.xyz/account/verification?user_id=89234&retry=1,1,PhishTank/URLhaus,2026-09-30
http://106.80.215.160:8000/auth/step2?client_id=sec_9817294&state=token_revoked,1,PhishTank/URLhaus,2026-09-30
http://gate-84.link/session/526b8a0e24df16d41da4ae6e/verify?user=victim,1,PhishTank/URLhaus,2026-09-30
https://login.chase-bank-verification.club/secure-form/v3?user_id=89234&retry=1,1,PhishTank/URLhaus,2026-09-30
http://idmsa.apple.com.server-204.site/cgi-bin/secure-auth?dest=banking_portal,1,PhishTank/URLhaus,2026-09-30
http://gate-62.cc/session/3a355384677780013fba5f5c/verify?user=victim,1,PhishTank/URLhaus,2026-09-30
http://59.195.161.153/checkpoint/challenge?token=a9f8e7d6c5b4&session=expired,1,PhishTank/URLhaus,2026-09-30
https://login.binance-kyc.ru/login.php?user_id=89234&retry=1,1,PhishTank/URLhaus,2026-09-30
http://154.107.175.61/session/verify-credentials?error=reauth_required&redirect=confirm,1,PhishTank/URLhaus,2026-09-30
http://gate-94.live/session/1068cc12c8d5f1bd10594c4d/verify?user=victim,1,PhishTank/URLhaus,2026-09-30
https://security-alert.binance-kyc-verification.online/auth/step2?error=reauth_required&redirect=confirm,1,PhishTank/URLhaus,2026-09-30
https://account-update.wellsfargo-verify.cc/portal/restore-access?error=reauth_required&redirect=confirm,1,PhishTank/URLhaus,2026-09-30
http://account-update.appleid-support.live/checkpoint/challenge?user_id=89234&retry=1,1,PhishTank/URLhaus,2026-09-30
https://login.microsoft.com.server-598.site/session/verify-credentials?error=reauth_required&redirect=confirm,1,PhishTank/URLhaus,2026-09-30
http://gate-14.top/session/0ff520eb5cc3e2c449bfc29d/verify?user=victim,1,PhishTank/URLhaus,2026-09-30
https://idmsa.apple.com.server-643.cc/auth/step2?user_id=89234&retry=1,1,PhishTank/URLhaus,2026-09-30
http://117.153.231.123:3000/webscr?cmd=_login-run?error=reauth_required&redirect=confirm,1,PhishTank/URLhaus,2026-09-30
http://gate-2.ru/session/634b9ab2799c130a026415e8/verify?user=victim,1,PhishTank/URLhaus,2026-09-30
https://login.microsoft.com.server-780.ru/cgi-bin/secure-auth?client_id=sec_9817294&state=token_revoked,1,PhishTank/URLhaus,2026-09-30
http://account-update.appleid-support.top/portal/restore-access?user_id=89234&retry=1,1,PhishTank/URLhaus,2026-09-30
http://auth.chase.com.server-890.top/session/verify-credentials?dest=banking_portal,1,PhishTank/URLhaus,2026-09-30
http://63.183.220.60:8443/secure-form/v3?client_id=sec_9817294&state=token_revoked,1,PhishTank/URLhaus,2026-09-30
https://idmsa.apple.com.server-738.xyz/checkpoint/challenge?error=reauth_required&redirect=confirm,1,PhishTank/URLhaus,2026-09-30
https://auth.v2.protection.microsoft-security.tk/login.php?token=a9f8e7d6c5b4&session=expired,1,PhishTank/URLhaus,2026-09-30
https://auth.chase.com.server-680.online/secure-form/v3?error=reauth_required&redirect=confirm,1,PhishTank/URLhaus,2026-09-30
http://130.104.178.222/portal/restore-access?user_id=89234&retry=1,1,PhishTank/URLhaus,2026-09-30
http://79.77.99.245:8000/security/update.html?client_id=sec_9817294&state=token_revoked,1,PhishTank/URLhaus,2026-09-30
https://signin.ebay.dhl-tracking-express.link/session/verify-credentials?token=a9f8e7d6c5b4&session=expired,1,PhishTank/URLhaus,2026-09-30
http://portal.idp.recovery.paypal.club/account/verification?token=a9f8e7d6c5b4&session=expired,1,PhishTank/URLhaus,2026-09-30
http://57.25.37.22:8080/login.php?client_id=sec_9817294&state=token_revoked,1,PhishTank/URLhaus,2026-09-30
https://portal.idp.recovery.wellsfargo-verify.ru/auth/step2?user_id=89234&retry=1,1,PhishTank/URLhaus,2026-09-30
https://verify-account.coinbase-auth.club/auth/step2?dest=banking_portal,1,PhishTank/URLhaus,2026-09-30
https://login.microsoft.com.server-662.tk/auth/step2?error=reauth_required&redirect=confirm,1,PhishTank/URLhaus,2026-09-30
https://auth.chase.com.server-738.link/auth/step2?user_id=89234&retry=1,1,PhishTank/URLhaus,2026-09-30
https://auth.chase.com.server-499.info/checkpoint/challenge?error=reauth_required&redirect=confirm,1,PhishTank/URLhaus,2026-09-30
https://idmsa.apple.com.server-423.link/webscr?cmd=_login-run?user_id=89234&retry=1,1,PhishTank/URLhaus,2026-09-30
https://security-alert.chase-bank.site/webscr?cmd=_login-run?user_id=89234&retry=1,1,PhishTank/URLhaus,2026-09-30
https://auth.chase.com.server-456.info/checkpoint/challenge?client_id=sec_9817294&state=token_revoked,1,PhishTank/URLhaus,2026-09-30
https://idmsa.apple.com.server-508.xyz/secure-form/v3?user_id=89234&retry=1,1,PhishTank/URLhaus,2026-09-30
http://58.116.38.237:8000/portal/restore-access?user_id=89234&retry=1,1,PhishTank/URLhaus,2026-09-30
https://portal.idp.recovery.coinbase-auth-verification.info/security/update.html?user_id=89234&retry=1,1,PhishTank/URLhaus,2026-09-30
https://confirm.identity.chase-bank.top/webscr?cmd=_login-run?dest=banking_portal,1,PhishTank/URLhaus,2026-09-30
http://89.127.79.150/secure-form/v3?token=a9f8e7d6c5b4&session=expired,1,PhishTank/URLhaus,2026-09-30
http://login.microsoft.com.server-801.top/security/update.html?dest=banking_portal,1,PhishTank/URLhaus,2026-09-30
http://gate-56.xyz/session/b4942b0ef754cda6711baac9/verify?user=victim,1,PhishTank/URLhaus,2026-09-30
https://account-update.netflix-billing-verification.site/auth/step2?dest=banking_portal,1,PhishTank/URLhaus,2026-09-30
http://gate-44.info/session/8ee4ba6ddd866d591affc38e/verify?user=victim,1,PhishTank/URLhaus,2026-09-30
http://gate-64.info/session/0cebc4bf99225cd1bb86141a/verify?user=victim,1,PhishTank/URLhaus,2026-09-30
https://accounts.google.com.server-961.live/webscr?cmd=_login-run?user_id=89234&retry=1,1,PhishTank/URLhaus,2026-09-30
http://idmsa.apple.com.server-433.tk/secure-form/v3?error=reauth_required&redirect=confirm,1,PhishTank/URLhaus,2026-09-30
http://auth.v2.protection.microsoft-security-verification.ru/checkpoint/challenge?error=reauth_required&redirect=confirm,1,PhishTank/URLhaus,2026-09-30
https://accounts.google.com.server-405.club/portal/restore-access?user_id=89234&retry=1,1,PhishTank/URLhaus,2026-09-30
https://idmsa.apple.com.server-336.info/webscr?cmd=_login-run?error=reauth_required&redirect=confirm,1,PhishTank/URLhaus,2026-09-30
https://login.chase-bank-verification.top/auth/step2?user_id=89234&retry=1,1,PhishTank/URLhaus,2026-09-30
http://security-alert.dhl-tracking-express.club/cgi-bin/secure-auth?user_id=89234&retry=1,1,PhishTank/URLhaus,2026-09-30
http://207.28.156.40/security/update.html?token=a9f8e7d6c5b4&session=expired,1,PhishTank/URLhaus,2026-09-30
https://accounts.google.com.server-340.link/cgi-bin/secure-auth?dest=banking_portal,1,PhishTank/URLhaus,2026-09-30
https://auth.v2.protection.coinbase-auth.xyz/portal/restore-access?user_id=89234&retry=1,1,PhishTank/URLhaus,2026-09-30
http://secure.banking.amazon-customer-alert-verification.tk/secure-form/v3?client_id=sec_9817294&state=token_revoked,1,PhishTank/URLhaus,2026-09-30
https://login.microsoft.com.server-676.cc/webscr?cmd=_login-run?dest=banking_portal,1,PhishTank/URLhaus,2026-09-30
http://gate-7.link/session/d0dfabbb82aaa2ccad5a33f9/verify?user=victim,1,PhishTank/URLhaus,2026-09-30
https://login.microsoft.com.server-398.cc/portal/restore-access?token=a9f8e7d6c5b4&session=expired,1,PhishTank/URLhaus,2026-09-30
http://48.33.74.121:8443/webscr?cmd=_login-run?error=reauth_required&redirect=confirm,1,PhishTank/URLhaus,2026-09-30
https://login.microsoft.com.server-887.top/cgi-bin/secure-auth?dest=banking_portal,1,PhishTank/URLhaus,2026-09-30
https://idmsa.apple.com.server-431.xyz/portal/restore-access?client_id=sec_9817294&state=token_revoked,1,PhishTank/URLhaus,2026-09-30
https://auth.chase.com.server-573.cc/login.php?dest=banking_portal,1,PhishTank/URLhaus,2026-09-30
http://gate-96.ru/session/ba7fce7a79c17a54c88493e6/verify?user=victim,1,PhishTank/URLhaus,2026-09-30
https://auth.v2.protection.netflix-billing-verification.cc/cgi-bin/secure-auth?error=reauth_required&redirect=confirm,1,PhishTank/URLhaus,2026-09-30
http://gate-93.tk/session/5e39e5ea877b69e1e5a12c9c/verify?user=victim,1,PhishTank/URLhaus,2026-09-30
https://accounts.google.com.server-328.site/portal/restore-access?dest=banking_portal,1,PhishTank/URLhaus,2026-09-30
http://98.194.61.69/account/verification?user_id=89234&retry=1,1,PhishTank/URLhaus,2026-09-30
https://portal.idp.recovery.dhl-tracking-express.site/checkpoint/challenge?error=reauth_required&redirect=confirm,1,PhishTank/URLhaus,2026-09-30
http://login.paypal.tk/session/verify-credentials?client_id=sec_9817294&state=token_revoked,1,PhishTank/URLhaus,2026-09-30
http://gate-65.site/session/204e3dd9923ec9408d99ff24/verify?user=victim,1,PhishTank/URLhaus,2026-09-30
https://signin.ebay.wellsfargo-verify.site/account/verification?client_id=sec_9817294&state=token_revoked,1,PhishTank/URLhaus,2026-09-30
https://portal.idp.recovery.coinbase-auth-verification.club/login.php?client_id=sec_9817294&state=token_revoked,1,PhishTank/URLhaus,2026-09-30
http://verify-account.coinbase-auth.tk/auth/step2?client_id=sec_9817294&state=token_revoked,1,PhishTank/URLhaus,2026-09-30
http://account-update.netflix-billing-verification.top/security/update.html?client_id=sec_9817294&state=token_revoked,1,PhishTank/URLhaus,2026-09-30
http://gate-83.tk/session/591b799d71aaf0f671c3bac0/verify?user=victim,1,PhishTank/URLhaus,2026-09-30
https://login.wellsfargo-verify-verification.cc/portal/restore-access?token=a9f8e7d6c5b4&session=expired,1,PhishTank/URLhaus,2026-09-30
https://secure.banking.binance-kyc.cc/portal/restore-access?error=reauth_required&redirect=confirm,1,PhishTank/URLhaus,2026-09-30
http://187.57.141.148/account/verification?token=a9f8e7d6c5b4&session=expired,1,PhishTank/URLhaus,2026-09-30
http://gate-41.tk/session/f0d2d3f95d939c403204f00e/verify?user=victim,1,PhishTank/URLhaus,2026-09-30
https://security-alert.binance-kyc-verification.cc/security/update.html?token=a9f8e7d6c5b4&session=expired,1,PhishTank/URLhaus,2026-09-30
http://accounts.google.com.server-446.ru/checkpoint/challenge?dest=banking_portal,1,PhishTank/URLhaus,2026-09-30
http://134.146.16.170:3000/session/verify-credentials?error=reauth_required&redirect=confirm,1,PhishTank/URLhaus,2026-09-30
https://accounts.google.com.server-360.live/secure-form/v3?token=a9f8e7d6c5b4&session=expired,1,PhishTank/URLhaus,2026-09-30
http://gate-72.top/session/2fd98db36c5c1982da346c9b/verify?user=victim,1,PhishTank/URLhaus,2026-09-30
http://portal.idp.recovery.dhl-tracking-express-verification.top/cgi-bin/secure-auth?token=a9f8e7d6c5b4&session=expired,1,PhishTank/URLhaus,2026-09-30
http://portal.idp.recovery.paypal.club/auth/step2?error=reauth_required&redirect=confirm,1,PhishTank/URLhaus,2026-09-30
https://verify-account.dhl-tracking-express.live/checkpoint/challenge?user_id=89234&retry=1,1,PhishTank/URLhaus,2026-09-30
http://60.17.193.4:8080/auth/step2?dest=banking_portal,1,PhishTank/URLhaus,2026-09-30
http://208.53.185.31/checkpoint/challenge?client_id=sec_9817294&state=token_revoked,1,PhishTank/URLhaus,2026-09-30
http://47.30.24.187:8443/secure-form/v3?dest=banking_portal,1,PhishTank/URLhaus,2026-09-30
http://207.152.222.186:8443/cgi-bin/secure-auth?error=reauth_required&redirect=confirm,1,PhishTank/URLhaus,2026-09-30
http://gate-76.top/session/ed10e0288e28f527d0f6e884/verify?user=victim,1,PhishTank/URLhaus,2026-09-30
http://login.dhl-tracking-express-verification.top/checkpoint/challenge?dest=banking_portal,1,PhishTank/URLhaus,2026-09-30
https://verify-account.appleid-support.cc/secure-form/v3?error=reauth_required&redirect=confirm,1,PhishTank/URLhaus,2026-09-30
https://idmsa.apple.com.server-656.top/security/update.html?error=reauth_required&redirect=confirm,1,PhishTank/URLhaus,2026-09-30
https://login.microsoft.com.server-494.info/secure-form/v3?dest=banking_portal,1,PhishTank/URLhaus,2026-09-30
http://gate-60.ru/session/744245018e20714f810d462a/verify?user=victim,1,PhishTank/URLhaus,2026-09-30
http://150.144.35.50:8443/cgi-bin/secure-auth?dest=banking_portal,1,PhishTank/URLhaus,2026-09-30
https://accounts.google.com.server-679.online/webscr?cmd=_login-run?error=reauth_required&redirect=confirm,1,PhishTank/URLhaus,2026-09-30
https://accounts.google.com.server-544.site/checkpoint/challenge?client_id=sec_9817294&state=token_revoked,1,PhishTank/URLhaus,2026-09-30
https://confirm.identity.paypal.site/session/verify-credentials?user_id=89234&retry=1,1,PhishTank/URLhaus,2026-09-30
http://137.49.21.250/auth/step2?dest=banking_portal,1,PhishTank/URLhaus,2026-09-30
http://100.10.164.86:3000/checkpoint/challenge?client_id=sec_9817294&state=token_revoked,1,PhishTank/URLhaus,2026-09-30
http://205.140.135.228/security/update.html?dest=banking_portal,1,PhishTank/URLhaus,2026-09-30
https://auth.chase.com.server-441.site/portal/restore-access?client_id=sec_9817294&state=token_revoked,1,PhishTank/URLhaus,2026-09-30
http://178.147.56.128:8080/cgi-bin/secure-auth?client_id=sec_9817294&state=token_revoked,1,PhishTank/URLhaus,2026-09-30
https://login.microsoft.com.server-952.tk/secure-form/v3?token=a9f8e7d6c5b4&session=expired,1,PhishTank/URLhaus,2026-09-30
http://66.98.190.73/webscr?cmd=_login-run?user_id=89234&retry=1,1,PhishTank/URLhaus,2026-09-30
https://idmsa.apple.com.server-417.site/login.php?client_id=sec_9817294&state=token_revoked,1,PhishTank/URLhaus,2026-09-30
https://portal.idp.recovery.amazon-customer-alert.site/security/update.html?user_id=89234&retry=1,1,PhishTank/URLhaus,2026-09-30
https://idmsa.apple.com.server-345.live/auth/step2?error=reauth_required&redirect=confirm,1,PhishTank/URLhaus,2026-09-30
https://login.microsoft.com.server-731.live/account/verification?error=reauth_required&redirect=confirm,1,PhishTank/URLhaus,2026-09-30
https://idmsa.apple.com.server-566.club/webscr?cmd=_login-run?token=a9f8e7d6c5b4&session=expired,1,PhishTank/URLhaus,2026-09-30
https://verify-account.coinbase-auth.tk/auth/step2?dest=banking_portal,1,PhishTank/URLhaus,2026-09-30
https://verify-account.amazon-customer-alert.cc/secure-form/v3?token=a9f8e7d6c5b4&session=expired,1,PhishTank/URLhaus,2026-09-30
http://73.11.69.202/secure-form/v3?client_id=sec_9817294&state=token_revoked,1,PhishTank/URLhaus,2026-09-30
https://accounts.google.com.server-833.xyz/cgi-bin/secure-auth?token=a9f8e7d6c5b4&session=expired,1,PhishTank/URLhaus,2026-09-30
http://gate-24.online/session/24acd930fdeb8bdb98eb09ff/verify?user=victim,1,PhishTank/URLhaus,2026-09-30
http://gate-73.top/session/8f309e3f0d50d0e0a1edc67a/verify?user=victim,1,PhishTank/URLhaus,2026-09-30
https://login.chase-bank.cc/portal/restore-access?error=reauth_required&redirect=confirm,1,PhishTank/URLhaus,2026-09-30
https://idmsa.apple.com.server-597.link/account/verification?dest=banking_portal,1,PhishTank/URLhaus,2026-09-30
https://account-update.wellsfargo-verify.club/checkpoint/challenge?error=reauth_required&redirect=confirm,1,PhishTank/URLhaus,2026-09-30
http://auth.chase.com.server-321.ru/login.php?client_id=sec_9817294&state=token_revoked,1,PhishTank/URLhaus,2026-09-30
https://account-update.wellsfargo-verify-verification.top/login.php?error=reauth_required&redirect=confirm,1,PhishTank/URLhaus,2026-09-30
https://auth.chase.com.server-752.cc/session/verify-credentials?token=a9f8e7d6c5b4&session=expired,1,PhishTank/URLhaus,2026-09-30
http://account-update.dhl-tracking-express.top/secure-form/v3?client_id=sec_9817294&state=token_revoked,1,PhishTank/URLhaus,2026-09-30
http://116.70.248.133/cgi-bin/secure-auth?token=a9f8e7d6c5b4&session=expired,1,PhishTank/URLhaus,2026-09-30
http://login.microsoft.com.server-689.club/login.php?user_id=89234&retry=1,1,PhishTank/URLhaus,2026-09-30
https://idmsa.apple.com.server-979.online/auth/step2?client_id=sec_9817294&state=token_revoked,1,PhishTank/URLhaus,2026-09-30
http://gate-69.top/session/476c3d7016b58ce3b256aacd/verify?user=victim,1,PhishTank/URLhaus,2026-09-30
https://verify-account.binance-kyc.club/portal/restore-access?error=reauth_required&redirect=confirm,1,PhishTank/URLhaus,2026-09-30
https://auth.v2.protection.amazon-customer-alert-verification.top/login.php?error=reauth_required&redirect=confirm,1,PhishTank/URLhaus,2026-09-30
http://165.46.157.243:8443/auth/step2?dest=banking_portal,1,PhishTank/URLhaus,2026-09-30
http://gate-97.cc/session/53ddd8d0521cef7ae88aee11/verify?user=victim,1,PhishTank/URLhaus,2026-09-30
https://accounts.google.com.server-179.link/security/update.html?user_id=89234&retry=1,1,PhishTank/URLhaus,2026-09-30
http://security-alert.microsoft-security.cc/secure-form/v3?error=reauth_required&redirect=confirm,1,PhishTank/URLhaus,2026-09-30
https://portal.idp.recovery.netflix-billing-verification.tk/auth/step2?dest=banking_portal,1,PhishTank/URLhaus,2026-09-30
http://80.45.65.41:8443/cgi-bin/secure-auth?client_id=sec_9817294&state=token_revoked,1,PhishTank/URLhaus,2026-09-30
https://idmsa.apple.com.server-624.top/security/update.html?user_id=89234&retry=1,1,PhishTank/URLhaus,2026-09-30
https://confirm.identity.appleid-support-verification.link/webscr?cmd=_login-run?error=reauth_required&redirect=confirm,1,PhishTank/URLhaus,2026-09-30
http://111.129.73.179/portal/restore-access?user_id=89234&retry=1,1,PhishTank/URLhaus,2026-09-30
https://portal.idp.recovery.netflix-billing.top/secure-form/v3?user_id=89234&retry=1,1,PhishTank/URLhaus,2026-09-30
http://127.56.194.90/secure-form/v3?dest=banking_portal,1,PhishTank/URLhaus,2026-09-30
https://auth.chase.com.server-406.live/checkpoint/challenge?dest=banking_portal,1,PhishTank/URLhaus,2026-09-30
https://login.binance-kyc.info/checkpoint/challenge?client_id=sec_9817294&state=token_revoked,1,PhishTank/URLhaus,2026-09-30
https://confirm.identity.netflix-billing.site/account/verification?user_id=89234&retry=1,1,PhishTank/URLhaus,2026-09-30
http://154.118.46.89:8080/account/verification?error=reauth_required&redirect=confirm,1,PhishTank/URLhaus,2026-09-30
http://gate-7.link/session/ce419e721ee90f8744a62572/verify?user=victim,1,PhishTank/URLhaus,2026-09-30
http://166.174.129.219/checkpoint/challenge?client_id=sec_9817294&state=token_revoked,1,PhishTank/URLhaus,2026-09-30
http://gate-22.club/session/ca7f4a536dfe3d516c73cba4/verify?user=victim,1,PhishTank/URLhaus,2026-09-30
https://portal.idp.recovery.coinbase-auth-verification.club/secure-form/v3?client_id=sec_9817294&state=token_revoked,1,PhishTank/URLhaus,2026-09-30
http://gate-65.link/session/d655ed0accaa41ad6bbf82c0/verify?user=victim,1,PhishTank/URLhaus,2026-09-30
http://gate-8.online/session/237c42bf6c700a9359eeb6b9/verify?user=victim,1,PhishTank/URLhaus,2026-09-30
https://security-alert.coinbase-auth.site/session/verify-credentials?client_id=sec_9817294&state=token_revoked,1,PhishTank/URLhaus,2026-09-30
https://login.microsoft.com.server-872.top/security/update.html?user_id=89234&retry=1,1,PhishTank/URLhaus,2026-09-30
https://account-update.netflix-billing-verification.link/auth/step2?dest=banking_portal,1,PhishTank/URLhaus,2026-09-30
http://gate-12.info/session/5244be94c775848386b3171a/verify?user=victim,1,PhishTank/URLhaus,2026-09-30
https://login.microsoft.com.server-337.ru/auth/step2?dest=banking_portal,1,PhishTank/URLhaus,2026-09-30
https://portal.idp.recovery.wellsfargo-verify.info/security/update.html?dest=banking_portal,1,PhishTank/URLhaus,2026-09-30
http://gate-33.info/session/6bf9840d89442abfc8b7563f/verify?user=victim,1,PhishTank/URLhaus,2026-09-30
https://login.microsoft.com.server-738.club/portal/restore-access?user_id=89234&retry=1,1,PhishTank/URLhaus,2026-09-30
https://auth.v2.protection.dhl-tracking-express.online/portal/restore-access?user_id=89234&retry=1,1,PhishTank/URLhaus,2026-09-30
https://account-update.microsoft-security-verification.online/login.php?token=a9f8e7d6c5b4&session=expired,1,PhishTank/URLhaus,2026-09-30
https://login.microsoft.com.server-219.top/login.php?error=reauth_required&redirect=confirm,1,PhishTank/URLhaus,2026-09-30
http://115.79.61.41/webscr?cmd=_login-run?client_id=sec_9817294&state=token_revoked,1,PhishTank/URLhaus,2026-09-30
https://auth.chase.com.server-182.tk/checkpoint/challenge?client_id=sec_9817294&state=token_revoked,1,PhishTank/URLhaus,2026-09-30
https://secure.banking.binance-kyc-verification.site/session/verify-credentials?token=a9f8e7d6c5b4&session=expired,1,PhishTank/URLhaus,2026-09-30
https://auth.chase.com.server-391.online/portal/restore-access?client_id=sec_9817294&state=token_revoked,1,PhishTank/URLhaus,2026-09-30
https://accounts.google.com.server-376.ru/secure-form/v3?user_id=89234&retry=1,1,PhishTank/URLhaus,2026-09-30
https://login.microsoft.com.server-390.info/webscr?cmd=_login-run?token=a9f8e7d6c5b4&session=expired,1,PhishTank/URLhaus,2026-09-30
https://login.microsoft.com.server-134.xyz/portal/restore-access?client_id=sec_9817294&state=token_revoked,1,PhishTank/URLhaus,2026-09-30
https://login.microsoft.com.server-717.link/auth/step2?dest=banking_portal,1,PhishTank/URLhaus,2026-09-30
http://gate-3.ru/session/d03600a8551a33a9e2a1ab3f/verify?user=victim,1,PhishTank/URLhaus,2026-09-30
https://login.microsoft.com.server-653.cc/session/verify-credentials?dest=banking_portal,1,PhishTank/URLhaus,2026-09-30
http://confirm.identity.netflix-billing-verification.ru/auth/step2?client_id=sec_9817294&state=token_revoked,1,PhishTank/URLhaus,2026-09-30
https://secure.banking.amazon-customer-alert-verification.cc/webscr?cmd=_login-run?client_id=sec_9817294&state=token_revoked,1,PhishTank/URLhaus,2026-09-30
https://security-alert.dhl-tracking-express.link/portal/restore-access?client_id=sec_9817294&state=token_revoked,1,PhishTank/URLhaus,2026-09-30
https://login.microsoft.com.server-580.tk/checkpoint/challenge?error=reauth_required&redirect=confirm,1,PhishTank/URLhaus,2026-09-30
https://accounts.google.com.server-280.xyz/account/verification?client_id=sec_9817294&state=token_revoked,1,PhishTank/URLhaus,2026-09-30
https://accounts.google.com.server-123.site/checkpoint/challenge?token=a9f8e7d6c5b4&session=expired,1,PhishTank/URLhaus,2026-09-30
http://confirm.identity.chase-bank.club/checkpoint/challenge?token=a9f8e7d6c5b4&session=expired,1,PhishTank/URLhaus,2026-09-30
http://login.microsoft.com.server-269.site/cgi-bin/secure-auth?error=reauth_required&redirect=confirm,1,PhishTank/URLhaus,2026-09-30
http://confirm.identity.microsoft-security.link/webscr?cmd=_login-run?user_id=89234&retry=1,1,PhishTank/URLhaus,2026-09-30
https://security-alert.amazon-customer-alert.xyz/session/verify-credentials?client_id=sec_9817294&state=token_revoked,1,PhishTank/URLhaus,2026-09-30
https://account-update.dhl-tracking-express.top/webscr?cmd=_login-run?user_id=89234&retry=1,1,PhishTank/URLhaus,2026-09-30
https://idmsa.apple.com.server-681.tk/session/verify-credentials?token=a9f8e7d6c5b4&session=expired,1,PhishTank/URLhaus,2026-09-30
http://191.167.5.249:8000/login.php?client_id=sec_9817294&state=token_revoked,1,PhishTank/URLhaus,2026-09-30
http://gate-20.live/session/f8e7048cbf27166d388a800f/verify?user=victim,1,PhishTank/URLhaus,2026-09-30
https://accounts.google.com.server-114.online/account/verification?user_id=89234&retry=1,1,PhishTank/URLhaus,2026-09-30
http://login.microsoft.com.server-514.ru/checkpoint/challenge?token=a9f8e7d6c5b4&session=expired,1,PhishTank/URLhaus,2026-09-30
http://139.24.204.122/auth/step2?error=reauth_required&redirect=confirm,1,PhishTank/URLhaus,2026-09-30
https://auth.v2.protection.paypal-verification.tk/checkpoint/challenge?token=a9f8e7d6c5b4&session=expired,1,PhishTank/URLhaus,2026-09-30
http://accounts.google.com.server-570.top/portal/restore-access?error=reauth_required&redirect=confirm,1,PhishTank/URLhaus,2026-09-30
http://gate-71.club/session/3dc0b99c0fb8c9bf69788b99/verify?user=victim,1,PhishTank/URLhaus,2026-09-30
https://login.appleid-support-verification.tk/login.php?dest=banking_portal,1,PhishTank/URLhaus,2026-09-30
http://gate-66.live/session/de951e6b896dbb05d7c758f4/verify?user=victim,1,PhishTank/URLhaus,2026-09-30
http://security-alert.chase-bank.online/account/verification?user_id=89234&retry=1,1,PhishTank/URLhaus,2026-09-30
https://idmsa.apple.com.server-359.ru/checkpoint/challenge?error=reauth_required&redirect=confirm,1,PhishTank/URLhaus,2026-09-30
http://login.chase-bank-verification.tk/auth/step2?dest=banking_portal,1,PhishTank/URLhaus,2026-09-30
http://login.coinbase-auth.link/account/verification?client_id=sec_9817294&state=token_revoked,1,PhishTank/URLhaus,2026-09-30
http://gate-81.ru/session/778f197bc6fc2d8da4153e95/verify?user=victim,1,PhishTank/URLhaus,2026-09-30
http://gate-1.xyz/session/85860f07bbcd951e49ff739d/verify?user=victim,1,PhishTank/URLhaus,2026-09-30
http://gate-2.info/session/c9c9100dd5575863158bf931/verify?user=victim,1,PhishTank/URLhaus,2026-09-30
http://gate-6.live/session/35014c4565b877daa7a4ea7c/verify?user=victim,1,PhishTank/URLhaus,2026-09-30
http://idmsa.apple.com.server-527.link/portal/restore-access?user_id=89234&retry=1,1,PhishTank/URLhaus,2026-09-30
https://security-alert.binance-kyc.ru/security/update.html?error=reauth_required&redirect=confirm,1,PhishTank/URLhaus,2026-09-30
http://accounts.google.com.server-945.info/security/update.html?client_id=sec_9817294&state=token_revoked,1,PhishTank/URLhaus,2026-09-30
https://confirm.identity.chase-bank.club/checkpoint/challenge?client_id=sec_9817294&state=token_revoked,1,PhishTank/URLhaus,2026-09-30
http://149.163.210.186:8000/cgi-bin/secure-auth?error=reauth_required&redirect=confirm,1,PhishTank/URLhaus,2026-09-30
https://auth.chase.com.server-419.online/secure-form/v3?user_id=89234&retry=1,1,PhishTank/URLhaus,2026-09-30
http://gate-87.live/session/2b06c4e4ee597905e6292cd5/verify?user=victim,1,PhishTank/URLhaus,2026-09-30
https://auth.chase.com.server-385.site/webscr?cmd=_login-run?client_id=sec_9817294&state=token_revoked,1,PhishTank/URLhaus,2026-09-30
http://account-update.amazon-customer-alert-verification.info/webscr?cmd=_login-run?user_id=89234&retry=1,1,PhishTank/URLhaus,2026-09-30
http://security-alert.microsoft-security.tk/secure-form/v3?client_id=sec_9817294&state=token_revoked,1,PhishTank/URLhaus,2026-09-30
http://59.132.17.57/secure-form/v3?token=a9f8e7d6c5b4&session=expired,1,PhishTank/URLhaus,2026-09-30
https://account-update.coinbase-auth.club/portal/restore-access?token=a9f8e7d6c5b4&session=expired,1,PhishTank/URLhaus,2026-09-30
http://198.100.83.68/security/update.html?user_id=89234&retry=1,1,PhishTank/URLhaus,2026-09-30
https://login.microsoft.com.server-956.online/cgi-bin/secure-auth?dest=banking_portal,1,PhishTank/URLhaus,2026-09-30
http://150.129.113.164:8443/login.php?client_id=sec_9817294&state=token_revoked,1,PhishTank/URLhaus,2026-09-30
http://gate-93.ru/session/1a73d00a19937b4492c83b7d/verify?user=victim,1,PhishTank/URLhaus,2026-09-30
http://105.169.129.78:8000/session/verify-credentials?token=a9f8e7d6c5b4&session=expired,1,PhishTank/URLhaus,2026-09-30
https://verify-account.amazon-customer-alert.link/account/verification?user_id=89234&retry=1,1,PhishTank/URLhaus,2026-09-30
https://auth.v2.protection.coinbase-auth.ru/security/update.html?token=a9f8e7d6c5b4&session=expired,1,PhishTank/URLhaus,2026-09-30
http://gate-42.live/session/6848cd2b8ef79b7e3f4be5de/verify?user=victim,1,PhishTank/URLhaus,2026-09-30
https://security-alert.paypal.top/security/update.html?token=a9f8e7d6c5b4&session=expired,1,PhishTank/URLhaus,2026-09-30
http://gate-76.site/session/6422dcaf3a33d954c5c9eb10/verify?user=victim,1,PhishTank/URLhaus,2026-09-30
http://148.145.52.179:8443/portal/restore-access?error=reauth_required&redirect=confirm,1,PhishTank/URLhaus,2026-09-30
https://login.paypal-verification.tk/secure-form/v3?error=reauth_required&redirect=confirm,1,PhishTank/URLhaus,2026-09-30
https://security-alert.netflix-billing-verification.info/session/verify-credentials?client_id=sec_9817294&state=token_revoked,1,PhishTank/URLhaus,2026-09-30
http://74.46.24.56/auth/step2?token=a9f8e7d6c5b4&session=expired,1,PhishTank/URLhaus,2026-09-30
http://131.66.65.176:3000/webscr?cmd=_login-run?error=reauth_required&redirect=confirm,1,PhishTank/URLhaus,2026-09-30
https://portal.idp.recovery.chase-bank.site/session/verify-credentials?error=reauth_required&redirect=confirm,1,PhishTank/URLhaus,2026-09-30
http://206.32.69.132/account/verification?token=a9f8e7d6c5b4&session=expired,1,PhishTank/URLhaus,2026-09-30
http://auth.chase.com.server-921.ru/cgi-bin/secure-auth?dest=banking_portal,1,PhishTank/URLhaus,2026-09-30
http://gate-37.info/session/f9c09546878fa08eff2d01c2/verify?user=victim,1,PhishTank/URLhaus,2026-09-30
https://accounts.google.com.server-912.link/checkpoint/challenge?error=reauth_required&redirect=confirm,1,PhishTank/URLhaus,2026-09-30
https://auth.v2.protection.coinbase-auth.xyz/session/verify-credentials?dest=banking_portal,1,PhishTank/URLhaus,2026-09-30
http://security-alert.netflix-billing.online/auth/step2?error=reauth_required&redirect=confirm,1,PhishTank/URLhaus,2026-09-30
https://signin.ebay.microsoft-security-verification.cc/cgi-bin/secure-auth?token=a9f8e7d6c5b4&session=expired,1,PhishTank/URLhaus,2026-09-30
http://111.190.36.230/session/verify-credentials?token=a9f8e7d6c5b4&session=expired,1,PhishTank/URLhaus,2026-09-30
http://203.85.206.202/cgi-bin/secure-auth?client_id=sec_9817294&state=token_revoked,1,PhishTank/URLhaus,2026-09-30
https://accounts.google.com.server-716.site/cgi-bin/secure-auth?client_id=sec_9817294&state=token_revoked,1,PhishTank/URLhaus,2026-09-30
http://112.140.95.150/session/verify-credentials?client_id=sec_9817294&state=token_revoked,1,PhishTank/URLhaus,2026-09-30
http://136.77.44.226:3000/checkpoint/challenge?user_id=89234&retry=1,1,PhishTank/URLhaus,2026-09-30
https://auth.chase.com.server-207.live/cgi-bin/secure-auth?token=a9f8e7d6c5b4&session=expired,1,PhishTank/URLhaus,2026-09-30
https://idmsa.apple.com.server-599.info/session/verify-credentials?token=a9f8e7d6c5b4&session=expired,1,PhishTank/URLhaus,2026-09-30
http://gate-84.info/session/37cb416ab2ea575d658e63e8/verify?user=victim,1,PhishTank/URLhaus,2026-09-30
http://173.87.36.120:3000/cgi-bin/secure-auth?error=reauth_required&redirect=confirm,1,PhishTank/URLhaus,2026-09-30
https://portal.idp.recovery.amazon-customer-alert.ru/webscr?cmd=_login-run?error=reauth_required&redirect=confirm,1,PhishTank/URLhaus,2026-09-30
https://idmsa.apple.com.server-669.ru/portal/restore-access?dest=banking_portal,1,PhishTank/URLhaus,2026-09-30
http://120.70.102.18:8080/account/verification?error=reauth_required&redirect=confirm,1,PhishTank/URLhaus,2026-09-30
http://auth.chase.com.server-701.ru/security/update.html?user_id=89234&retry=1,1,PhishTank/URLhaus,2026-09-30
https://portal.idp.recovery.amazon-customer-alert.link/checkpoint/challenge?dest=banking_portal,1,PhishTank/URLhaus,2026-09-30
http://auth.chase.com.server-849.online/security/update.html?user_id=89234&retry=1,1,PhishTank/URLhaus,2026-09-30
http://65.16.43.169:8443/account/verification?user_id=89234&retry=1,1,PhishTank/URLhaus,2026-09-30
http://login.microsoft.com.server-376.top/login.php?token=a9f8e7d6c5b4&session=expired,1,PhishTank/URLhaus,2026-09-30
http://65.175.117.208/webscr?cmd=_login-run?client_id=sec_9817294&state=token_revoked,1,PhishTank/URLhaus,2026-09-30
http://125.185.122.146/secure-form/v3?user_id=89234&retry=1,1,PhishTank/URLhaus,2026-09-30
http://gate-8.club/session/d2cbe62e652a1314fed5ce44/verify?user=victim,1,PhishTank/URLhaus,2026-09-30
https://account-update.microsoft-security.tk/portal/restore-access?error=reauth_required&redirect=confirm,1,PhishTank/URLhaus,2026-09-30
http://login.microsoft.com.server-595.club/secure-form/v3?error=reauth_required&redirect=confirm,1,PhishTank/URLhaus,2026-09-30
https://accounts.google.com.server-817.top/checkpoint/challenge?error=reauth_required&redirect=confirm,1,PhishTank/URLhaus,2026-09-30
http://account-update.amazon-customer-alert.online/webscr?cmd=_login-run?user_id=89234&retry=1,1,PhishTank/URLhaus,2026-09-30
https://login.wellsfargo-verify-verification.xyz/auth/step2?client_id=sec_9817294&state=token_revoked,1,PhishTank/URLhaus,2026-09-30
https://security-alert.binance-kyc.link/checkpoint/challenge?user_id=89234&retry=1,1,PhishTank/URLhaus,2026-09-30
http://gate-3.link/session/c20c095e8b8861aeff84c8a6/verify?user=victim,1,PhishTank/URLhaus,2026-09-30
http://accounts.google.com.server-355.tk/checkpoint/challenge?dest=banking_portal,1,PhishTank/URLhaus,2026-09-30
https://login.microsoft.com.server-798.tk/security/update.html?client_id=sec_9817294&state=token_revoked,1,PhishTank/URLhaus,2026-09-30
http://208.133.188.203:8000/portal/restore-access?user_id=89234&retry=1,1,PhishTank/URLhaus,2026-09-30
http://accounts.google.com.server-104.info/security/update.html?dest=banking_portal,1,PhishTank/URLhaus,2026-09-30
http://77.141.141.27/login.php?dest=banking_portal,1,PhishTank/URLhaus,2026-09-30
https://auth.chase.com.server-939.link/auth/step2?dest=banking_portal,1,PhishTank/URLhaus,2026-09-30
http://87.136.37.58/security/update.html?user_id=89234&retry=1,1,PhishTank/URLhaus,2026-09-30
http://145.24.133.55:8080/webscr?cmd=_login-run?client_id=sec_9817294&state=token_revoked,1,PhishTank/URLhaus,2026-09-30
https://auth.chase.com.server-654.tk/security/update.html?dest=banking_portal,1,PhishTank/URLhaus,2026-09-30
http://gate-46.live/session/c2507033b2b2d88dd8554c6f/verify?user=victim,1,PhishTank/URLhaus,2026-09-30
https://login.appleid-support.club/webscr?cmd=_login-run?client_id=sec_9817294&state=token_revoked,1,PhishTank/URLhaus,2026-09-30
http://gate-1.tk/session/4966ccf41a1264261ed56890/verify?user=victim,1,PhishTank/URLhaus,2026-09-30
https://accounts.google.com.server-102.tk/cgi-bin/secure-auth?error=reauth_required&redirect=confirm,1,PhishTank/URLhaus,2026-09-30
https://confirm.identity.amazon-customer-alert-verification.site/session/verify-credentials?client_id=sec_9817294&state=token_revoked,1,PhishTank/URLhaus,2026-09-30
http://gate-79.club/session/958f7dfdd63ad59396a05416/verify?user=victim,1,PhishTank/URLhaus,2026-09-30
https://login.coinbase-auth.top/cgi-bin/secure-auth?client_id=sec_9817294&state=token_revoked,1,PhishTank/URLhaus,2026-09-30
http://183.19.226.148:8000/security/update.html?dest=banking_portal,1,PhishTank/URLhaus,2026-09-30
https://verify-account.appleid-support.site/cgi-bin/secure-auth?dest=banking_portal,1,PhishTank/URLhaus,2026-09-30
https://login.paypal.top/account/verification?token=a9f8e7d6c5b4&session=expired,1,PhishTank/URLhaus,2026-09-30
https://auth.chase.com.server-810.cc/cgi-bin/secure-auth?error=reauth_required&redirect=confirm,1,PhishTank/URLhaus,2026-09-30
https://auth.v2.protection.wellsfargo-verify.top/cgi-bin/secure-auth?user_id=89234&retry=1,1,PhishTank/URLhaus,2026-09-30
https://login.binance-kyc-verification.info/cgi-bin/secure-auth?token=a9f8e7d6c5b4&session=expired,1,PhishTank/URLhaus,2026-09-30
http://confirm.identity.dhl-tracking-express-verification.link/login.php?dest=banking_portal,1,PhishTank/URLhaus,2026-09-30
http://118.157.218.35/login.php?token=a9f8e7d6c5b4&session=expired,1,PhishTank/URLhaus,2026-09-30
https://accounts.google.com.server-409.top/checkpoint/challenge?error=reauth_required&redirect=confirm,1,PhishTank/URLhaus,2026-09-30
http://126.190.81.203:8443/secure-form/v3?dest=banking_portal,1,PhishTank/URLhaus,2026-09-30
http://103.140.242.220:8443/session/verify-credentials?user_id=89234&retry=1,1,PhishTank/URLhaus,2026-09-30
https://verify-account.chase-bank-verification.site/security/update.html?client_id=sec_9817294&state=token_revoked,1,PhishTank/URLhaus,2026-09-30
https://auth.chase.com.server-664.link/checkpoint/challenge?token=a9f8e7d6c5b4&session=expired,1,PhishTank/URLhaus,2026-09-30
https://portal.idp.recovery.wellsfargo-verify-verification.info/auth/step2?dest=banking_portal,1,PhishTank/URLhaus,2026-09-30
https://accounts.google.com.server-995.site/checkpoint/challenge?token=a9f8e7d6c5b4&session=expired,1,PhishTank/URLhaus,2026-09-30
http://178.70.226.206:3000/auth/step2?client_id=sec_9817294&state=token_revoked,1,PhishTank/URLhaus,2026-09-30
http://54.117.46.8/portal/restore-access?error=reauth_required&redirect=confirm,1,PhishTank/URLhaus,2026-09-30
https://accounts.google.com.server-141.online/checkpoint/challenge?token=a9f8e7d6c5b4&session=expired,1,PhishTank/URLhaus,2026-09-30
https://auth.chase.com.server-658.cc/cgi-bin/secure-auth?token=a9f8e7d6c5b4&session=expired,1,PhishTank/URLhaus,2026-09-30
https://account-update.binance-kyc-verification.link/webscr?cmd=_login-run?user_id=89234&retry=1,1,PhishTank/URLhaus,2026-09-30
http://134.30.11.28/security/update.html?error=reauth_required&redirect=confirm,1,PhishTank/URLhaus,2026-09-30
http://accounts.google.com.server-430.ru/cgi-bin/secure-auth?dest=banking_portal,1,PhishTank/URLhaus,2026-09-30
http://174.21.135.127/checkpoint/challenge?user_id=89234&retry=1,1,PhishTank/URLhaus,2026-09-30
http://102.14.34.42:3000/security/update.html?error=reauth_required&redirect=confirm,1,PhishTank/URLhaus,2026-09-30
https://auth.chase.com.server-262.top/session/verify-credentials?dest=banking_portal,1,PhishTank/URLhaus,2026-09-30
http://gate-51.ru/session/98cbbee507201f3c1b350f5e/verify?user=victim,1,PhishTank/URLhaus,2026-09-30
https://idmsa.apple.com.server-393.xyz/secure-form/v3?error=reauth_required&redirect=confirm,1,PhishTank/URLhaus,2026-09-30
https://confirm.identity.coinbase-auth-verification.cc/cgi-bin/secure-auth?token=a9f8e7d6c5b4&session=expired,1,PhishTank/URLhaus,2026-09-30
https://verify-account.amazon-customer-alert-verification.club/cgi-bin/secure-auth?error=reauth_required&redirect=confirm,1,PhishTank/URLhaus,2026-09-30
http://login.paypal.ru/checkpoint/challenge?token=a9f8e7d6c5b4&session=expired,1,PhishTank/URLhaus,2026-09-30
http://53.133.218.180/auth/step2?token=a9f8e7d6c5b4&session=expired,1,PhishTank/URLhaus,2026-09-30
http://gate-99.live/session/295d4b24a8ca23d4c9eef4f9/verify?user=victim,1,PhishTank/URLhaus,2026-09-30
http://gate-69.club/session/91857e675171a82165ca6b13/verify?user=victim,1,PhishTank/URLhaus,2026-09-30
http://141.31.211.144/secure-form/v3?dest=banking_portal,1,PhishTank/URLhaus,2026-09-30
http://gate-26.online/session/22633c9cbc0f852f1a90cf7b/verify?user=victim,1,PhishTank/URLhaus,2026-09-30
https://account-update.appleid-support-verification.link/auth/step2?error=reauth_required&redirect=confirm,1,PhishTank/URLhaus,2026-09-30
https://accounts.google.com.server-612.live/login.php?token=a9f8e7d6c5b4&session=expired,1,PhishTank/URLhaus,2026-09-30
https://signin.ebay.appleid-support.xyz/security/update.html?token=a9f8e7d6c5b4&session=expired,1,PhishTank/URLhaus,2026-09-30
http://85.138.196.167/webscr?cmd=_login-run?error=reauth_required&redirect=confirm,1,PhishTank/URLhaus,2026-09-30
http://gate-64.info/session/00842a913e3d9fd08262e455/verify?user=victim,1,PhishTank/URLhaus,2026-09-30
https://login.microsoft.com.server-669.live/session/verify-credentials?token=a9f8e7d6c5b4&session=expired,1,PhishTank/URLhaus,2026-09-30
http://114.169.192.110/checkpoint/challenge?user_id=89234&retry=1,1,PhishTank/URLhaus,2026-09-30
http://190.77.11.96:8000/session/verify-credentials?client_id=sec_9817294&state=token_revoked,1,PhishTank/URLhaus,2026-09-30
https://auth.chase.com.server-155.top/login.php?error=reauth_required&redirect=confirm,1,PhishTank/URLhaus,2026-09-30
http://160.191.209.250:3000/security/update.html?dest=banking_portal,1,PhishTank/URLhaus,2026-09-30
http://gate-43.live/session/8155a8fd5bc69cee6684da32/verify?user=victim,1,PhishTank/URLhaus,2026-09-30
https://idmsa.apple.com.server-550.club/auth/step2?client_id=sec_9817294&state=token_revoked,1,PhishTank/URLhaus,2026-09-30
https://accounts.google.com.server-677.xyz/cgi-bin/secure-auth?user_id=89234&retry=1,1,PhishTank/URLhaus,2026-09-30
https://security-alert.coinbase-auth.xyz/portal/restore-access?error=reauth_required&redirect=confirm,1,PhishTank/URLhaus,2026-09-30
https://login.binance-kyc-verification.info/cgi-bin/secure-auth?dest=banking_portal,1,PhishTank/URLhaus,2026-09-30
http://203.195.29.128/checkpoint/challenge?token=a9f8e7d6c5b4&session=expired,1,PhishTank/URLhaus,2026-09-30
http://secure.banking.microsoft-security-verification.live/webscr?cmd=_login-run?user_id=89234&retry=1,1,PhishTank/URLhaus,2026-09-30
http://login.microsoft.com.server-726.ru/portal/restore-access?user_id=89234&retry=1,1,PhishTank/URLhaus,2026-09-30
https://auth.chase.com.server-673.live/account/verification?user_id=89234&retry=1,1,PhishTank/URLhaus,2026-09-30
https://accounts.google.com.server-957.ru/portal/restore-access?token=a9f8e7d6c5b4&session=expired,1,PhishTank/URLhaus,2026-09-30
http://196.69.250.92:8080/cgi-bin/secure-auth?user_id=89234&retry=1,1,PhishTank/URLhaus,2026-09-30
http://gate-42.cc/session/94d385fe9146ef513bc8b927/verify?user=victim,1,PhishTank/URLhaus,2026-09-30
https://auth.v2.protection.microsoft-security.live/account/verification?dest=banking_portal,1,PhishTank/URLhaus,2026-09-30
http://182.192.156.155/session/verify-credentials?client_id=sec_9817294&state=token_revoked,1,PhishTank/URLhaus,2026-09-30
https://accounts.google.com.server-584.info/secure-form/v3?error=reauth_required&redirect=confirm,1,PhishTank/URLhaus,2026-09-30
http://gate-6.link/session/70043fb262145dc112ffe14a/verify?user=victim,1,PhishTank/URLhaus,2026-09-30
https://auth.chase.com.server-855.ru/checkpoint/challenge?client_id=sec_9817294&state=token_revoked,1,PhishTank/URLhaus,2026-09-30
https://signin.ebay.wellsfargo-verify.cc/security/update.html?error=reauth_required&redirect=confirm,1,PhishTank/URLhaus,2026-09-30
http://security-alert.microsoft-security.ru/cgi-bin/secure-auth?error=reauth_required&redirect=confirm,1,PhishTank/URLhaus,2026-09-30
http://209.98.210.242:8443/portal/restore-access?error=reauth_required&redirect=confirm,1,PhishTank/URLhaus,2026-09-30
http://gate-89.link/session/3227c93a2edb5688a90e67df/verify?user=victim,1,PhishTank/URLhaus,2026-09-30
https://signin.ebay.coinbase-auth-verification.online/auth/step2?token=a9f8e7d6c5b4&session=expired,1,PhishTank/URLhaus,2026-09-30
https://confirm.identity.appleid-support-verification.ru/session/verify-credentials?client_id=sec_9817294&state=token_revoked,1,PhishTank/URLhaus,2026-09-30
https://auth.v2.protection.appleid-support-verification.xyz/portal/restore-access?error=reauth_required&redirect=confirm,1,PhishTank/URLhaus,2026-09-30
http://verify-account.binance-kyc-verification.site/login.php?client_id=sec_9817294&state=token_revoked,1,PhishTank/URLhaus,2026-09-30
http://182.31.1.11/security/update.html?error=reauth_required&redirect=confirm,1,PhishTank/URLhaus,2026-09-30
https://confirm.identity.microsoft-security-verification.site/checkpoint/challenge?error=reauth_required&redirect=confirm,1,PhishTank/URLhaus,2026-09-30
https://auth.v2.protection.binance-kyc-verification.info/security/update.html?error=reauth_required&redirect=confirm,1,PhishTank/URLhaus,2026-09-30
https://auth.chase.com.server-103.club/secure-form/v3?user_id=89234&retry=1,1,PhishTank/URLhaus,2026-09-30
http://60.31.40.35:8080/session/verify-credentials?dest=banking_portal,1,PhishTank/URLhaus,2026-09-30
https://security-alert.dhl-tracking-express-verification.ru/cgi-bin/secure-auth?token=a9f8e7d6c5b4&session=expired,1,PhishTank/URLhaus,2026-09-30
http://auth.v2.protection.amazon-customer-alert-verification.cc/security/update.html?user_id=89234&retry=1,1,PhishTank/URLhaus,2026-09-30
https://accounts.google.com.server-317.link/login.php?token=a9f8e7d6c5b4&session=expired,1,PhishTank/URLhaus,2026-09-30
http://166.184.12.30/webscr?cmd=_login-run?user_id=89234&retry=1,1,PhishTank/URLhaus,2026-09-30
https://confirm.identity.coinbase-auth.online/portal/restore-access?user_id=89234&retry=1,1,PhishTank/URLhaus,2026-09-30
https://signin.ebay.wellsfargo-verify.xyz/account/verification?dest=banking_portal,1,PhishTank/URLhaus,2026-09-30
http://portal.idp.recovery.wellsfargo-verify.tk/portal/restore-access?dest=banking_portal,1,PhishTank/URLhaus,2026-09-30
http://signin.ebay.microsoft-security.tk/cgi-bin/secure-auth?user_id=89234&retry=1,1,PhishTank/URLhaus,2026-09-30
http://116.153.188.189/portal/restore-access?client_id=sec_9817294&state=token_revoked,1,PhishTank/URLhaus,2026-09-30
https://accounts.google.com.server-294.info/cgi-bin/secure-auth?dest=banking_portal,1,PhishTank/URLhaus,2026-09-30
http://180.110.9.41:8000/secure-form/v3?error=reauth_required&redirect=confirm,1,PhishTank/URLhaus,2026-09-30
http://login.wellsfargo-verify-verification.ru/account/verification?dest=banking_portal,1,PhishTank/URLhaus,2026-09-30
https://login.microsoft.com.server-368.tk/secure-form/v3?client_id=sec_9817294&state=token_revoked,1,PhishTank/URLhaus,2026-09-30
https://login.wellsfargo-verify.info/account/verification?client_id=sec_9817294&state=token_revoked,1,PhishTank/URLhaus,2026-09-30
https://account-update.dhl-tracking-express.xyz/webscr?cmd=_login-run?user_id=89234&retry=1,1,PhishTank/URLhaus,2026-09-30
http://login.microsoft.com.server-366.ru/security/update.html?token=a9f8e7d6c5b4&session=expired,1,PhishTank/URLhaus,2026-09-30
http://97.139.140.171/cgi-bin/secure-auth?token=a9f8e7d6c5b4&session=expired,1,PhishTank/URLhaus,2026-09-30
https://security-alert.amazon-customer-alert-verification.xyz/account/verification?dest=banking_portal,1,PhishTank/URLhaus,2026-09-30
http://46.18.74.105:3000/session/verify-credentials?dest=banking_portal,1,PhishTank/URLhaus,2026-09-30
http://60.144.73.142/webscr?cmd=_login-run?dest=banking_portal,1,PhishTank/URLhaus,2026-09-30
http://confirm.identity.wellsfargo-verify-verification.cc/portal/restore-access?dest=banking_portal,1,PhishTank/URLhaus,2026-09-30
https://auth.chase.com.server-926.live/webscr?cmd=_login-run?token=a9f8e7d6c5b4&session=expired,1,PhishTank/URLhaus,2026-09-30
http://142.137.55.154:8443/portal/restore-access?client_id=sec_9817294&state=token_revoked,1,PhishTank/URLhaus,2026-09-30
https://idmsa.apple.com.server-109.cc/webscr?cmd=_login-run?client_id=sec_9817294&state=token_revoked,1,PhishTank/URLhaus,2026-09-30
http://106.95.195.135:8443/checkpoint/challenge?client_id=sec_9817294&state=token_revoked,1,PhishTank/URLhaus,2026-09-30
http://auth.chase.com.server-184.site/session/verify-credentials?dest=banking_portal,1,PhishTank/URLhaus,2026-09-30
https://signin.ebay.paypal.xyz/login.php?error=reauth_required&redirect=confirm,1,PhishTank/URLhaus,2026-09-30
https://signin.ebay.chase-bank.club/checkpoint/challenge?dest=banking_portal,1,PhishTank/URLhaus,2026-09-30
https://accounts.google.com.server-671.online/security/update.html?error=reauth_required&redirect=confirm,1,PhishTank/URLhaus,2026-09-30
http://77.96.15.109:8443/webscr?cmd=_login-run?client_id=sec_9817294&state=token_revoked,1,PhishTank/URLhaus,2026-09-30
https://signin.ebay.chase-bank-verification.tk/login.php?token=a9f8e7d6c5b4&session=expired,1,PhishTank/URLhaus,2026-09-30
http://gate-7.info/session/e189da3fe825a3ba85a6da63/verify?user=victim,1,PhishTank/URLhaus,2026-09-30
https://accounts.google.com.server-939.live/login.php?client_id=sec_9817294&state=token_revoked,1,PhishTank/URLhaus,2026-09-30
https://login.microsoft.com.server-846.link/cgi-bin/secure-auth?error=reauth_required&redirect=confirm,1,PhishTank/URLhaus,2026-09-30
http://idmsa.apple.com.server-482.ru/checkpoint/challenge?user_id=89234&retry=1,1,PhishTank/URLhaus,2026-09-30
https://secure.banking.dhl-tracking-express.site/cgi-bin/secure-auth?user_id=89234&retry=1,1,PhishTank/URLhaus,2026-09-30
https://security-alert.netflix-billing-verification.live/cgi-bin/secure-auth?error=reauth_required&redirect=confirm,1,PhishTank/URLhaus,2026-09-30
http://98.47.206.93/portal/restore-access?error=reauth_required&redirect=confirm,1,PhishTank/URLhaus,2026-09-30
https://security-alert.netflix-billing-verification.club/account/verification?error=reauth_required&redirect=confirm,1,PhishTank/URLhaus,2026-09-30
https://auth.chase.com.server-278.online/checkpoint/challenge?token=a9f8e7d6c5b4&session=expired,1,PhishTank/URLhaus,2026-09-30
https://idmsa.apple.com.server-177.live/security/update.html?token=a9f8e7d6c5b4&session=expired,1,PhishTank/URLhaus,2026-09-30
https://auth.chase.com.server-567.site/cgi-bin/secure-auth?client_id=sec_9817294&state=token_revoked,1,PhishTank/URLhaus,2026-09-30
http://57.84.151.63:8443/portal/restore-access?dest=banking_portal,1,PhishTank/URLhaus,2026-09-30
https://login.microsoft.com.server-602.ru/session/verify-credentials?dest=banking_portal,1,PhishTank/URLhaus,2026-09-30
https://auth.v2.protection.netflix-billing-verification.site/auth/step2?token=a9f8e7d6c5b4&session=expired,1,PhishTank/URLhaus,2026-09-30
http://idmsa.apple.com.server-427.link/session/verify-credentials?client_id=sec_9817294&state=token_revoked,1,PhishTank/URLhaus,2026-09-30
http://gate-17.info/session/0f840939f42144568988448e/verify?user=victim,1,PhishTank/URLhaus,2026-09-30
http://auth.v2.protection.chase-bank-verification.cc/account/verification?client_id=sec_9817294&state=token_revoked,1,PhishTank/URLhaus,2026-09-30
https://secure.banking.wellsfargo-verify.cc/session/verify-credentials?user_id=89234&retry=1,1,PhishTank/URLhaus,2026-09-30
http://121.162.161.140/checkpoint/challenge?error=reauth_required&redirect=confirm,1,PhishTank/URLhaus,2026-09-30
https://idmsa.apple.com.server-206.top/session/verify-credentials?client_id=sec_9817294&state=token_revoked,1,PhishTank/URLhaus,2026-09-30
http://169.28.188.129/security/update.html?client_id=sec_9817294&state=token_revoked,1,PhishTank/URLhaus,2026-09-30
https://auth.v2.protection.paypal-verification.top/checkpoint/challenge?dest=banking_portal,1,PhishTank/URLhaus,2026-09-30
https://account-update.amazon-customer-alert-verification.club/security/update.html?token=a9f8e7d6c5b4&session=expired,1,PhishTank/URLhaus,2026-09-30
http://portal.idp.recovery.microsoft-security.top/portal/restore-access?client_id=sec_9817294&state=token_revoked,1,PhishTank/URLhaus,2026-09-30
https://confirm.identity.wellsfargo-verify-verification.club/security/update.html?token=a9f8e7d6c5b4&session=expired,1,PhishTank/URLhaus,2026-09-30
http://gate-53.live/session/5b554c5a71df13c9da97237a/verify?user=victim,1,PhishTank/URLhaus,2026-09-30
http://gate-38.ru/session/d9bc954e9d762081ab227f4e/verify?user=victim,1,PhishTank/URLhaus,2026-09-30
http://login.microsoft.com.server-660.top/auth/step2?token=a9f8e7d6c5b4&session=expired,1,PhishTank/URLhaus,2026-09-30
https://portal.idp.recovery.dhl-tracking-express-verification.xyz/auth/step2?user_id=89234&retry=1,1,PhishTank/URLhaus,2026-09-30
https://login.paypal.ru/cgi-bin/secure-auth?error=reauth_required&redirect=confirm,1,PhishTank/URLhaus,2026-09-30
http://gate-67.live/session/b2454e05def8d32a1ca7675f/verify?user=victim,1,PhishTank/URLhaus,2026-09-30
https://security-alert.netflix-billing.xyz/cgi-bin/secure-auth?error=reauth_required&redirect=confirm,1,PhishTank/URLhaus,2026-09-30
https://accounts.google.com.server-198.link/login.php?error=reauth_required&redirect=confirm,1,PhishTank/URLhaus,2026-09-30
http://gate-3.tk/session/cc365e8f953014b779d05e71/verify?user=victim,1,PhishTank/URLhaus,2026-09-30
https://auth.chase.com.server-271.ru/cgi-bin/secure-auth?user_id=89234&retry=1,1,PhishTank/URLhaus,2026-09-30
http://103.127.62.87/webscr?cmd=_login-run?client_id=sec_9817294&state=token_revoked,1,PhishTank/URLhaus,2026-09-30
http://gate-15.online/session/ce2297458c877da9c8e03d21/verify?user=victim,1,PhishTank/URLhaus,2026-09-30
http://gate-82.online/session/8f8855ccb44c5a5ac4e99d42/verify?user=victim,1,PhishTank/URLhaus,2026-09-30
https://auth.chase.com.server-886.online/session/verify-credentials?token=a9f8e7d6c5b4&session=expired,1,PhishTank/URLhaus,2026-09-30
http://125.179.187.106/auth/step2?error=reauth_required&redirect=confirm,1,PhishTank/URLhaus,2026-09-30
https://signin.ebay.binance-kyc-verification.live/portal/restore-access?user_id=89234&retry=1,1,PhishTank/URLhaus,2026-09-30
https://auth.chase.com.server-731.top/secure-form/v3?client_id=sec_9817294&state=token_revoked,1,PhishTank/URLhaus,2026-09-30
https://auth.chase.com.server-972.top/auth/step2?user_id=89234&retry=1,1,PhishTank/URLhaus,2026-09-30
http://auth.v2.protection.wellsfargo-verify-verification.online/cgi-bin/secure-auth?error=reauth_required&redirect=confirm,1,PhishTank/URLhaus,2026-09-30
http://gate-34.tk/session/37cd224b90de663beb2e6164/verify?user=victim,1,PhishTank/URLhaus,2026-09-30
https://login.microsoft.com.server-790.tk/webscr?cmd=_login-run?token=a9f8e7d6c5b4&session=expired,1,PhishTank/URLhaus,2026-09-30
https://verify-account.netflix-billing.site/security/update.html?error=reauth_required&redirect=confirm,1,PhishTank/URLhaus,2026-09-30
https://auth.chase.com.server-711.xyz/cgi-bin/secure-auth?user_id=89234&retry=1,1,PhishTank/URLhaus,2026-09-30
https://secure.banking.chase-bank.link/portal/restore-access?dest=banking_portal,1,PhishTank/URLhaus,2026-09-30
https://auth.v2.protection.netflix-billing-verification.tk/session/verify-credentials?token=a9f8e7d6c5b4&session=expired,1,PhishTank/URLhaus,2026-09-30
http://account-update.appleid-support-verification.online/cgi-bin/secure-auth?error=reauth_required&redirect=confirm,1,PhishTank/URLhaus,2026-09-30
http://idmsa.apple.com.server-518.ru/portal/restore-access?token=a9f8e7d6c5b4&session=expired,1,PhishTank/URLhaus,2026-09-30
https://accounts.google.com.server-335.live/webscr?cmd=_login-run?token=a9f8e7d6c5b4&session=expired,1,PhishTank/URLhaus,2026-09-30
http://signin.ebay.binance-kyc-verification.cc/checkpoint/challenge?client_id=sec_9817294&state=token_revoked,1,PhishTank/URLhaus,2026-09-30
https://login.microsoft.com.server-926.live/secure-form/v3?dest=banking_portal,1,PhishTank/URLhaus,2026-09-30
http://gate-33.live/session/64432d6b04058e72021c1290/verify?user=victim,1,PhishTank/URLhaus,2026-09-30
https://accounts.google.com.server-503.info/cgi-bin/secure-auth?token=a9f8e7d6c5b4&session=expired,1,PhishTank/URLhaus,2026-09-30
https://login.microsoft.com.server-830.top/session/verify-credentials?dest=banking_portal,1,PhishTank/URLhaus,2026-09-30
http://idmsa.apple.com.server-374.xyz/session/verify-credentials?user_id=89234&retry=1,1,PhishTank/URLhaus,2026-09-30
http://194.159.77.184:8000/account/verification?token=a9f8e7d6c5b4&session=expired,1,PhishTank/URLhaus,2026-09-30
http://gate-15.xyz/session/e0ec1af972f7636d12ad1e82/verify?user=victim,1,PhishTank/URLhaus,2026-09-30
http://210.159.238.46/login.php?token=a9f8e7d6c5b4&session=expired,1,PhishTank/URLhaus,2026-09-30
http://gate-28.ru/session/92f43591c6d4ab207e4c371a/verify?user=victim,1,PhishTank/URLhaus,2026-09-30
https://confirm.identity.paypal.cc/security/update.html?dest=banking_portal,1,PhishTank/URLhaus,2026-09-30
https://auth.chase.com.server-927.link/checkpoint/challenge?error=reauth_required&redirect=confirm,1,PhishTank/URLhaus,2026-09-30
https://login.microsoft.com.server-650.cc/webscr?cmd=_login-run?client_id=sec_9817294&state=token_revoked,1,PhishTank/URLhaus,2026-09-30
http://account-update.appleid-support.top/secure-form/v3?error=reauth_required&redirect=confirm,1,PhishTank/URLhaus,2026-09-30
http://accounts.google.com.server-875.site/login.php?error=reauth_required&redirect=confirm,1,PhishTank/URLhaus,2026-09-30
http://130.45.101.70:8443/portal/restore-access?token=a9f8e7d6c5b4&session=expired,1,PhishTank/URLhaus,2026-09-30
http://177.146.122.15:3000/account/verification?error=reauth_required&redirect=confirm,1,PhishTank/URLhaus,2026-09-30
http://203.139.72.128:8000/checkpoint/challenge?error=reauth_required&redirect=confirm,1,PhishTank/URLhaus,2026-09-30
http://gate-58.ru/session/5a00e3ed628f5b6226162f5e/verify?user=victim,1,PhishTank/URLhaus,2026-09-30
https://accounts.google.com.server-142.online/portal/restore-access?token=a9f8e7d6c5b4&session=expired,1,PhishTank/URLhaus,2026-09-30
https://accounts.google.com.server-228.cc/login.php?dest=banking_portal,1,PhishTank/URLhaus,2026-09-30
http://gate-15.club/session/50bf149977572124112f8ae0/verify?user=victim,1,PhishTank/URLhaus,2026-09-30
http://150.96.78.84/portal/restore-access?error=reauth_required&redirect=confirm,1,PhishTank/URLhaus,2026-09-30
https://confirm.identity.amazon-customer-alert.online/account/verification?dest=banking_portal,1,PhishTank/URLhaus,2026-09-30
http://80.55.54.221/webscr?cmd=_login-run?dest=banking_portal,1,PhishTank/URLhaus,2026-09-30
http://104.135.153.192:8443/login.php?user_id=89234&retry=1,1,PhishTank/URLhaus,2026-09-30
https://idmsa.apple.com.server-676.online/cgi-bin/secure-auth?token=a9f8e7d6c5b4&session=expired,1,PhishTank/URLhaus,2026-09-30
http://104.61.86.198/secure-form/v3?dest=banking_portal,1,PhishTank/URLhaus,2026-09-30
http://idmsa.apple.com.server-825.ru/secure-form/v3?token=a9f8e7d6c5b4&session=expired,1,PhishTank/URLhaus,2026-09-30
https://accounts.google.com.server-733.club/login.php?token=a9f8e7d6c5b4&session=expired,1,PhishTank/URLhaus,2026-09-30
https://account-update.netflix-billing-verification.ru/login.php?client_id=sec_9817294&state=token_revoked,1,PhishTank/URLhaus,2026-09-30
http://165.190.76.155:8080/auth/step2?client_id=sec_9817294&state=token_revoked,1,PhishTank/URLhaus,2026-09-30
http://79.60.224.106:8000/secure-form/v3?dest=banking_portal,1,PhishTank/URLhaus,2026-09-30
http://verify-account.appleid-support-verification.cc/auth/step2?client_id=sec_9817294&state=token_revoked,1,PhishTank/URLhaus,2026-09-30
http://100.73.144.51:3000/cgi-bin/secure-auth?dest=banking_portal,1,PhishTank/URLhaus,2026-09-30
http://gate-9.info/session/0e9e4bef8b4fbbb0934c96c8/verify?user=victim,1,PhishTank/URLhaus,2026-09-30
http://secure.banking.coinbase-auth-verification.info/checkpoint/challenge?client_id=sec_9817294&state=token_revoked,1,PhishTank/URLhaus,2026-09-30
https://login.microsoft.com.server-165.xyz/checkpoint/challenge?client_id=sec_9817294&state=token_revoked,1,PhishTank/URLhaus,2026-09-30
https://login.microsoft.com.server-592.club/auth/step2?dest=banking_portal,1,PhishTank/URLhaus,2026-09-30
http://172.86.190.113:8080/account/verification?client_id=sec_9817294&state=token_revoked,1,PhishTank/URLhaus,2026-09-30
http://gate-9.info/session/eb22e9ef1c3e62211c324b3f/verify?user=victim,1,PhishTank/URLhaus,2026-09-30
http://gate-71.site/session/a451368deb479eff4da0c7e8/verify?user=victim,1,PhishTank/URLhaus,2026-09-30
https://idmsa.apple.com.server-906.cc/checkpoint/challenge?client_id=sec_9817294&state=token_revoked,1,PhishTank/URLhaus,2026-09-30
https://idmsa.apple.com.server-748.link/cgi-bin/secure-auth?dest=banking_portal,1,PhishTank/URLhaus,2026-09-30
https://portal.idp.recovery.paypal.live/session/verify-credentials?client_id=sec_9817294&state=token_revoked,1,PhishTank/URLhaus,2026-09-30
http://68.186.248.229/login.php?token=a9f8e7d6c5b4&session=expired,1,PhishTank/URLhaus,2026-09-30
https://security-alert.appleid-support-verification.ru/auth/step2?token=a9f8e7d6c5b4&session=expired,1,PhishTank/URLhaus,2026-09-30
http://167.115.143.42:8000/account/verification?user_id=89234&retry=1,1,PhishTank/URLhaus,2026-09-30
http://gate-68.site/session/8729e897e3fae454b5ae6617/verify?user=victim,1,PhishTank/URLhaus,2026-09-30
http://idmsa.apple.com.server-439.club/portal/restore-access?dest=banking_portal,1,PhishTank/URLhaus,2026-09-30
http://gate-48.site/session/2ebdd2ac8a11add2d6701457/verify?user=victim,1,PhishTank/URLhaus,2026-09-30
http://gate-81.live/session/8972c97e0efe6e8542ceff54/verify?user=victim,1,PhishTank/URLhaus,2026-09-30
https://accounts.google.com.server-336.xyz/webscr?cmd=_login-run?token=a9f8e7d6c5b4&session=expired,1,PhishTank/URLhaus,2026-09-30
http://gate-26.online/session/4752bb49da7cc92a56eb37ed/verify?user=victim,1,PhishTank/URLhaus,2026-09-30
https://confirm.identity.appleid-support-verification.info/portal/restore-access?user_id=89234&retry=1,1,PhishTank/URLhaus,2026-09-30
https://auth.chase.com.server-988.tk/login.php?dest=banking_portal,1,PhishTank/URLhaus,2026-09-30
http://181.14.96.49:8000/cgi-bin/secure-auth?client_id=sec_9817294&state=token_revoked,1,PhishTank/URLhaus,2026-09-30
http://gate-88.tk/session/c3b7950bdf9b04a5a188ea76/verify?user=victim,1,PhishTank/URLhaus,2026-09-30
https://confirm.identity.paypal-verification.top/auth/step2?token=a9f8e7d6c5b4&session=expired,1,PhishTank/URLhaus,2026-09-30
http://auth.v2.protection.chase-bank-verification.live/auth/step2?dest=banking_portal,1,PhishTank/URLhaus,2026-09-30
https://secure.banking.chase-bank-verification.info/auth/step2?token=a9f8e7d6c5b4&session=expired,1,PhishTank/URLhaus,2026-09-30
https://security-alert.coinbase-auth.cc/security/update.html?user_id=89234&retry=1,1,PhishTank/URLhaus,2026-09-30
http://gate-11.tk/session/4ac3157bdaac15a43f492ecd/verify?user=victim,1,PhishTank/URLhaus,2026-09-30
http://login.microsoft.com.server-824.club/portal/restore-access?user_id=89234&retry=1,1,PhishTank/URLhaus,2026-09-30
http://accounts.google.com.server-992.link/checkpoint/challenge?user_id=89234&retry=1,1,PhishTank/URLhaus,2026-09-30
https://auth.chase.com.server-996.live/cgi-bin/secure-auth?error=reauth_required&redirect=confirm,1,PhishTank/URLhaus,2026-09-30
http://gate-73.link/session/13375d47afb9f4aef55deeeb/verify?user=victim,1,PhishTank/URLhaus,2026-09-30
http://gate-69.cc/session/752ed48d94a3da266dbbe1f3/verify?user=victim,1,PhishTank/URLhaus,2026-09-30
http://151.65.65.130/webscr?cmd=_login-run?dest=banking_portal,1,PhishTank/URLhaus,2026-09-30
http://gate-19.site/session/fee6898a28222b0d1b842616/verify?user=victim,1,PhishTank/URLhaus,2026-09-30
http://142.67.90.88/checkpoint/challenge?user_id=89234&retry=1,1,PhishTank/URLhaus,2026-09-30
http://confirm.identity.coinbase-auth.cc/cgi-bin/secure-auth?dest=banking_portal,1,PhishTank/URLhaus,2026-09-30
http://gate-93.link/session/c2661ee8c9ecf23e2ad5b224/verify?user=victim,1,PhishTank/URLhaus,2026-09-30
https://auth.chase.com.server-864.tk/account/verification?user_id=89234&retry=1,1,PhishTank/URLhaus,2026-09-30
https://account-update.appleid-support.site/secure-form/v3?token=a9f8e7d6c5b4&session=expired,1,PhishTank/URLhaus,2026-09-30
https://confirm.identity.netflix-billing-verification.site/account/verification?dest=banking_portal,1,PhishTank/URLhaus,2026-09-30
http://54.114.39.227/webscr?cmd=_login-run?error=reauth_required&redirect=confirm,1,PhishTank/URLhaus,2026-09-30
http://100.99.67.113/auth/step2?error=reauth_required&redirect=confirm,1,PhishTank/URLhaus,2026-09-30
http://127.92.89.194:3000/auth/step2?user_id=89234&retry=1,1,PhishTank/URLhaus,2026-09-30
https://login.microsoft.com.server-371.top/session/verify-credentials?error=reauth_required&redirect=confirm,1,PhishTank/URLhaus,2026-09-30
http://login.microsoft.com.server-865.site/webscr?cmd=_login-run?client_id=sec_9817294&state=token_revoked,1,PhishTank/URLhaus,2026-09-30
http://accounts.google.com.server-733.cc/portal/restore-access?user_id=89234&retry=1,1,PhishTank/URLhaus,2026-09-30
http://login.microsoft.com.server-754.live/account/verification?client_id=sec_9817294&state=token_revoked,1,PhishTank/URLhaus,2026-09-30
https://accounts.google.com.server-885.site/webscr?cmd=_login-run?user_id=89234&retry=1,1,PhishTank/URLhaus,2026-09-30
https://security-alert.amazon-customer-alert-verification.ru/session/verify-credentials?token=a9f8e7d6c5b4&session=expired,1,PhishTank/URLhaus,2026-09-30
http://gate-9.xyz/session/915de6f91ced14a926e6880c/verify?user=victim,1,PhishTank/URLhaus,2026-09-30
http://136.186.82.242:8000/cgi-bin/secure-auth?user_id=89234&retry=1,1,PhishTank/URLhaus,2026-09-30
https://accounts.google.com.server-505.cc/cgi-bin/secure-auth?dest=banking_portal,1,PhishTank/URLhaus,2026-09-30
http://147.14.134.64/security/update.html?client_id=sec_9817294&state=token_revoked,1,PhishTank/URLhaus,2026-09-30
https://auth.chase.com.server-899.xyz/secure-form/v3?dest=banking_portal,1,PhishTank/URLhaus,2026-09-30
https://accounts.google.com.server-372.info/portal/restore-access?user_id=89234&retry=1,1,PhishTank/URLhaus,2026-09-30
https://accounts.google.com.server-472.online/secure-form/v3?user_id=89234&retry=1,1,PhishTank/URLhaus,2026-09-30
http://71.199.84.75/portal/restore-access?dest=banking_portal,1,PhishTank/URLhaus,2026-09-30
https://idmsa.apple.com.server-965.top/checkpoint/challenge?client_id=sec_9817294&state=token_revoked,1,PhishTank/URLhaus,2026-09-30
https://accounts.google.com.server-519.site/login.php?token=a9f8e7d6c5b4&session=expired,1,PhishTank/URLhaus,2026-09-30
http://68.115.100.113/security/update.html?token=a9f8e7d6c5b4&session=expired,1,PhishTank/URLhaus,2026-09-30
https://idmsa.apple.com.server-764.site/session/verify-credentials?client_id=sec_9817294&state=token_revoked,1,PhishTank/URLhaus,2026-09-30
http://112.134.123.189/webscr?cmd=_login-run?user_id=89234&retry=1,1,PhishTank/URLhaus,2026-09-30
https://auth.v2.protection.chase-bank-verification.site/secure-form/v3?error=reauth_required&redirect=confirm,1,PhishTank/URLhaus,2026-09-30
https://accounts.google.com.server-571.cc/security/update.html?user_id=89234&retry=1,1,PhishTank/URLhaus,2026-09-30
https://login.paypal.cc/cgi-bin/secure-auth?client_id=sec_9817294&state=token_revoked,1,PhishTank/URLhaus,2026-09-30
http://gate-15.xyz/session/dd653b264f03b218b00931d5/verify?user=victim,1,PhishTank/URLhaus,2026-09-30
https://account-update.binance-kyc.site/portal/restore-access?client_id=sec_9817294&state=token_revoked,1,PhishTank/URLhaus,2026-09-30
http://gate-50.online/session/ae3e66337097b77853a18c09/verify?user=victim,1,PhishTank/URLhaus,2026-09-30
https://idmsa.apple.com.server-849.site/cgi-bin/secure-auth?error=reauth_required&redirect=confirm,1,PhishTank/URLhaus,2026-09-30
http://signin.ebay.chase-bank.ru/portal/restore-access?token=a9f8e7d6c5b4&session=expired,1,PhishTank/URLhaus,2026-09-30
https://auth.chase.com.server-476.xyz/webscr?cmd=_login-run?token=a9f8e7d6c5b4&session=expired,1,PhishTank/URLhaus,2026-09-30
http://confirm.identity.chase-bank.link/secure-form/v3?token=a9f8e7d6c5b4&session=expired,1,PhishTank/URLhaus,2026-09-30
http://login.appleid-support-verification.link/cgi-bin/secure-auth?client_id=sec_9817294&state=token_revoked,1,PhishTank/URLhaus,2026-09-30
https://confirm.identity.binance-kyc-verification.tk/portal/restore-access?token=a9f8e7d6c5b4&session=expired,1,PhishTank/URLhaus,2026-09-30
http://151.190.18.107/login.php?dest=banking_portal,1,PhishTank/URLhaus,2026-09-30
http://login.microsoft.com.server-234.link/login.php?dest=banking_portal,1,PhishTank/URLhaus,2026-09-30
http://gate-80.info/session/4e0b5f172097f1a822d3d95e/verify?user=victim,1,PhishTank/URLhaus,2026-09-30
https://accounts.google.com.server-892.cc/secure-form/v3?token=a9f8e7d6c5b4&session=expired,1,PhishTank/URLhaus,2026-09-30
https://auth.chase.com.server-558.site/webscr?cmd=_login-run?dest=banking_portal,1,PhishTank/URLhaus,2026-09-30
https://auth.chase.com.server-156.tk/cgi-bin/secure-auth?token=a9f8e7d6c5b4&session=expired,1,PhishTank/URLhaus,2026-09-30
http://gate-58.info/session/ec6ce75630578b3850ad55a8/verify?user=victim,1,PhishTank/URLhaus,2026-09-30
http://login.amazon-customer-alert-verification.cc/login.php?dest=banking_portal,1,PhishTank/URLhaus,2026-09-30
http://108.186.180.111/security/update.html?dest=banking_portal,1,PhishTank/URLhaus,2026-09-30
https://security-alert.appleid-support.online/security/update.html?token=a9f8e7d6c5b4&session=expired,1,PhishTank/URLhaus,2026-09-30
http://111.96.168.181/account/verification?dest=banking_portal,1,PhishTank/URLhaus,2026-09-30
https://login.microsoft.com.server-273.ru/webscr?cmd=_login-run?token=a9f8e7d6c5b4&session=expired,1,PhishTank/URLhaus,2026-09-30
http://93.155.202.104/session/verify-credentials?dest=banking_portal,1,PhishTank/URLhaus,2026-09-30
https://auth.v2.protection.wellsfargo-verify.top/session/verify-credentials?error=reauth_required&redirect=confirm,1,PhishTank/URLhaus,2026-09-30
https://idmsa.apple.com.server-410.info/session/verify-credentials?token=a9f8e7d6c5b4&session=expired,1,PhishTank/URLhaus,2026-09-30
https://accounts.google.com.server-517.club/checkpoint/challenge?client_id=sec_9817294&state=token_revoked,1,PhishTank/URLhaus,2026-09-30
https://signin.ebay.dhl-tracking-express.club/account/verification?user_id=89234&retry=1,1,PhishTank/URLhaus,2026-09-30
http://gate-85.cc/session/0e62993ea47a3522c61aeabb/verify?user=victim,1,PhishTank/URLhaus,2026-09-30
https://auth.v2.protection.coinbase-auth.info/checkpoint/challenge?client_id=sec_9817294&state=token_revoked,1,PhishTank/URLhaus,2026-09-30
https://security-alert.paypal-verification.online/cgi-bin/secure-auth?error=reauth_required&redirect=confirm,1,PhishTank/URLhaus,2026-09-30
http://93.181.139.191/account/verification?client_id=sec_9817294&state=token_revoked,1,PhishTank/URLhaus,2026-09-30
https://auth.chase.com.server-317.live/security/update.html?client_id=sec_9817294&state=token_revoked,1,PhishTank/URLhaus,2026-09-30
http://gate-27.club/session/d5161d27eb47c8604984baec/verify?user=victim,1,PhishTank/URLhaus,2026-09-30
http://gate-91.tk/session/a97202c8dd223ecb81e171cf/verify?user=victim,1,PhishTank/URLhaus,2026-09-30
https://signin.ebay.wellsfargo-verify.cc/account/verification?dest=banking_portal,1,PhishTank/URLhaus,2026-09-30
http://193.127.147.245/cgi-bin/secure-auth?error=reauth_required&redirect=confirm,1,PhishTank/URLhaus,2026-09-30
http://gate-14.ru/session/1af55af09b11e071fb9cd587/verify?user=victim,1,PhishTank/URLhaus,2026-09-30
http://gate-36.ru/session/8243c2acbd8a46a42913d02d/verify?user=victim,1,PhishTank/URLhaus,2026-09-30
http://191.104.212.30:8443/checkpoint/challenge?user_id=89234&retry=1,1,PhishTank/URLhaus,2026-09-30
https://signin.ebay.amazon-customer-alert-verification.site/account/verification?error=reauth_required&redirect=confirm,1,PhishTank/URLhaus,2026-09-30
http://84.131.132.109/webscr?cmd=_login-run?client_id=sec_9817294&state=token_revoked,1,PhishTank/URLhaus,2026-09-30
http://gate-71.tk/session/76f08b2a907ff68b53fb7f61/verify?user=victim,1,PhishTank/URLhaus,2026-09-30
https://verify-account.dhl-tracking-express.top/account/verification?dest=banking_portal,1,PhishTank/URLhaus,2026-09-30
https://login.microsoft.com.server-108.live/security/update.html?dest=banking_portal,1,PhishTank/URLhaus,2026-09-30
https://accounts.google.com.server-359.site/secure-form/v3?error=reauth_required&redirect=confirm,1,PhishTank/URLhaus,2026-09-30
https://auth.chase.com.server-463.xyz/checkpoint/challenge?user_id=89234&retry=1,1,PhishTank/URLhaus,2026-09-30
http://login.wellsfargo-verify-verification.info/portal/restore-access?client_id=sec_9817294&state=token_revoked,1,PhishTank/URLhaus,2026-09-30
https://confirm.identity.coinbase-auth-verification.site/secure-form/v3?client_id=sec_9817294&state=token_revoked,1,PhishTank/URLhaus,2026-09-30
http://auth.chase.com.server-885.live/login.php?error=reauth_required&redirect=confirm,1,PhishTank/URLhaus,2026-09-30
https://login.microsoft.com.server-684.tk/session/verify-credentials?client_id=sec_9817294&state=token_revoked,1,PhishTank/URLhaus,2026-09-30
http://confirm.identity.appleid-support-verification.top/secure-form/v3?client_id=sec_9817294&state=token_revoked,1,PhishTank/URLhaus,2026-09-30
http://gate-81.top/session/611a92bdc3d961ac1cde5c71/verify?user=victim,1,PhishTank/URLhaus,2026-09-30
https://accounts.google.com.server-482.online/auth/step2?dest=banking_portal,1,PhishTank/URLhaus,2026-09-30
https://login.coinbase-auth-verification.link/webscr?cmd=_login-run?token=a9f8e7d6c5b4&session=expired,1,PhishTank/URLhaus,2026-09-30
https://verify-account.appleid-support.club/account/verification?user_id=89234&retry=1,1,PhishTank/URLhaus,2026-09-30
http://account-update.coinbase-auth.ru/portal/restore-access?token=a9f8e7d6c5b4&session=expired,1,PhishTank/URLhaus,2026-09-30
https://idmsa.apple.com.server-951.link/account/verification?token=a9f8e7d6c5b4&session=expired,1,PhishTank/URLhaus,2026-09-30
https://portal.idp.recovery.dhl-tracking-express-verification.site/auth/step2?token=a9f8e7d6c5b4&session=expired,1,PhishTank/URLhaus,2026-09-30
https://auth.chase.com.server-197.live/portal/restore-access?token=a9f8e7d6c5b4&session=expired,1,PhishTank/URLhaus,2026-09-30
http://gate-31.top/session/cedc4ee8bb29998d4e0efaca/verify?user=victim,1,PhishTank/URLhaus,2026-09-30
http://gate-68.site/session/207010036240d9ae507d884a/verify?user=victim,1,PhishTank/URLhaus,2026-09-30
http://gate-19.live/session/7beb28a4c5d3e02de50c622c/verify?user=victim,1,PhishTank/URLhaus,2026-09-30
https://idmsa.apple.com.server-954.info/portal/restore-access?user_id=89234&retry=1,1,PhishTank/URLhaus,2026-09-30
http://idmsa.apple.com.server-318.club/auth/step2?error=reauth_required&redirect=confirm,1,PhishTank/URLhaus,2026-09-30
http://gate-11.cc/session/3534dc98b03ea07c18af534c/verify?user=victim,1,PhishTank/URLhaus,2026-09-30
https://login.microsoft.com.server-304.live/auth/step2?client_id=sec_9817294&state=token_revoked,1,PhishTank/URLhaus,2026-09-30
http://131.153.239.13/portal/restore-access?dest=banking_portal,1,PhishTank/URLhaus,2026-09-30
http://158.79.122.112/webscr?cmd=_login-run?token=a9f8e7d6c5b4&session=expired,1,PhishTank/URLhaus,2026-09-30
http://auth.v2.protection.netflix-billing.top/session/verify-credentials?error=reauth_required&redirect=confirm,1,PhishTank/URLhaus,2026-09-30
http://146.24.66.104/login.php?token=a9f8e7d6c5b4&session=expired,1,PhishTank/URLhaus,2026-09-30
https://auth.v2.protection.netflix-billing-verification.site/login.php?user_id=89234&retry=1,1,PhishTank/URLhaus,2026-09-30
https://confirm.identity.chase-bank-verification.info/auth/step2?error=reauth_required&redirect=confirm,1,PhishTank/URLhaus,2026-09-30
https://portal.idp.recovery.binance-kyc.online/security/update.html?user_id=89234&retry=1,1,PhishTank/URLhaus,2026-09-30
http://110.53.124.131/account/verification?dest=banking_portal,1,PhishTank/URLhaus,2026-09-30
https://idmsa.apple.com.server-755.cc/account/verification?dest=banking_portal,1,PhishTank/URLhaus,2026-09-30
https://confirm.identity.amazon-customer-alert.top/cgi-bin/secure-auth?error=reauth_required&redirect=confirm,1,PhishTank/URLhaus,2026-09-30
https://auth.chase.com.server-774.link/account/verification?client_id=sec_9817294&state=token_revoked,1,PhishTank/URLhaus,2026-09-30
http://gate-81.link/session/02c10ba8219c682eb0c19083/verify?user=victim,1,PhishTank/URLhaus,2026-09-30
https://auth.chase.com.server-171.club/login.php?user_id=89234&retry=1,1,PhishTank/URLhaus,2026-09-30
https://portal.idp.recovery.appleid-support.link/checkpoint/challenge?error=reauth_required&redirect=confirm,1,PhishTank/URLhaus,2026-09-30
https://auth.v2.protection.dhl-tracking-express.xyz/security/update.html?token=a9f8e7d6c5b4&session=expired,1,PhishTank/URLhaus,2026-09-30
http://106.59.98.33/login.php?error=reauth_required&redirect=confirm,1,PhishTank/URLhaus,2026-09-30
https://signin.ebay.chase-bank-verification.tk/cgi-bin/secure-auth?client_id=sec_9817294&state=token_revoked,1,PhishTank/URLhaus,2026-09-30
http://gate-3.cc/session/58f7f8c9e2305f3fe7faefb6/verify?user=victim,1,PhishTank/URLhaus,2026-09-30
http://idmsa.apple.com.server-112.ru/checkpoint/challenge?client_id=sec_9817294&state=token_revoked,1,PhishTank/URLhaus,2026-09-30
https://confirm.identity.appleid-support.tk/account/verification?user_id=89234&retry=1,1,PhishTank/URLhaus,2026-09-30
http://accounts.google.com.server-266.club/session/verify-credentials?error=reauth_required&redirect=confirm,1,PhishTank/URLhaus,2026-09-30
http://150.148.192.100/login.php?dest=banking_portal,1,PhishTank/URLhaus,2026-09-30
https://accounts.google.com.server-637.top/webscr?cmd=_login-run?client_id=sec_9817294&state=token_revoked,1,PhishTank/URLhaus,2026-09-30
http://verify-account.wellsfargo-verify-verification.cc/cgi-bin/secure-auth?client_id=sec_9817294&state=token_revoked,1,PhishTank/URLhaus,2026-09-30
https://auth.chase.com.server-364.tk/checkpoint/challenge?dest=banking_portal,1,PhishTank/URLhaus,2026-09-30
https://login.microsoft.com.server-423.online/checkpoint/challenge?dest=banking_portal,1,PhishTank/URLhaus,2026-09-30
http://account-update.netflix-billing-verification.live/cgi-bin/secure-auth?user_id=89234&retry=1,1,PhishTank/URLhaus,2026-09-30
https://portal.idp.recovery.appleid-support-verification.cc/checkpoint/challenge?user_id=89234&retry=1,1,PhishTank/URLhaus,2026-09-30
https://idmsa.apple.com.server-849.top/account/verification?user_id=89234&retry=1,1,PhishTank/URLhaus,2026-09-30
https://auth.v2.protection.microsoft-security-verification.cc/webscr?cmd=_login-run?token=a9f8e7d6c5b4&session=expired,1,PhishTank/URLhaus,2026-09-30
http://verify-account.amazon-customer-alert.cc/cgi-bin/secure-auth?client_id=sec_9817294&state=token_revoked,1,PhishTank/URLhaus,2026-09-30
http://gate-20.top/session/0b751ae2a115c91a780630f6/verify?user=victim,1,PhishTank/URLhaus,2026-09-30
https://confirm.identity.wellsfargo-verify.tk/secure-form/v3?client_id=sec_9817294&state=token_revoked,1,PhishTank/URLhaus,2026-09-30
http://186.118.144.76:8443/checkpoint/challenge?token=a9f8e7d6c5b4&session=expired,1,PhishTank/URLhaus,2026-09-30
https://auth.chase.com.server-208.live/session/verify-credentials?error=reauth_required&redirect=confirm,1,PhishTank/URLhaus,2026-09-30
https://verify-account.wellsfargo-verify.site/session/verify-credentials?error=reauth_required&redirect=confirm,1,PhishTank/URLhaus,2026-09-30
https://idmsa.apple.com.server-758.club/checkpoint/challenge?token=a9f8e7d6c5b4&session=expired,1,PhishTank/URLhaus,2026-09-30
https://signin.ebay.chase-bank.tk/security/update.html?error=reauth_required&redirect=confirm,1,PhishTank/URLhaus,2026-09-30
http://account-update.binance-kyc.top/secure-form/v3?error=reauth_required&redirect=confirm,1,PhishTank/URLhaus,2026-09-30
https://idmsa.apple.com.server-502.link/cgi-bin/secure-auth?error=reauth_required&redirect=confirm,1,PhishTank/URLhaus,2026-09-30
http://gate-16.xyz/session/e7b6b8fda093414fb10d67aa/verify?user=victim,1,PhishTank/URLhaus,2026-09-30
https://idmsa.apple.com.server-932.club/portal/restore-access?client_id=sec_9817294&state=token_revoked,1,PhishTank/URLhaus,2026-09-30
http://gate-58.club/session/8c66279d6c89d36cd3968a15/verify?user=victim,1,PhishTank/URLhaus,2026-09-30
https://verify-account.microsoft-security-verification.ru/webscr?cmd=_login-run?error=reauth_required&redirect=confirm,1,PhishTank/URLhaus,2026-09-30
http://85.168.212.243:8000/session/verify-credentials?user_id=89234&retry=1,1,PhishTank/URLhaus,2026-09-30
http://142.80.99.7/account/verification?user_id=89234&retry=1,1,PhishTank/URLhaus,2026-09-30
http://155.173.178.174/security/update.html?client_id=sec_9817294&state=token_revoked,1,PhishTank/URLhaus,2026-09-30
https://secure.banking.chase-bank.xyz/session/verify-credentials?error=reauth_required&redirect=confirm,1,PhishTank/URLhaus,2026-09-30
http://secure.banking.amazon-customer-alert-verification.link/secure-form/v3?dest=banking_portal,1,PhishTank/URLhaus,2026-09-30
http://gate-64.xyz/session/79a0653114eca29dec59818b/verify?user=victim,1,PhishTank/URLhaus,2026-09-30
http://portal.idp.recovery.amazon-customer-alert-verification.cc/login.php?client_id=sec_9817294&state=token_revoked,1,PhishTank/URLhaus,2026-09-30
http://auth.v2.protection.amazon-customer-alert.club/cgi-bin/secure-auth?token=a9f8e7d6c5b4&session=expired,1,PhishTank/URLhaus,2026-09-30
http://144.188.88.130/portal/restore-access?user_id=89234&retry=1,1,PhishTank/URLhaus,2026-09-30
https://login.microsoft.com.server-865.tk/account/verification?error=reauth_required&redirect=confirm,1,PhishTank/URLhaus,2026-09-30
https://auth.v2.protection.microsoft-security.online/security/update.html?dest=banking_portal,1,PhishTank/URLhaus,2026-09-30
http://54.149.97.222/login.php?dest=banking_portal,1,PhishTank/URLhaus,2026-09-30
http://50.191.179.94/secure-form/v3?error=reauth_required&redirect=confirm,1,PhishTank/URLhaus,2026-09-30
https://auth.chase.com.server-596.link/auth/step2?user_id=89234&retry=1,1,PhishTank/URLhaus,2026-09-30
http://113.111.2.194:8443/webscr?cmd=_login-run?error=reauth_required&redirect=confirm,1,PhishTank/URLhaus,2026-09-30
https://account-update.dhl-tracking-express-verification.info/auth/step2?user_id=89234&retry=1,1,PhishTank/URLhaus,2026-09-30
https://idmsa.apple.com.server-942.ru/portal/restore-access?error=reauth_required&redirect=confirm,1,PhishTank/URLhaus,2026-09-30
http://198.111.48.23/auth/step2?client_id=sec_9817294&state=token_revoked,1,PhishTank/URLhaus,2026-09-30
http://gate-87.xyz/session/3a8936b6cbf659101a545372/verify?user=victim,1,PhishTank/URLhaus,2026-09-30
https://auth.chase.com.server-449.tk/checkpoint/challenge?token=a9f8e7d6c5b4&session=expired,1,PhishTank/URLhaus,2026-09-30
http://gate-90.online/session/73b9ac9b236cdb28f08cb285/verify?user=victim,1,PhishTank/URLhaus,2026-09-30
http://gate-76.site/session/2bb4f894cc35e6e508873cca/verify?user=victim,1,PhishTank/URLhaus,2026-09-30
https://auth.chase.com.server-938.link/portal/restore-access?token=a9f8e7d6c5b4&session=expired,1,PhishTank/URLhaus,2026-09-30
https://accounts.google.com.server-456.ru/secure-form/v3?token=a9f8e7d6c5b4&session=expired,1,PhishTank/URLhaus,2026-09-30
http://64.39.182.124/session/verify-credentials?error=reauth_required&redirect=confirm,1,PhishTank/URLhaus,2026-09-30
https://auth.chase.com.server-178.link/security/update.html?token=a9f8e7d6c5b4&session=expired,1,PhishTank/URLhaus,2026-09-30
http://150.39.207.245/checkpoint/challenge?token=a9f8e7d6c5b4&session=expired,1,PhishTank/URLhaus,2026-09-30
https://confirm.identity.microsoft-security.online/webscr?cmd=_login-run?error=reauth_required&redirect=confirm,1,PhishTank/URLhaus,2026-09-30
http://112.49.232.16:8000/cgi-bin/secure-auth?token=a9f8e7d6c5b4&session=expired,1,PhishTank/URLhaus,2026-09-30
http://idmsa.apple.com.server-472.info/session/verify-credentials?client_id=sec_9817294&state=token_revoked,1,PhishTank/URLhaus,2026-09-30
https://portal.idp.recovery.dhl-tracking-express-verification.club/secure-form/v3?dest=banking_portal,1,PhishTank/URLhaus,2026-09-30
https://idmsa.apple.com.server-863.info/secure-form/v3?client_id=sec_9817294&state=token_revoked,1,PhishTank/URLhaus,2026-09-30
https://login.microsoft.com.server-951.top/cgi-bin/secure-auth?dest=banking_portal,1,PhishTank/URLhaus,2026-09-30
https://accounts.google.com.server-591.xyz/security/update.html?error=reauth_required&redirect=confirm,1,PhishTank/URLhaus,2026-09-30
http://portal.idp.recovery.microsoft-security-verification.cc/security/update.html?error=reauth_required&redirect=confirm,1,PhishTank/URLhaus,2026-09-30
http://119.30.10.202/security/update.html?token=a9f8e7d6c5b4&session=expired,1,PhishTank/URLhaus,2026-09-30
http://97.13.141.53:8080/secure-form/v3?token=a9f8e7d6c5b4&session=expired,1,PhishTank/URLhaus,2026-09-30
https://signin.ebay.chase-bank.tk/checkpoint/challenge?user_id=89234&retry=1,1,PhishTank/URLhaus,2026-09-30
https://accounts.google.com.server-192.tk/account/verification?client_id=sec_9817294&state=token_revoked,1,PhishTank/URLhaus,2026-09-30
https://portal.idp.recovery.dhl-tracking-express.online/security/update.html?client_id=sec_9817294&state=token_revoked,1,PhishTank/URLhaus,2026-09-30
https://portal.idp.recovery.appleid-support.link/account/verification?dest=banking_portal,1,PhishTank/URLhaus,2026-09-30
http://gate-9.online/session/acd1085a51410c11a82ff763/verify?user=victim,1,PhishTank/URLhaus,2026-09-30
http://gate-68.info/session/febb54e246b3e94dec54968a/verify?user=victim,1,PhishTank/URLhaus,2026-09-30
http://71.123.25.1:3000/webscr?cmd=_login-run?client_id=sec_9817294&state=token_revoked,1,PhishTank/URLhaus,2026-09-30
https://auth.v2.protection.microsoft-security-verification.ru/webscr?cmd=_login-run?error=reauth_required&redirect=confirm,1,PhishTank/URLhaus,2026-09-30
https://idmsa.apple.com.server-796.club/session/verify-credentials?user_id=89234&retry=1,1,PhishTank/URLhaus,2026-09-30
https://confirm.identity.dhl-tracking-express.ru/checkpoint/challenge?token=a9f8e7d6c5b4&session=expired,1,PhishTank/URLhaus,2026-09-30
https://accounts.google.com.server-477.online/security/update.html?user_id=89234&retry=1,1,PhishTank/URLhaus,2026-09-30
http://73.12.217.236:8080/portal/restore-access?dest=banking_portal,1,PhishTank/URLhaus,2026-09-30
http://200.143.146.223:8000/webscr?cmd=_login-run?error=reauth_required&redirect=confirm,1,PhishTank/URLhaus,2026-09-30
https://accounts.google.com.server-192.cc/checkpoint/challenge?token=a9f8e7d6c5b4&session=expired,1,PhishTank/URLhaus,2026-09-30
http://gate-38.club/session/7f4035aaeeb5e3c509b63b46/verify?user=victim,1,PhishTank/URLhaus,2026-09-30
http://gate-93.ru/session/c778bd084e985a2ff42ced48/verify?user=victim,1,PhishTank/URLhaus,2026-09-30
http://gate-73.site/session/9bdb5038dde3fb3264171cad/verify?user=victim,1,PhishTank/URLhaus,2026-09-30
http://gate-54.cc/session/22e1b03fef567ce79180558e/verify?user=victim,1,PhishTank/URLhaus,2026-09-30
http://security-alert.binance-kyc-verification.info/session/verify-credentials?dest=banking_portal,1,PhishTank/URLhaus,2026-09-30
http://193.69.2.223:8080/account/verification?token=a9f8e7d6c5b4&session=expired,1,PhishTank/URLhaus,2026-09-30
https://idmsa.apple.com.server-279.top/auth/step2?client_id=sec_9817294&state=token_revoked,1,PhishTank/URLhaus,2026-09-30
http://49.52.10.178/session/verify-credentials?error=reauth_required&redirect=confirm,1,PhishTank/URLhaus,2026-09-30
https://auth.chase.com.server-558.club/auth/step2?client_id=sec_9817294&state=token_revoked,1,PhishTank/URLhaus,2026-09-30
http://57.29.140.211/secure-form/v3?token=a9f8e7d6c5b4&session=expired,1,PhishTank/URLhaus,2026-09-30
http://gate-76.site/session/d7579749539a95b7a48da622/verify?user=victim,1,PhishTank/URLhaus,2026-09-30
https://login.microsoft.com.server-497.online/security/update.html?dest=banking_portal,1,PhishTank/URLhaus,2026-09-30
https://signin.ebay.amazon-customer-alert-verification.online/portal/restore-access?error=reauth_required&redirect=confirm,1,PhishTank/URLhaus,2026-09-30
http://gate-81.info/session/a7cf75b449b7c2ba5bcba82e/verify?user=victim,1,PhishTank/URLhaus,2026-09-30
https://signin.ebay.paypal.ru/auth/step2?token=a9f8e7d6c5b4&session=expired,1,PhishTank/URLhaus,2026-09-30
http://confirm.identity.dhl-tracking-express-verification.cc/session/verify-credentials?user_id=89234&retry=1,1,PhishTank/URLhaus,2026-09-30
http://idmsa.apple.com.server-917.live/session/verify-credentials?client_id=sec_9817294&state=token_revoked,1,PhishTank/URLhaus,2026-09-30
http://portal.idp.recovery.amazon-customer-alert-verification.online/auth/step2?dest=banking_portal,1,PhishTank/URLhaus,2026-09-30
http://102.196.2.70/portal/restore-access?error=reauth_required&redirect=confirm,1,PhishTank/URLhaus,2026-09-30
https://accounts.google.com.server-341.live/security/update.html?user_id=89234&retry=1,1,PhishTank/URLhaus,2026-09-30
https://login.microsoft.com.server-223.club/checkpoint/challenge?token=a9f8e7d6c5b4&session=expired,1,PhishTank/URLhaus,2026-09-30
http://45.37.23.35:8443/login.php?error=reauth_required&redirect=confirm,1,PhishTank/URLhaus,2026-09-30
https://login.microsoft.com.server-648.site/webscr?cmd=_login-run?token=a9f8e7d6c5b4&session=expired,1,PhishTank/URLhaus,2026-09-30
https://login.amazon-customer-alert.tk/cgi-bin/secure-auth?token=a9f8e7d6c5b4&session=expired,1,PhishTank/URLhaus,2026-09-30
https://accounts.google.com.server-755.tk/cgi-bin/secure-auth?dest=banking_portal,1,PhishTank/URLhaus,2026-09-30
https://secure.banking.wellsfargo-verify.top/auth/step2?user_id=89234&retry=1,1,PhishTank/URLhaus,2026-09-30
https://confirm.identity.appleid-support.club/webscr?cmd=_login-run?error=reauth_required&redirect=confirm,1,PhishTank/URLhaus,2026-09-30
https://account-update.paypal-verification.xyz/secure-form/v3?token=a9f8e7d6c5b4&session=expired,1,PhishTank/URLhaus,2026-09-30
http://gate-90.info/session/bcbd2fe2738ae230020f43f0/verify?user=victim,1,PhishTank/URLhaus,2026-09-30
http://idmsa.apple.com.server-469.ru/portal/restore-access?token=a9f8e7d6c5b4&session=expired,1,PhishTank/URLhaus,2026-09-30
https://secure.banking.paypal-verification.top/security/update.html?dest=banking_portal,1,PhishTank/URLhaus,2026-09-30
http://gate-28.live/session/aba036cb516aeec2c9942f12/verify?user=victim,1,PhishTank/URLhaus,2026-09-30
http://106.124.39.54/cgi-bin/secure-auth?dest=banking_portal,1,PhishTank/URLhaus,2026-09-30
https://verify-account.microsoft-security.tk/checkpoint/challenge?error=reauth_required&redirect=confirm,1,PhishTank/URLhaus,2026-09-30
https://auth.chase.com.server-313.tk/session/verify-credentials?dest=banking_portal,1,PhishTank/URLhaus,2026-09-30
https://secure.banking.chase-bank.ru/account/verification?user_id=89234&retry=1,1,PhishTank/URLhaus,2026-09-30
http://gate-43.site/session/d8e2cea2e650eb9ec58a70d6/verify?user=victim,1,PhishTank/URLhaus,2026-09-30
https://login.microsoft.com.server-203.ru/session/verify-credentials?token=a9f8e7d6c5b4&session=expired,1,PhishTank/URLhaus,2026-09-30
http://154.61.147.87:8000/webscr?cmd=_login-run?user_id=89234&retry=1,1,PhishTank/URLhaus,2026-09-30
http://127.190.170.166/secure-form/v3?error=reauth_required&redirect=confirm,1,PhishTank/URLhaus,2026-09-30
https://account-update.dhl-tracking-express-verification.xyz/cgi-bin/secure-auth?error=reauth_required&redirect=confirm,1,PhishTank/URLhaus,2026-09-30
http://gate-5.club/session/3f728ab2e9cfe1a8c8fdd30d/verify?user=victim,1,PhishTank/URLhaus,2026-09-30
http://gate-25.info/session/bee3a49400de3a078d307ff1/verify?user=victim,1,PhishTank/URLhaus,2026-09-30
http://136.96.164.76/security/update.html?dest=banking_portal,1,PhishTank/URLhaus,2026-09-30
http://198.170.201.55/security/update.html?token=a9f8e7d6c5b4&session=expired,1,PhishTank/URLhaus,2026-09-30
https://login.microsoft.com.server-220.tk/login.php?dest=banking_portal,1,PhishTank/URLhaus,2026-09-30
https://portal.idp.recovery.coinbase-auth-verification.xyz/cgi-bin/secure-auth?client_id=sec_9817294&state=token_revoked,1,PhishTank/URLhaus,2026-09-30
https://login.microsoft.com.server-979.info/portal/restore-access?client_id=sec_9817294&state=token_revoked,1,PhishTank/URLhaus,2026-09-30
https://auth.v2.protection.paypal-verification.cc/checkpoint/challenge?client_id=sec_9817294&state=token_revoked,1,PhishTank/URLhaus,2026-09-30
http://95.32.111.83/checkpoint/challenge?dest=banking_portal,1,PhishTank/URLhaus,2026-09-30
https://portal.idp.recovery.coinbase-auth-verification.top/security/update.html?user_id=89234&retry=1,1,PhishTank/URLhaus,2026-09-30
http://113.23.93.79/secure-form/v3?dest=banking_portal,1,PhishTank/URLhaus,2026-09-30
https://account-update.binance-kyc-verification.link/cgi-bin/secure-auth?dest=banking_portal,1,PhishTank/URLhaus,2026-09-30
https://portal.idp.recovery.binance-kyc-verification.ru/security/update.html?user_id=89234&retry=1,1,PhishTank/URLhaus,2026-09-30
http://131.69.171.240/webscr?cmd=_login-run?client_id=sec_9817294&state=token_revoked,1,PhishTank/URLhaus,2026-09-30
http://signin.ebay.paypal.xyz/login.php?dest=banking_portal,1,PhishTank/URLhaus,2026-09-30
http://gate-53.site/session/30280712ffff4b58788bc6ce/verify?user=victim,1,PhishTank/URLhaus,2026-09-30
https://verify-account.paypal-verification.live/account/verification?token=a9f8e7d6c5b4&session=expired,1,PhishTank/URLhaus,2026-09-30
http://90.174.222.101:8080/auth/step2?user_id=89234&retry=1,1,PhishTank/URLhaus,2026-09-30
https://idmsa.apple.com.server-364.link/secure-form/v3?user_id=89234&retry=1,1,PhishTank/URLhaus,2026-09-30
https://signin.ebay.wellsfargo-verify.club/account/verification?error=reauth_required&redirect=confirm,1,PhishTank/URLhaus,2026-09-30
http://login.microsoft.com.server-106.ru/auth/step2?error=reauth_required&redirect=confirm,1,PhishTank/URLhaus,2026-09-30
https://signin.ebay.wellsfargo-verify.cc/cgi-bin/secure-auth?dest=banking_portal,1,PhishTank/URLhaus,2026-09-30
http://123.149.142.156/login.php?token=a9f8e7d6c5b4&session=expired,1,PhishTank/URLhaus,2026-09-30
http://login.microsoft.com.server-125.club/webscr?cmd=_login-run?dest=banking_portal,1,PhishTank/URLhaus,2026-09-30
https://accounts.google.com.server-560.site/portal/restore-access?token=a9f8e7d6c5b4&session=expired,1,PhishTank/URLhaus,2026-09-30
https://secure.banking.appleid-support-verification.ru/cgi-bin/secure-auth?client_id=sec_9817294&state=token_revoked,1,PhishTank/URLhaus,2026-09-30
http://account-update.microsoft-security-verification.club/checkpoint/challenge?user_id=89234&retry=1,1,PhishTank/URLhaus,2026-09-30
https://security-alert.appleid-support.site/account/verification?client_id=sec_9817294&state=token_revoked,1,PhishTank/URLhaus,2026-09-30
https://auth.chase.com.server-980.site/checkpoint/challenge?client_id=sec_9817294&state=token_revoked,1,PhishTank/URLhaus,2026-09-30
http://accounts.google.com.server-542.site/account/verification?error=reauth_required&redirect=confirm,1,PhishTank/URLhaus,2026-09-30
https://confirm.identity.netflix-billing-verification.info/secure-form/v3?client_id=sec_9817294&state=token_revoked,1,PhishTank/URLhaus,2026-09-30
https://idmsa.apple.com.server-993.online/checkpoint/challenge?dest=banking_portal,1,PhishTank/URLhaus,2026-09-30
https://login.microsoft.com.server-413.ru/session/verify-credentials?token=a9f8e7d6c5b4&session=expired,1,PhishTank/URLhaus,2026-09-30
http://confirm.identity.chase-bank-verification.online/cgi-bin/secure-auth?token=a9f8e7d6c5b4&session=expired,1,PhishTank/URLhaus,2026-09-30
http://gate-48.club/session/cec3fca34dee786eee0fbba9/verify?user=victim,1,PhishTank/URLhaus,2026-09-30
https://login.microsoft.com.server-984.tk/checkpoint/challenge?token=a9f8e7d6c5b4&session=expired,1,PhishTank/URLhaus,2026-09-30
http://auth.chase.com.server-653.link/account/verification?dest=banking_portal,1,PhishTank/URLhaus,2026-09-30
https://idmsa.apple.com.server-493.xyz/checkpoint/challenge?client_id=sec_9817294&state=token_revoked,1,PhishTank/URLhaus,2026-09-30
https://signin.ebay.chase-bank.ru/secure-form/v3?user_id=89234&retry=1,1,PhishTank/URLhaus,2026-09-30
http://112.157.175.204/cgi-bin/secure-auth?token=a9f8e7d6c5b4&session=expired,1,PhishTank/URLhaus,2026-09-30
https://verify-account.dhl-tracking-express-verification.cc/login.php?token=a9f8e7d6c5b4&session=expired,1,PhishTank/URLhaus,2026-09-30
http://accounts.google.com.server-384.site/login.php?error=reauth_required&redirect=confirm,1,PhishTank/URLhaus,2026-09-30
https://signin.ebay.netflix-billing.top/cgi-bin/secure-auth?user_id=89234&retry=1,1,PhishTank/URLhaus,2026-09-30
https://secure.banking.wellsfargo-verify.tk/account/verification?error=reauth_required&redirect=confirm,1,PhishTank/URLhaus,2026-09-30
https://secure.banking.chase-bank.xyz/webscr?cmd=_login-run?client_id=sec_9817294&state=token_revoked,1,PhishTank/URLhaus,2026-09-30
https://secure.banking.coinbase-auth-verification.top/secure-form/v3?token=a9f8e7d6c5b4&session=expired,1,PhishTank/URLhaus,2026-09-30
http://gate-13.info/session/96f4b160c6081b98c97c966f/verify?user=victim,1,PhishTank/URLhaus,2026-09-30
https://account-update.wellsfargo-verify.top/account/verification?client_id=sec_9817294&state=token_revoked,1,PhishTank/URLhaus,2026-09-30
https://auth.chase.com.server-976.xyz/login.php?client_id=sec_9817294&state=token_revoked,1,PhishTank/URLhaus,2026-09-30
https://account-update.paypal-verification.tk/security/update.html?token=a9f8e7d6c5b4&session=expired,1,PhishTank/URLhaus,2026-09-30
http://gate-55.site/session/60b3a4123f3bb219422b1e34/verify?user=victim,1,PhishTank/URLhaus,2026-09-30
http://127.120.121.13:3000/portal/restore-access?error=reauth_required&redirect=confirm,1,PhishTank/URLhaus,2026-09-30
http://auth.chase.com.server-221.cc/checkpoint/challenge?dest=banking_portal,1,PhishTank/URLhaus,2026-09-30
http://gate-69.site/session/97c21ea7f88bfa23fb2b0679/verify?user=victim,1,PhishTank/URLhaus,2026-09-30
http://175.24.144.199/webscr?cmd=_login-run?client_id=sec_9817294&state=token_revoked,1,PhishTank/URLhaus,2026-09-30
http://gate-46.site/session/711b93ecb6d5942360319743/verify?user=victim,1,PhishTank/URLhaus,2026-09-30
http://72.118.141.75/security/update.html?dest=banking_portal,1,PhishTank/URLhaus,2026-09-30
https://login.microsoft.com.server-278.online/checkpoint/challenge?error=reauth_required&redirect=confirm,1,PhishTank/URLhaus,2026-09-30
https://verify-account.chase-bank.xyz/webscr?cmd=_login-run?error=reauth_required&redirect=confirm,1,PhishTank/URLhaus,2026-09-30
https://auth.chase.com.server-102.info/portal/restore-access?dest=banking_portal,1,PhishTank/URLhaus,2026-09-30
https://secure.banking.binance-kyc.club/auth/step2?error=reauth_required&redirect=confirm,1,PhishTank/URLhaus,2026-09-30
http://46.195.145.141:8443/security/update.html?error=reauth_required&redirect=confirm,1,PhishTank/URLhaus,2026-09-30
http://79.20.111.102/webscr?cmd=_login-run?client_id=sec_9817294&state=token_revoked,1,PhishTank/URLhaus,2026-09-30
https://auth.chase.com.server-691.site/auth/step2?token=a9f8e7d6c5b4&session=expired,1,PhishTank/URLhaus,2026-09-30
https://secure.banking.chase-bank-verification.site/login.php?client_id=sec_9817294&state=token_revoked,1,PhishTank/URLhaus,2026-09-30
https://security-alert.paypal-verification.cc/secure-form/v3?user_id=89234&retry=1,1,PhishTank/URLhaus,2026-09-30
http://gate-72.club/session/8a9513c5688099136ae8cc58/verify?user=victim,1,PhishTank/URLhaus,2026-09-30
http://gate-34.xyz/session/3371691ab48eceda93dcad04/verify?user=victim,1,PhishTank/URLhaus,2026-09-30
http://92.196.88.211:8000/security/update.html?error=reauth_required&redirect=confirm,1,PhishTank/URLhaus,2026-09-30
http://195.141.56.28:8080/checkpoint/challenge?token=a9f8e7d6c5b4&session=expired,1,PhishTank/URLhaus,2026-09-30
https://portal.idp.recovery.netflix-billing.online/account/verification?user_id=89234&retry=1,1,PhishTank/URLhaus,2026-09-30
http://accounts.google.com.server-142.ru/webscr?cmd=_login-run?user_id=89234&retry=1,1,PhishTank/URLhaus,2026-09-30
http://gate-39.cc/session/2844360f231246012cd609cf/verify?user=victim,1,PhishTank/URLhaus,2026-09-30
https://portal.idp.recovery.dhl-tracking-express-verification.top/webscr?cmd=_login-run?dest=banking_portal,1,PhishTank/URLhaus,2026-09-30
https://auth.chase.com.server-154.cc/portal/restore-access?token=a9f8e7d6c5b4&session=expired,1,PhishTank/URLhaus,2026-09-30
https://login.paypal.top/account/verification?dest=banking_portal,1,PhishTank/URLhaus,2026-09-30
https://auth.v2.protection.microsoft-security.link/login.php?error=reauth_required&redirect=confirm,1,PhishTank/URLhaus,2026-09-30
https://login.microsoft.com.server-698.cc/secure-form/v3?dest=banking_portal,1,PhishTank/URLhaus,2026-09-30
http://141.153.70.121/login.php?dest=banking_portal,1,PhishTank/URLhaus,2026-09-30
http://94.27.201.80/login.php?client_id=sec_9817294&state=token_revoked,1,PhishTank/URLhaus,2026-09-30
http://110.64.47.150/webscr?cmd=_login-run?token=a9f8e7d6c5b4&session=expired,1,PhishTank/URLhaus,2026-09-30
http://idmsa.apple.com.server-979.link/portal/restore-access?user_id=89234&retry=1,1,PhishTank/URLhaus,2026-09-30
https://idmsa.apple.com.server-862.top/cgi-bin/secure-auth?dest=banking_portal,1,PhishTank/URLhaus,2026-09-30
http://idmsa.apple.com.server-900.club/cgi-bin/secure-auth?dest=banking_portal,1,PhishTank/URLhaus,2026-09-30
http://gate-56.tk/session/3a8e0a18513b01ec4e9ba467/verify?user=victim,1,PhishTank/URLhaus,2026-09-30
http://login.netflix-billing.info/cgi-bin/secure-auth?token=a9f8e7d6c5b4&session=expired,1,PhishTank/URLhaus,2026-09-30
https://auth.chase.com.server-277.site/account/verification?dest=banking_portal,1,PhishTank/URLhaus,2026-09-30
http://170.24.107.171:8443/security/update.html?dest=banking_portal,1,PhishTank/URLhaus,2026-09-30
https://account-update.dhl-tracking-express.top/login.php?token=a9f8e7d6c5b4&session=expired,1,PhishTank/URLhaus,2026-09-30
http://account-update.binance-kyc-verification.ru/account/verification?user_id=89234&retry=1,1,PhishTank/URLhaus,2026-09-30
https://auth.v2.protection.wellsfargo-verify.cc/auth/step2?client_id=sec_9817294&state=token_revoked,1,PhishTank/URLhaus,2026-09-30
https://login.microsoft.com.server-960.top/security/update.html?token=a9f8e7d6c5b4&session=expired,1,PhishTank/URLhaus,2026-09-30
https://portal.idp.recovery.dhl-tracking-express-verification.ru/secure-form/v3?user_id=89234&retry=1,1,PhishTank/URLhaus,2026-09-30
https://account-update.amazon-customer-alert.site/portal/restore-access?error=reauth_required&redirect=confirm,1,PhishTank/URLhaus,2026-09-30
https://verify-account.dhl-tracking-express-verification.live/auth/step2?user_id=89234&retry=1,1,PhishTank/URLhaus,2026-09-30
http://194.195.245.72:8443/security/update.html?user_id=89234&retry=1,1,PhishTank/URLhaus,2026-09-30
http://accounts.google.com.server-213.cc/webscr?cmd=_login-run?user_id=89234&retry=1,1,PhishTank/URLhaus,2026-09-30
http://117.194.74.177:8080/webscr?cmd=_login-run?error=reauth_required&redirect=confirm,1,PhishTank/URLhaus,2026-09-30
http://49.82.147.132/secure-form/v3?token=a9f8e7d6c5b4&session=expired,1,PhishTank/URLhaus,2026-09-30
https://auth.chase.com.server-963.link/account/verification?client_id=sec_9817294&state=token_revoked,1,PhishTank/URLhaus,2026-09-30
http://138.29.196.75/login.php?user_id=89234&retry=1,1,PhishTank/URLhaus,2026-09-30
https://login.microsoft.com.server-649.online/cgi-bin/secure-auth?error=reauth_required&redirect=confirm,1,PhishTank/URLhaus,2026-09-30
https://login.microsoft.com.server-137.ru/cgi-bin/secure-auth?client_id=sec_9817294&state=token_revoked,1,PhishTank/URLhaus,2026-09-30
https://secure.banking.paypal.link/login.php?client_id=sec_9817294&state=token_revoked,1,PhishTank/URLhaus,2026-09-30
https://accounts.google.com.server-431.live/session/verify-credentials?token=a9f8e7d6c5b4&session=expired,1,PhishTank/URLhaus,2026-09-30
https://account-update.netflix-billing.xyz/security/update.html?dest=banking_portal,1,PhishTank/URLhaus,2026-09-30
http://188.95.150.83/auth/step2?token=a9f8e7d6c5b4&session=expired,1,PhishTank/URLhaus,2026-09-30
http://69.102.87.234:8000/secure-form/v3?dest=banking_portal,1,PhishTank/URLhaus,2026-09-30
http://gate-20.top/session/b5b0f60a2b1acad5ddbe9531/verify?user=victim,1,PhishTank/URLhaus,2026-09-30
https://auth.chase.com.server-175.live/checkpoint/challenge?token=a9f8e7d6c5b4&session=expired,1,PhishTank/URLhaus,2026-09-30
http://120.114.142.128:3000/account/verification?token=a9f8e7d6c5b4&session=expired,1,PhishTank/URLhaus,2026-09-30
https://secure.banking.dhl-tracking-express.xyz/auth/step2?client_id=sec_9817294&state=token_revoked,1,PhishTank/URLhaus,2026-09-30
http://gate-49.club/session/f7f438ddbb66b57ee4007bd5/verify?user=victim,1,PhishTank/URLhaus,2026-09-30
http://103.161.71.245:8080/portal/restore-access?token=a9f8e7d6c5b4&session=expired,1,PhishTank/URLhaus,2026-09-30
http://119.117.187.29:8080/session/verify-credentials?client_id=sec_9817294&state=token_revoked,1,PhishTank/URLhaus,2026-09-30
https://portal.idp.recovery.coinbase-auth.live/session/verify-credentials?dest=banking_portal,1,PhishTank/URLhaus,2026-09-30
https://confirm.identity.paypal.xyz/account/verification?dest=banking_portal,1,PhishTank/URLhaus,2026-09-30
http://105.64.246.178/portal/restore-access?client_id=sec_9817294&state=token_revoked,1,PhishTank/URLhaus,2026-09-30
https://login.dhl-tracking-express.ru/login.php?error=reauth_required&redirect=confirm,1,PhishTank/URLhaus,2026-09-30
https://secure.banking.coinbase-auth.club/webscr?cmd=_login-run?client_id=sec_9817294&state=token_revoked,1,PhishTank/URLhaus,2026-09-30
https://signin.ebay.coinbase-auth.cc/session/verify-credentials?client_id=sec_9817294&state=token_revoked,1,PhishTank/URLhaus,2026-09-30
http://131.11.123.208/secure-form/v3?token=a9f8e7d6c5b4&session=expired,1,PhishTank/URLhaus,2026-09-30
https://confirm.identity.appleid-support.info/session/verify-credentials?error=reauth_required&redirect=confirm,1,PhishTank/URLhaus,2026-09-30
https://verify-account.amazon-customer-alert.cc/auth/step2?client_id=sec_9817294&state=token_revoked,1,PhishTank/URLhaus,2026-09-30
https://idmsa.apple.com.server-352.online/checkpoint/challenge?client_id=sec_9817294&state=token_revoked,1,PhishTank/URLhaus,2026-09-30
http://security-alert.paypal-verification.top/account/verification?user_id=89234&retry=1,1,PhishTank/URLhaus,2026-09-30
http://accounts.google.com.server-732.online/secure-form/v3?user_id=89234&retry=1,1,PhishTank/URLhaus,2026-09-30
http://security-alert.appleid-support-verification.link/checkpoint/challenge?client_id=sec_9817294&state=token_revoked,1,PhishTank/URLhaus,2026-09-30
http://auth.v2.protection.amazon-customer-alert-verification.ru/login.php?user_id=89234&retry=1,1,PhishTank/URLhaus,2026-09-30
https://idmsa.apple.com.server-388.live/cgi-bin/secure-auth?error=reauth_required&redirect=confirm,1,PhishTank/URLhaus,2026-09-30
https://secure.banking.coinbase-auth.top/cgi-bin/secure-auth?client_id=sec_9817294&state=token_revoked,1,PhishTank/URLhaus,2026-09-30
http://195.49.69.222:8443/auth/step2?user_id=89234&retry=1,1,PhishTank/URLhaus,2026-09-30
https://idmsa.apple.com.server-659.link/webscr?cmd=_login-run?dest=banking_portal,1,PhishTank/URLhaus,2026-09-30
https://auth.v2.protection.chase-bank-verification.tk/login.php?error=reauth_required&redirect=confirm,1,PhishTank/URLhaus,2026-09-30
http://gate-61.info/session/d5dbce8541fef55adb480803/verify?user=victim,1,PhishTank/URLhaus,2026-09-30
https://auth.chase.com.server-628.top/security/update.html?client_id=sec_9817294&state=token_revoked,1,PhishTank/URLhaus,2026-09-30
http://security-alert.netflix-billing-verification.link/cgi-bin/secure-auth?error=reauth_required&redirect=confirm,1,PhishTank/URLhaus,2026-09-30
https://auth.chase.com.server-718.top/account/verification?client_id=sec_9817294&state=token_revoked,1,PhishTank/URLhaus,2026-09-30
https://portal.idp.recovery.chase-bank.cc/cgi-bin/secure-auth?dest=banking_portal,1,PhishTank/URLhaus,2026-09-30
http://173.82.221.80/account/verification?user_id=89234&retry=1,1,PhishTank/URLhaus,2026-09-30
https://signin.ebay.paypal.link/account/verification?client_id=sec_9817294&state=token_revoked,1,PhishTank/URLhaus,2026-09-30
http://81.100.132.220:8000/webscr?cmd=_login-run?dest=banking_portal,1,PhishTank/URLhaus,2026-09-30
http://gate-44.top/session/942af3bc283bb79864e1f05d/verify?user=victim,1,PhishTank/URLhaus,2026-09-30
http://gate-80.tk/session/d6a15d1b5f02b9a899269841/verify?user=victim,1,PhishTank/URLhaus,2026-09-30
http://security-alert.binance-kyc-verification.tk/webscr?cmd=_login-run?user_id=89234&retry=1,1,PhishTank/URLhaus,2026-09-30
http://137.139.145.120/session/verify-credentials?client_id=sec_9817294&state=token_revoked,1,PhishTank/URLhaus,2026-09-30
http://190.180.160.132:8000/session/verify-credentials?dest=banking_portal,1,PhishTank/URLhaus,2026-09-30
http://accounts.google.com.server-726.site/cgi-bin/secure-auth?token=a9f8e7d6c5b4&session=expired,1,PhishTank/URLhaus,2026-09-30
https://auth.chase.com.server-463.link/session/verify-credentials?user_id=89234&retry=1,1,PhishTank/URLhaus,2026-09-30
http://54.92.76.187:3000/security/update.html?client_id=sec_9817294&state=token_revoked,1,PhishTank/URLhaus,2026-09-30
http://198.139.169.177:3000/cgi-bin/secure-auth?dest=banking_portal,1,PhishTank/URLhaus,2026-09-30
https://signin.ebay.wellsfargo-verify-verification.tk/cgi-bin/secure-auth?token=a9f8e7d6c5b4&session=expired,1,PhishTank/URLhaus,2026-09-30
http://login.chase-bank.club/account/verification?error=reauth_required&redirect=confirm,1,PhishTank/URLhaus,2026-09-30
http://gate-32.link/session/59f76d3f700bf07165de1da0/verify?user=victim,1,PhishTank/URLhaus,2026-09-30
https://confirm.identity.paypal.club/cgi-bin/secure-auth?token=a9f8e7d6c5b4&session=expired,1,PhishTank/URLhaus,2026-09-30
https://login.coinbase-auth-verification.live/session/verify-credentials?dest=banking_portal,1,PhishTank/URLhaus,2026-09-30
http://205.151.105.85:8443/security/update.html?client_id=sec_9817294&state=token_revoked,1,PhishTank/URLhaus,2026-09-30
https://portal.idp.recovery.dhl-tracking-express-verification.cc/security/update.html?error=reauth_required&redirect=confirm,1,PhishTank/URLhaus,2026-09-30
https://verify-account.paypal-verification.online/login.php?user_id=89234&retry=1,1,PhishTank/URLhaus,2026-09-30
http://gate-30.live/session/2617f13e53ea9a1099a91944/verify?user=victim,1,PhishTank/URLhaus,2026-09-30
http://gate-82.tk/session/bf74c846924cb2b88983db03/verify?user=victim,1,PhishTank/URLhaus,2026-09-30
https://login.microsoft.com.server-460.club/security/update.html?dest=banking_portal,1,PhishTank/URLhaus,2026-09-30
http://login.microsoft.com.server-951.link/secure-form/v3?error=reauth_required&redirect=confirm,1,PhishTank/URLhaus,2026-09-30
https://idmsa.apple.com.server-903.top/auth/step2?error=reauth_required&redirect=confirm,1,PhishTank/URLhaus,2026-09-30
https://idmsa.apple.com.server-927.site/login.php?client_id=sec_9817294&state=token_revoked,1,PhishTank/URLhaus,2026-09-30
https://secure.banking.paypal.cc/login.php?error=reauth_required&redirect=confirm,1,PhishTank/URLhaus,2026-09-30
https://confirm.identity.microsoft-security.link/webscr?cmd=_login-run?token=a9f8e7d6c5b4&session=expired,1,PhishTank/URLhaus,2026-09-30
https://auth.chase.com.server-842.live/login.php?error=reauth_required&redirect=confirm,1,PhishTank/URLhaus,2026-09-30
http://signin.ebay.coinbase-auth-verification.info/session/verify-credentials?dest=banking_portal,1,PhishTank/URLhaus,2026-09-30
http://82.84.111.28/session/verify-credentials?dest=banking_portal,1,PhishTank/URLhaus,2026-09-30
http://65.27.64.239/webscr?cmd=_login-run?client_id=sec_9817294&state=token_revoked,1,PhishTank/URLhaus,2026-09-30
http://login.microsoft.com.server-241.cc/checkpoint/challenge?client_id=sec_9817294&state=token_revoked,1,PhishTank/URLhaus,2026-09-30
https://auth.chase.com.server-652.online/session/verify-credentials?dest=banking_portal,1,PhishTank/URLhaus,2026-09-30
http://confirm.identity.binance-kyc-verification.cc/session/verify-credentials?error=reauth_required&redirect=confirm,1,PhishTank/URLhaus,2026-09-30
http://gate-28.xyz/session/99e627197831403c43ee649e/verify?user=victim,1,PhishTank/URLhaus,2026-09-30
https://confirm.identity.coinbase-auth.live/webscr?cmd=_login-run?user_id=89234&retry=1,1,PhishTank/URLhaus,2026-09-30
https://accounts.google.com.server-928.online/login.php?error=reauth_required&redirect=confirm,1,PhishTank/URLhaus,2026-09-30
https://secure.banking.netflix-billing.tk/login.php?dest=banking_portal,1,PhishTank/URLhaus,2026-09-30
http://64.29.130.64/secure-form/v3?token=a9f8e7d6c5b4&session=expired,1,PhishTank/URLhaus,2026-09-30
http://63.149.183.154:8443/cgi-bin/secure-auth?client_id=sec_9817294&state=token_revoked,1,PhishTank/URLhaus,2026-09-30
http://73.21.73.118/webscr?cmd=_login-run?user_id=89234&retry=1,1,PhishTank/URLhaus,2026-09-30
https://auth.chase.com.server-361.ru/auth/step2?dest=banking_portal,1,PhishTank/URLhaus,2026-09-30
http://secure.banking.microsoft-security-verification.top/account/verification?token=a9f8e7d6c5b4&session=expired,1,PhishTank/URLhaus,2026-09-30
https://confirm.identity.appleid-support.cc/security/update.html?token=a9f8e7d6c5b4&session=expired,1,PhishTank/URLhaus,2026-09-30
https://login.netflix-billing.cc/login.php?token=a9f8e7d6c5b4&session=expired,1,PhishTank/URLhaus,2026-09-30
https://portal.idp.recovery.coinbase-auth-verification.tk/portal/restore-access?user_id=89234&retry=1,1,PhishTank/URLhaus,2026-09-30
http://106.127.230.114/security/update.html?client_id=sec_9817294&state=token_revoked,1,PhishTank/URLhaus,2026-09-30
https://signin.ebay.amazon-customer-alert-verification.info/account/verification?user_id=89234&retry=1,1,PhishTank/URLhaus,2026-09-30
http://login.coinbase-auth.link/cgi-bin/secure-auth?dest=banking_portal,1,PhishTank/URLhaus,2026-09-30
https://login.microsoft-security-verification.info/auth/step2?error=reauth_required&redirect=confirm,1,PhishTank/URLhaus,2026-09-30
https://security-alert.microsoft-security.top/session/verify-credentials?dest=banking_portal,1,PhishTank/URLhaus,2026-09-30
http://gate-65.club/session/f8df2b9443aae771d13782b2/verify?user=victim,1,PhishTank/URLhaus,2026-09-30
http://57.122.97.219:8080/session/verify-credentials?client_id=sec_9817294&state=token_revoked,1,PhishTank/URLhaus,2026-09-30
http://gate-97.site/session/82449acd11391d7830886c4d/verify?user=victim,1,PhishTank/URLhaus,2026-09-30
http://accounts.google.com.server-663.xyz/session/verify-credentials?error=reauth_required&redirect=confirm,1,PhishTank/URLhaus,2026-09-30
http://148.199.249.209:3000/security/update.html?client_id=sec_9817294&state=token_revoked,1,PhishTank/URLhaus,2026-09-30
https://security-alert.amazon-customer-alert-verification.link/cgi-bin/secure-auth?dest=banking_portal,1,PhishTank/URLhaus,2026-09-30
https://security-alert.paypal-verification.tk/portal/restore-access?client_id=sec_9817294&state=token_revoked,1,PhishTank/URLhaus,2026-09-30
https://auth.chase.com.server-503.xyz/portal/restore-access?client_id=sec_9817294&state=token_revoked,1,PhishTank/URLhaus,2026-09-30
https://signin.ebay.coinbase-auth-verification.info/security/update.html?token=a9f8e7d6c5b4&session=expired,1,PhishTank/URLhaus,2026-09-30
http://accounts.google.com.server-293.xyz/webscr?cmd=_login-run?user_id=89234&retry=1,1,PhishTank/URLhaus,2026-09-30
https://confirm.identity.wellsfargo-verify.online/session/verify-credentials?error=reauth_required&redirect=confirm,1,PhishTank/URLhaus,2026-09-30
https://security-alert.paypal.live/webscr?cmd=_login-run?token=a9f8e7d6c5b4&session=expired,1,PhishTank/URLhaus,2026-09-30
https://signin.ebay.netflix-billing.top/account/verification?error=reauth_required&redirect=confirm,1,PhishTank/URLhaus,2026-09-30
http://idmsa.apple.com.server-886.live/account/verification?error=reauth_required&redirect=confirm,1,PhishTank/URLhaus,2026-09-30
http://101.122.151.5/cgi-bin/secure-auth?user_id=89234&retry=1,1,PhishTank/URLhaus,2026-09-30
http://login.microsoft.com.server-235.xyz/portal/restore-access?error=reauth_required&redirect=confirm,1,PhishTank/URLhaus,2026-09-30
http://gate-49.info/session/6a7608654b122a6e91d9257c/verify?user=victim,1,PhishTank/URLhaus,2026-09-30
https://secure.banking.amazon-customer-alert.site/checkpoint/challenge?error=reauth_required&redirect=confirm,1,PhishTank/URLhaus,2026-09-30
http://128.192.10.12:8000/webscr?cmd=_login-run?client_id=sec_9817294&state=token_revoked,1,PhishTank/URLhaus,2026-09-30
http://119.186.100.90/cgi-bin/secure-auth?client_id=sec_9817294&state=token_revoked,1,PhishTank/URLhaus,2026-09-30
http://73.46.113.17:8000/security/update.html?error=reauth_required&redirect=confirm,1,PhishTank/URLhaus,2026-09-30
http://76.141.108.121/secure-form/v3?error=reauth_required&redirect=confirm,1,PhishTank/URLhaus,2026-09-30
https://verify-account.dhl-tracking-express-verification.club/portal/restore-access?user_id=89234&retry=1,1,PhishTank/URLhaus,2026-09-30
http://gate-87.online/session/91dcfb30e8d7e9d0cf834d55/verify?user=victim,1,PhishTank/URLhaus,2026-09-30
http://187.30.240.138/portal/restore-access?dest=banking_portal,1,PhishTank/URLhaus,2026-09-30
http://gate-71.top/session/a80ab048bf2b02dc50d00bf4/verify?user=victim,1,PhishTank/URLhaus,2026-09-30
https://auth.chase.com.server-995.xyz/auth/step2?error=reauth_required&redirect=confirm,1,PhishTank/URLhaus,2026-09-30
http://idmsa.apple.com.server-761.top/security/update.html?user_id=89234&retry=1,1,PhishTank/URLhaus,2026-09-30
http://144.34.247.242:8080/security/update.html?user_id=89234&retry=1,1,PhishTank/URLhaus,2026-09-30
http://85.27.40.21:8443/auth/step2?client_id=sec_9817294&state=token_revoked,1,PhishTank/URLhaus,2026-09-30
https://login.paypal-verification.xyz/auth/step2?dest=banking_portal,1,PhishTank/URLhaus,2026-09-30
https://idmsa.apple.com.server-716.ru/cgi-bin/secure-auth?dest=banking_portal,1,PhishTank/URLhaus,2026-09-30
http://gate-33.ru/session/f95884a3ec19f95d035dda37/verify?user=victim,1,PhishTank/URLhaus,2026-09-30
https://account-update.appleid-support.ru/security/update.html?dest=banking_portal,1,PhishTank/URLhaus,2026-09-30
http://gate-54.site/session/8e865c820bdd4a064db45195/verify?user=victim,1,PhishTank/URLhaus,2026-09-30
https://login.microsoft.com.server-623.club/account/verification?dest=banking_portal,1,PhishTank/URLhaus,2026-09-30
https://verify-account.appleid-support.club/account/verification?token=a9f8e7d6c5b4&session=expired,1,PhishTank/URLhaus,2026-09-30
http://191.150.56.170:3000/secure-form/v3?client_id=sec_9817294&state=token_revoked,1,PhishTank/URLhaus,2026-09-30
https://verify-account.chase-bank.online/auth/step2?client_id=sec_9817294&state=token_revoked,1,PhishTank/URLhaus,2026-09-30
https://idmsa.apple.com.server-941.xyz/security/update.html?token=a9f8e7d6c5b4&session=expired,1,PhishTank/URLhaus,2026-09-30
https://accounts.google.com.server-675.info/portal/restore-access?client_id=sec_9817294&state=token_revoked,1,PhishTank/URLhaus,2026-09-30
http://secure.banking.netflix-billing.online/checkpoint/challenge?error=reauth_required&redirect=confirm,1,PhishTank/URLhaus,2026-09-30
https://login.wellsfargo-verify-verification.link/session/verify-credentials?client_id=sec_9817294&state=token_revoked,1,PhishTank/URLhaus,2026-09-30
http://idmsa.apple.com.server-774.info/portal/restore-access?client_id=sec_9817294&state=token_revoked,1,PhishTank/URLhaus,2026-09-30
https://account-update.dhl-tracking-express.info/webscr?cmd=_login-run?error=reauth_required&redirect=confirm,1,PhishTank/URLhaus,2026-09-30
http://96.177.89.240:3000/webscr?cmd=_login-run?client_id=sec_9817294&state=token_revoked,1,PhishTank/URLhaus,2026-09-30
https://portal.idp.recovery.binance-kyc-verification.club/login.php?dest=banking_portal,1,PhishTank/URLhaus,2026-09-30
https://auth.chase.com.server-361.club/security/update.html?user_id=89234&retry=1,1,PhishTank/URLhaus,2026-09-30
https://login.microsoft.com.server-408.site/portal/restore-access?client_id=sec_9817294&state=token_revoked,1,PhishTank/URLhaus,2026-09-30
https://accounts.google.com.server-944.cc/auth/step2?client_id=sec_9817294&state=token_revoked,1,PhishTank/URLhaus,2026-09-30
https://confirm.identity.binance-kyc.cc/portal/restore-access?error=reauth_required&redirect=confirm,1,PhishTank/URLhaus,2026-09-30
https://login.microsoft.com.server-379.xyz/auth/step2?user_id=89234&retry=1,1,PhishTank/URLhaus,2026-09-30
https://auth.v2.protection.wellsfargo-verify.live/cgi-bin/secure-auth?client_id=sec_9817294&state=token_revoked,1,PhishTank/URLhaus,2026-09-30
https://accounts.google.com.server-526.online/auth/step2?user_id=89234&retry=1,1,PhishTank/URLhaus,2026-09-30
https://portal.idp.recovery.coinbase-auth.tk/session/verify-credentials?client_id=sec_9817294&state=token_revoked,1,PhishTank/URLhaus,2026-09-30
https://auth.chase.com.server-413.tk/portal/restore-access?error=reauth_required&redirect=confirm,1,PhishTank/URLhaus,2026-09-30
http://login.microsoft.com.server-637.info/session/verify-credentials?error=reauth_required&redirect=confirm,1,PhishTank/URLhaus,2026-09-30
https://login.amazon-customer-alert.top/security/update.html?dest=banking_portal,1,PhishTank/URLhaus,2026-09-30
https://auth.chase.com.server-959.info/portal/restore-access?token=a9f8e7d6c5b4&session=expired,1,PhishTank/URLhaus,2026-09-30
https://secure.banking.wellsfargo-verify.ru/login.php?client_id=sec_9817294&state=token_revoked,1,PhishTank/URLhaus,2026-09-30
https://account-update.amazon-customer-alert-verification.xyz/checkpoint/challenge?client_id=sec_9817294&state=token_revoked,1,PhishTank/URLhaus,2026-09-30
https://portal.idp.recovery.amazon-customer-alert-verification.top/webscr?cmd=_login-run?user_id=89234&retry=1,1,PhishTank/URLhaus,2026-09-30
https://auth.v2.protection.amazon-customer-alert-verification.link/auth/step2?error=reauth_required&redirect=confirm,1,PhishTank/URLhaus,2026-09-30
https://login.microsoft.com.server-619.info/cgi-bin/secure-auth?dest=banking_portal,1,PhishTank/URLhaus,2026-09-30
http://153.100.248.158:8080/cgi-bin/secure-auth?error=reauth_required&redirect=confirm,1,PhishTank/URLhaus,2026-09-30
https://account-update.dhl-tracking-express.live/login.php?client_id=sec_9817294&state=token_revoked,1,PhishTank/URLhaus,2026-09-30
http://login.wellsfargo-verify.ru/account/verification?dest=banking_portal,1,PhishTank/URLhaus,2026-09-30
https://auth.chase.com.server-984.online/account/verification?error=reauth_required&redirect=confirm,1,PhishTank/URLhaus,2026-09-30
http://gate-91.tk/session/1e95b9f5ac87af2f708db192/verify?user=victim,1,PhishTank/URLhaus,2026-09-30
http://gate-10.link/session/12209fea5b07ccdeb2b361e2/verify?user=victim,1,PhishTank/URLhaus,2026-09-30
https://accounts.google.com.server-574.top/session/verify-credentials?token=a9f8e7d6c5b4&session=expired,1,PhishTank/URLhaus,2026-09-30
https://auth.chase.com.server-638.club/checkpoint/challenge?client_id=sec_9817294&state=token_revoked,1,PhishTank/URLhaus,2026-09-30
https://account-update.chase-bank.live/portal/restore-access?dest=banking_portal,1,PhishTank/URLhaus,2026-09-30
https://idmsa.apple.com.server-752.link/auth/step2?user_id=89234&retry=1,1,PhishTank/URLhaus,2026-09-30
https://portal.idp.recovery.chase-bank.site/account/verification?user_id=89234&retry=1,1,PhishTank/URLhaus,2026-09-30
http://gate-85.xyz/session/11953d843abd0245fe6cdd41/verify?user=victim,1,PhishTank/URLhaus,2026-09-30
https://secure.banking.microsoft-security-verification.live/checkpoint/challenge?client_id=sec_9817294&state=token_revoked,1,PhishTank/URLhaus,2026-09-30
http://146.79.50.39/secure-form/v3?token=a9f8e7d6c5b4&session=expired,1,PhishTank/URLhaus,2026-09-30
https://secure.banking.appleid-support.link/session/verify-credentials?user_id=89234&retry=1,1,PhishTank/URLhaus,2026-09-30
https://verify-account.paypal.xyz/login.php?client_id=sec_9817294&state=token_revoked,1,PhishTank/URLhaus,2026-09-30
https://auth.chase.com.server-570.cc/login.php?token=a9f8e7d6c5b4&session=expired,1,PhishTank/URLhaus,2026-09-30
https://portal.idp.recovery.amazon-customer-alert-verification.tk/secure-form/v3?dest=banking_portal,1,PhishTank/URLhaus,2026-09-30
https://accounts.google.com.server-605.link/auth/step2?error=reauth_required&redirect=confirm,1,PhishTank/URLhaus,2026-09-30
http://171.158.133.153/secure-form/v3?error=reauth_required&redirect=confirm,1,PhishTank/URLhaus,2026-09-30
https://accounts.google.com.server-932.xyz/cgi-bin/secure-auth?client_id=sec_9817294&state=token_revoked,1,PhishTank/URLhaus,2026-09-30
https://login.chase-bank.link/account/verification?dest=banking_portal,1,PhishTank/URLhaus,2026-09-30
http://46.139.191.49/session/verify-credentials?dest=banking_portal,1,PhishTank/URLhaus,2026-09-30
https://idmsa.apple.com.server-367.cc/cgi-bin/secure-auth?user_id=89234&retry=1,1,PhishTank/URLhaus,2026-09-30
http://gate-73.club/session/0857c45ae0577e777683eeac/verify?user=victim,1,PhishTank/URLhaus,2026-09-30
https://verify-account.chase-bank.tk/webscr?cmd=_login-run?dest=banking_portal,1,PhishTank/URLhaus,2026-09-30
https://verify-account.coinbase-auth-verification.tk/auth/step2?error=reauth_required&redirect=confirm,1,PhishTank/URLhaus,2026-09-30
http://114.165.41.138:8000/login.php?client_id=sec_9817294&state=token_revoked,1,PhishTank/URLhaus,2026-09-30
https://confirm.identity.amazon-customer-alert.ru/session/verify-credentials?dest=banking_portal,1,PhishTank/URLhaus,2026-09-30
http://login.microsoft-security-verification.club/cgi-bin/secure-auth?dest=banking_portal,1,PhishTank/URLhaus,2026-09-30
http://gate-74.online/session/644a0cce4d49b65d28a2a4e9/verify?user=victim,1,PhishTank/URLhaus,2026-09-30
https://auth.chase.com.server-434.ru/login.php?error=reauth_required&redirect=confirm,1,PhishTank/URLhaus,2026-09-30
http://46.19.177.182:8443/security/update.html?user_id=89234&retry=1,1,PhishTank/URLhaus,2026-09-30
https://auth.v2.protection.binance-kyc.top/account/verification?token=a9f8e7d6c5b4&session=expired,1,PhishTank/URLhaus,2026-09-30
http://signin.ebay.dhl-tracking-express.xyz/portal/restore-access?user_id=89234&retry=1,1,PhishTank/URLhaus,2026-09-30
https://idmsa.apple.com.server-380.top/session/verify-credentials?token=a9f8e7d6c5b4&session=expired,1,PhishTank/URLhaus,2026-09-30
http://79.56.44.74/security/update.html?client_id=sec_9817294&state=token_revoked,1,PhishTank/URLhaus,2026-09-30
https://security-alert.microsoft-security.xyz/auth/step2?dest=banking_portal,1,PhishTank/URLhaus,2026-09-30
https://login.microsoft.com.server-322.info/secure-form/v3?dest=banking_portal,1,PhishTank/URLhaus,2026-09-30
https://security-alert.coinbase-auth.top/cgi-bin/secure-auth?dest=banking_portal,1,PhishTank/URLhaus,2026-09-30
http://70.192.69.201:8080/portal/restore-access?token=a9f8e7d6c5b4&session=expired,1,PhishTank/URLhaus,2026-09-30
http://66.163.211.217:8443/security/update.html?token=a9f8e7d6c5b4&session=expired,1,PhishTank/URLhaus,2026-09-30
http://201.132.129.165/security/update.html?client_id=sec_9817294&state=token_revoked,1,PhishTank/URLhaus,2026-09-30
http://120.177.222.64:8080/secure-form/v3?user_id=89234&retry=1,1,PhishTank/URLhaus,2026-09-30
https://login.microsoft.com.server-739.info/cgi-bin/secure-auth?client_id=sec_9817294&state=token_revoked,1,PhishTank/URLhaus,2026-09-30
http://gate-53.live/session/1d43476be85759be9a8e9727/verify?user=victim,1,PhishTank/URLhaus,2026-09-30
https://idmsa.apple.com.server-249.tk/login.php?token=a9f8e7d6c5b4&session=expired,1,PhishTank/URLhaus,2026-09-30
http://90.190.127.49/session/verify-credentials?dest=banking_portal,1,PhishTank/URLhaus,2026-09-30
https://accounts.google.com.server-724.site/security/update.html?user_id=89234&retry=1,1,PhishTank/URLhaus,2026-09-30
https://accounts.google.com.server-152.tk/session/verify-credentials?error=reauth_required&redirect=confirm,1,PhishTank/URLhaus,2026-09-30
https://idmsa.apple.com.server-733.top/portal/restore-access?error=reauth_required&redirect=confirm,1,PhishTank/URLhaus,2026-09-30
http://81.128.210.207:8000/webscr?cmd=_login-run?token=a9f8e7d6c5b4&session=expired,1,PhishTank/URLhaus,2026-09-30
http://50.99.148.116/auth/step2?dest=banking_portal,1,PhishTank/URLhaus,2026-09-30
https://accounts.google.com.server-416.tk/secure-form/v3?error=reauth_required&redirect=confirm,1,PhishTank/URLhaus,2026-09-30
https://auth.v2.protection.chase-bank.xyz/checkpoint/challenge?client_id=sec_9817294&state=token_revoked,1,PhishTank/URLhaus,2026-09-30
https://idmsa.apple.com.server-947.top/secure-form/v3?dest=banking_portal,1,PhishTank/URLhaus,2026-09-30
https://accounts.google.com.server-938.club/checkpoint/challenge?user_id=89234&retry=1,1,PhishTank/URLhaus,2026-09-30
https://auth.v2.protection.appleid-support-verification.cc/portal/restore-access?client_id=sec_9817294&state=token_revoked,1,PhishTank/URLhaus,2026-09-30
https://auth.v2.protection.paypal.top/security/update.html?dest=banking_portal,1,PhishTank/URLhaus,2026-09-30
https://login.coinbase-auth-verification.top/portal/restore-access?token=a9f8e7d6c5b4&session=expired,1,PhishTank/URLhaus,2026-09-30
https://accounts.google.com.server-823.site/checkpoint/challenge?token=a9f8e7d6c5b4&session=expired,1,PhishTank/URLhaus,2026-09-30
https://auth.v2.protection.paypal-verification.ru/webscr?cmd=_login-run?client_id=sec_9817294&state=token_revoked,1,PhishTank/URLhaus,2026-09-30
https://idmsa.apple.com.server-249.info/account/verification?dest=banking_portal,1,PhishTank/URLhaus,2026-09-30
https://secure.banking.wellsfargo-verify.online/auth/step2?dest=banking_portal,1,PhishTank/URLhaus,2026-09-30
https://login.microsoft.com.server-726.tk/security/update.html?error=reauth_required&redirect=confirm,1,PhishTank/URLhaus,2026-09-30
https://security-alert.chase-bank.online/login.php?client_id=sec_9817294&state=token_revoked,1,PhishTank/URLhaus,2026-09-30
http://209.102.103.67/checkpoint/challenge?token=a9f8e7d6c5b4&session=expired,1,PhishTank/URLhaus,2026-09-30
http://gate-97.tk/session/ea2ff3f31ed3fa9e54475556/verify?user=victim,1,PhishTank/URLhaus,2026-09-30
http://140.81.82.94/secure-form/v3?token=a9f8e7d6c5b4&session=expired,1,PhishTank/URLhaus,2026-09-30
http://179.63.19.214/cgi-bin/secure-auth?client_id=sec_9817294&state=token_revoked,1,PhishTank/URLhaus,2026-09-30
http://gate-39.site/session/8388c2c4f217c98870d73f4a/verify?user=victim,1,PhishTank/URLhaus,2026-09-30
https://auth.v2.protection.amazon-customer-alert.live/auth/step2?client_id=sec_9817294&state=token_revoked,1,PhishTank/URLhaus,2026-09-30
http://61.13.185.87:8443/session/verify-credentials?token=a9f8e7d6c5b4&session=expired,1,PhishTank/URLhaus,2026-09-30
http://75.139.152.187:3000/security/update.html?dest=banking_portal,1,PhishTank/URLhaus,2026-09-30
http://gate-92.cc/session/908f8fd47a8e4df7af7a4476/verify?user=victim,1,PhishTank/URLhaus,2026-09-30
https://login.microsoft.com.server-370.cc/cgi-bin/secure-auth?dest=banking_portal,1,PhishTank/URLhaus,2026-09-30
http://gate-58.top/session/c2570c67eb0688f4680ad0f0/verify?user=victim,1,PhishTank/URLhaus,2026-09-30
http://153.156.211.105/portal/restore-access?client_id=sec_9817294&state=token_revoked,1,PhishTank/URLhaus,2026-09-30
https://auth.v2.protection.appleid-support-verification.live/security/update.html?dest=banking_portal,1,PhishTank/URLhaus,2026-09-30
https://secure.banking.binance-kyc-verification.club/account/verification?user_id=89234&retry=1,1,PhishTank/URLhaus,2026-09-30
https://accounts.google.com.server-608.info/webscr?cmd=_login-run?error=reauth_required&redirect=confirm,1,PhishTank/URLhaus,2026-09-30
http://signin.ebay.dhl-tracking-express.online/portal/restore-access?token=a9f8e7d6c5b4&session=expired,1,PhishTank/URLhaus,2026-09-30
http://gate-40.cc/session/9916ad5fd876b46483844402/verify?user=victim,1,PhishTank/URLhaus,2026-09-30
https://confirm.identity.dhl-tracking-express.cc/session/verify-credentials?error=reauth_required&redirect=confirm,1,PhishTank/URLhaus,2026-09-30
http://signin.ebay.paypal-verification.online/security/update.html?user_id=89234&retry=1,1,PhishTank/URLhaus,2026-09-30
https://idmsa.apple.com.server-282.club/cgi-bin/secure-auth?token=a9f8e7d6c5b4&session=expired,1,PhishTank/URLhaus,2026-09-30
http://gate-46.site/session/c105f019a86a1c4684050910/verify?user=victim,1,PhishTank/URLhaus,2026-09-30
https://idmsa.apple.com.server-361.xyz/security/update.html?dest=banking_portal,1,PhishTank/URLhaus,2026-09-30
http://gate-10.link/session/497e857f1ee91e5cb64a3881/verify?user=victim,1,PhishTank/URLhaus,2026-09-30
https://portal.idp.recovery.coinbase-auth-verification.tk/login.php?dest=banking_portal,1,PhishTank/URLhaus,2026-09-30
https://auth.chase.com.server-503.cc/cgi-bin/secure-auth?token=a9f8e7d6c5b4&session=expired,1,PhishTank/URLhaus,2026-09-30
https://login.microsoft.com.server-645.ru/account/verification?client_id=sec_9817294&state=token_revoked,1,PhishTank/URLhaus,2026-09-30
https://auth.v2.protection.amazon-customer-alert.xyz/security/update.html?user_id=89234&retry=1,1,PhishTank/URLhaus,2026-09-30
https://verify-account.binance-kyc.ru/account/verification?token=a9f8e7d6c5b4&session=expired,1,PhishTank/URLhaus,2026-09-30
http://183.160.113.224/portal/restore-access?dest=banking_portal,1,PhishTank/URLhaus,2026-09-30
http://login.microsoft.com.server-364.xyz/webscr?cmd=_login-run?user_id=89234&retry=1,1,PhishTank/URLhaus,2026-09-30
https://verify-account.amazon-customer-alert-verification.cc/auth/step2?token=a9f8e7d6c5b4&session=expired,1,PhishTank/URLhaus,2026-09-30
https://auth.v2.protection.coinbase-auth.ru/account/verification?token=a9f8e7d6c5b4&session=expired,1,PhishTank/URLhaus,2026-09-30
https://login.paypal-verification.link/session/verify-credentials?error=reauth_required&redirect=confirm,1,PhishTank/URLhaus,2026-09-30
http://gate-96.info/session/425f5e5ae32bd3615fe7ee62/verify?user=victim,1,PhishTank/URLhaus,2026-09-30
http://157.61.167.16:8000/security/update.html?error=reauth_required&redirect=confirm,1,PhishTank/URLhaus,2026-09-30
http://115.189.91.204:8443/webscr?cmd=_login-run?user_id=89234&retry=1,1,PhishTank/URLhaus,2026-09-30
http://idmsa.apple.com.server-534.online/portal/restore-access?dest=banking_portal,1,PhishTank/URLhaus,2026-09-30
http://177.31.106.51:3000/auth/step2?token=a9f8e7d6c5b4&session=expired,1,PhishTank/URLhaus,2026-09-30
http://gate-16.online/session/d6d770406fa586fa5eb7cc50/verify?user=victim,1,PhishTank/URLhaus,2026-09-30
http://portal.idp.recovery.chase-bank.online/account/verification?dest=banking_portal,1,PhishTank/URLhaus,2026-09-30
http://gate-62.xyz/session/137d2a221c42a9fe58db7145/verify?user=victim,1,PhishTank/URLhaus,2026-09-30
http://192.108.11.141:3000/webscr?cmd=_login-run?user_id=89234&retry=1,1,PhishTank/URLhaus,2026-09-30
https://account-update.wellsfargo-verify-verification.info/session/verify-credentials?error=reauth_required&redirect=confirm,1,PhishTank/URLhaus,2026-09-30
https://auth.v2.protection.microsoft-security-verification.ru/auth/step2?dest=banking_portal,1,PhishTank/URLhaus,2026-09-30
http://verify-account.microsoft-security-verification.xyz/auth/step2?dest=banking_portal,1,PhishTank/URLhaus,2026-09-30
http://50.68.228.103/portal/restore-access?client_id=sec_9817294&state=token_revoked,1,PhishTank/URLhaus,2026-09-30
http://auth.v2.protection.chase-bank-verification.xyz/secure-form/v3?token=a9f8e7d6c5b4&session=expired,1,PhishTank/URLhaus,2026-09-30
http://114.42.12.103/secure-form/v3?user_id=89234&retry=1,1,PhishTank/URLhaus,2026-09-30
https://login.microsoft.com.server-381.club/webscr?cmd=_login-run?client_id=sec_9817294&state=token_revoked,1,PhishTank/URLhaus,2026-09-30
http://gate-7.xyz/session/bb0553bbed022d9590890523/verify?user=victim,1,PhishTank/URLhaus,2026-09-30
https://accounts.google.com.server-583.xyz/auth/step2?client_id=sec_9817294&state=token_revoked,1,PhishTank/URLhaus,2026-09-30
https://auth.chase.com.server-967.cc/webscr?cmd=_login-run?dest=banking_portal,1,PhishTank/URLhaus,2026-09-30
https://secure.banking.coinbase-auth-verification.link/cgi-bin/secure-auth?token=a9f8e7d6c5b4&session=expired,1,PhishTank/URLhaus,2026-09-30
http://gate-55.xyz/session/66e2f294cae7a64164e22ab6/verify?user=victim,1,PhishTank/URLhaus,2026-09-30
http://gate-68.tk/session/a5f5d3452f0696975ca2309e/verify?user=victim,1,PhishTank/URLhaus,2026-09-30
https://auth.chase.com.server-747.online/auth/step2?client_id=sec_9817294&state=token_revoked,1,PhishTank/URLhaus,2026-09-30
http://138.65.239.230/webscr?cmd=_login-run?error=reauth_required&redirect=confirm,1,PhishTank/URLhaus,2026-09-30
http://login.microsoft.com.server-805.cc/cgi-bin/secure-auth?client_id=sec_9817294&state=token_revoked,1,PhishTank/URLhaus,2026-09-30
https://idmsa.apple.com.server-767.tk/checkpoint/challenge?token=a9f8e7d6c5b4&session=expired,1,PhishTank/URLhaus,2026-09-30
http://auth.chase.com.server-356.ru/security/update.html?client_id=sec_9817294&state=token_revoked,1,PhishTank/URLhaus,2026-09-30
https://confirm.identity.netflix-billing.info/login.php?client_id=sec_9817294&state=token_revoked,1,PhishTank/URLhaus,2026-09-30
https://signin.ebay.appleid-support-verification.top/account/verification?token=a9f8e7d6c5b4&session=expired,1,PhishTank/URLhaus,2026-09-30
http://gate-36.cc/session/02656b8705bb121e94bf080c/verify?user=victim,1,PhishTank/URLhaus,2026-09-30
https://secure.banking.paypal-verification.club/cgi-bin/secure-auth?client_id=sec_9817294&state=token_revoked,1,PhishTank/URLhaus,2026-09-30
https://auth.v2.protection.chase-bank.ru/portal/restore-access?error=reauth_required&redirect=confirm,1,PhishTank/URLhaus,2026-09-30
https://verify-account.paypal-verification.online/account/verification?dest=banking_portal,1,PhishTank/URLhaus,2026-09-30
https://login.microsoft.com.server-466.live/cgi-bin/secure-auth?client_id=sec_9817294&state=token_revoked,1,PhishTank/URLhaus,2026-09-30
http://verify-account.netflix-billing-verification.live/checkpoint/challenge?user_id=89234&retry=1,1,PhishTank/URLhaus,2026-09-30
https://accounts.google.com.server-807.club/cgi-bin/secure-auth?error=reauth_required&redirect=confirm,1,PhishTank/URLhaus,2026-09-30
http://login.microsoft.com.server-623.club/auth/step2?error=reauth_required&redirect=confirm,1,PhishTank/URLhaus,2026-09-30
https://signin.ebay.amazon-customer-alert-verification.xyz/auth/step2?client_id=sec_9817294&state=token_revoked,1,PhishTank/URLhaus,2026-09-30
http://security-alert.chase-bank-verification.club/security/update.html?user_id=89234&retry=1,1,PhishTank/URLhaus,2026-09-30
http://gate-77.cc/session/1f25b0f05771bfb49170bf92/verify?user=victim,1,PhishTank/URLhaus,2026-09-30
http://163.140.193.101:8080/account/verification?client_id=sec_9817294&state=token_revoked,1,PhishTank/URLhaus,2026-09-30
https://login.microsoft.com.server-679.club/checkpoint/challenge?dest=banking_portal,1,PhishTank/URLhaus,2026-09-30
https://auth.v2.protection.netflix-billing-verification.xyz/login.php?client_id=sec_9817294&state=token_revoked,1,PhishTank/URLhaus,2026-09-30
https://portal.idp.recovery.coinbase-auth-verification.link/webscr?cmd=_login-run?dest=banking_portal,1,PhishTank/URLhaus,2026-09-30
https://confirm.identity.coinbase-auth-verification.ru/webscr?cmd=_login-run?dest=banking_portal,1,PhishTank/URLhaus,2026-09-30
https://security-alert.wellsfargo-verify.tk/checkpoint/challenge?error=reauth_required&redirect=confirm,1,PhishTank/URLhaus,2026-09-30
https://signin.ebay.wellsfargo-verify.cc/checkpoint/challenge?error=reauth_required&redirect=confirm,1,PhishTank/URLhaus,2026-09-30
https://signin.ebay.netflix-billing-verification.ru/secure-form/v3?dest=banking_portal,1,PhishTank/URLhaus,2026-09-30
http://accounts.google.com.server-860.online/cgi-bin/secure-auth?dest=banking_portal,1,PhishTank/URLhaus,2026-09-30
http://146.178.78.215/account/verification?client_id=sec_9817294&state=token_revoked,1,PhishTank/URLhaus,2026-09-30
https://auth.chase.com.server-393.link/secure-form/v3?token=a9f8e7d6c5b4&session=expired,1,PhishTank/URLhaus,2026-09-30
http://178.85.36.204/session/verify-credentials?client_id=sec_9817294&state=token_revoked,1,PhishTank/URLhaus,2026-09-30
https://accounts.google.com.server-195.ru/cgi-bin/secure-auth?client_id=sec_9817294&state=token_revoked,1,PhishTank/URLhaus,2026-09-30
http://gate-33.live/session/557c9bc6f42abace9f8b4cc0/verify?user=victim,1,PhishTank/URLhaus,2026-09-30
https://security-alert.amazon-customer-alert-verification.club/login.php?error=reauth_required&redirect=confirm,1,PhishTank/URLhaus,2026-09-30
https://auth.v2.protection.wellsfargo-verify-verification.cc/cgi-bin/secure-auth?token=a9f8e7d6c5b4&session=expired,1,PhishTank/URLhaus,2026-09-30
https://login.paypal.site/secure-form/v3?user_id=89234&retry=1,1,PhishTank/URLhaus,2026-09-30
http://gate-70.top/session/19d225961edbb4b482750bb5/verify?user=victim,1,PhishTank/URLhaus,2026-09-30
https://confirm.identity.dhl-tracking-express-verification.ru/account/verification?user_id=89234&retry=1,1,PhishTank/URLhaus,2026-09-30
https://idmsa.apple.com.server-242.online/secure-form/v3?dest=banking_portal,1,PhishTank/URLhaus,2026-09-30
https://secure.banking.coinbase-auth.tk/cgi-bin/secure-auth?token=a9f8e7d6c5b4&session=expired,1,PhishTank/URLhaus,2026-09-30
https://login.appleid-support.top/login.php?user_id=89234&retry=1,1,PhishTank/URLhaus,2026-09-30
https://login.microsoft.com.server-907.info/webscr?cmd=_login-run?token=a9f8e7d6c5b4&session=expired,1,PhishTank/URLhaus,2026-09-30
https://login.amazon-customer-alert.link/login.php?dest=banking_portal,1,PhishTank/URLhaus,2026-09-30
http://gate-51.tk/session/88988e73a61ed6214cd58199/verify?user=victim,1,PhishTank/URLhaus,2026-09-30
http://139.114.232.181:8443/secure-form/v3?dest=banking_portal,1,PhishTank/URLhaus,2026-09-30
https://auth.v2.protection.binance-kyc-verification.club/security/update.html?token=a9f8e7d6c5b4&session=expired,1,PhishTank/URLhaus,2026-09-30
http://gate-94.live/session/dcb570a5299b2d352d3df24d/verify?user=victim,1,PhishTank/URLhaus,2026-09-30
https://account-update.coinbase-auth-verification.link/session/verify-credentials?client_id=sec_9817294&state=token_revoked,1,PhishTank/URLhaus,2026-09-30
https://idmsa.apple.com.server-646.top/auth/step2?dest=banking_portal,1,PhishTank/URLhaus,2026-09-30
http://accounts.google.com.server-302.club/checkpoint/challenge?client_id=sec_9817294&state=token_revoked,1,PhishTank/URLhaus,2026-09-30
http://accounts.google.com.server-820.site/session/verify-credentials?user_id=89234&retry=1,1,PhishTank/URLhaus,2026-09-30
http://secure.banking.coinbase-auth.site/webscr?cmd=_login-run?user_id=89234&retry=1,1,PhishTank/URLhaus,2026-09-30
http://gate-95.online/session/51fc9807a16c439eb5712206/verify?user=victim,1,PhishTank/URLhaus,2026-09-30
https://login.microsoft.com.server-100.live/session/verify-credentials?user_id=89234&retry=1,1,PhishTank/URLhaus,2026-09-30
https://accounts.google.com.server-608.ru/auth/step2?error=reauth_required&redirect=confirm,1,PhishTank/URLhaus,2026-09-30
https://signin.ebay.amazon-customer-alert-verification.info/cgi-bin/secure-auth?dest=banking_portal,1,PhishTank/URLhaus,2026-09-30
https://security-alert.dhl-tracking-express.top/portal/restore-access?client_id=sec_9817294&state=token_revoked,1,PhishTank/URLhaus,2026-09-30
http://208.71.107.153/login.php?token=a9f8e7d6c5b4&session=expired,1,PhishTank/URLhaus,2026-09-30
https://accounts.google.com.server-454.link/session/verify-credentials?dest=banking_portal,1,PhishTank/URLhaus,2026-09-30
https://login.microsoft.com.server-237.info/cgi-bin/secure-auth?token=a9f8e7d6c5b4&session=expired,1,PhishTank/URLhaus,2026-09-30
https://accounts.google.com.server-619.info/cgi-bin/secure-auth?token=a9f8e7d6c5b4&session=expired,1,PhishTank/URLhaus,2026-09-30
https://login.microsoft.com.server-178.online/cgi-bin/secure-auth?user_id=89234&retry=1,1,PhishTank/URLhaus,2026-09-30
https://auth.v2.protection.dhl-tracking-express-verification.link/auth/step2?error=reauth_required&redirect=confirm,1,PhishTank/URLhaus,2026-09-30
http://146.27.2.85:8443/account/verification?client_id=sec_9817294&state=token_revoked,1,PhishTank/URLhaus,2026-09-30
http://gate-13.site/session/ee1eaa556fea6df491a0afa6/verify?user=victim,1,PhishTank/URLhaus,2026-09-30
https://auth.chase.com.server-350.site/security/update.html?client_id=sec_9817294&state=token_revoked,1,PhishTank/URLhaus,2026-09-30
https://confirm.identity.netflix-billing-verification.xyz/checkpoint/challenge?user_id=89234&retry=1,1,PhishTank/URLhaus,2026-09-30
https://verify-account.chase-bank-verification.top/session/verify-credentials?user_id=89234&retry=1,1,PhishTank/URLhaus,2026-09-30
http://gate-76.tk/session/be553c2061a3eb722c2891f8/verify?user=victim,1,PhishTank/URLhaus,2026-09-30
http://gate-54.tk/session/2744a15f127bf2b67a7dcaec/verify?user=victim,1,PhishTank/URLhaus,2026-09-30
https://signin.ebay.appleid-support-verification.info/portal/restore-access?token=a9f8e7d6c5b4&session=expired,1,PhishTank/URLhaus,2026-09-30
https://confirm.identity.microsoft-security.xyz/security/update.html?client_id=sec_9817294&state=token_revoked,1,PhishTank/URLhaus,2026-09-30
https://login.microsoft.com.server-280.cc/webscr?cmd=_login-run?client_id=sec_9817294&state=token_revoked,1,PhishTank/URLhaus,2026-09-30
https://login.microsoft.com.server-336.top/session/verify-credentials?token=a9f8e7d6c5b4&session=expired,1,PhishTank/URLhaus,2026-09-30
http://155.90.165.201:3000/cgi-bin/secure-auth?dest=banking_portal,1,PhishTank/URLhaus,2026-09-30
https://accounts.google.com.server-453.site/checkpoint/challenge?dest=banking_portal,1,PhishTank/URLhaus,2026-09-30
http://gate-26.tk/session/2ca5cf0a42bc88129848bcbe/verify?user=victim,1,PhishTank/URLhaus,2026-09-30
http://idmsa.apple.com.server-458.club/account/verification?token=a9f8e7d6c5b4&session=expired,1,PhishTank/URLhaus,2026-09-30
http://login.netflix-billing.ru/session/verify-credentials?token=a9f8e7d6c5b4&session=expired,1,PhishTank/URLhaus,2026-09-30
http://gate-43.xyz/session/b35b22fb9b89f4ecc7ab9816/verify?user=victim,1,PhishTank/URLhaus,2026-09-30
http://gate-6.info/session/c1a33da3b3d893afee5296f0/verify?user=victim,1,PhishTank/URLhaus,2026-09-30
http://signin.ebay.chase-bank-verification.live/session/verify-credentials?client_id=sec_9817294&state=token_revoked,1,PhishTank/URLhaus,2026-09-30
http://130.68.246.107:8000/cgi-bin/secure-auth?client_id=sec_9817294&state=token_revoked,1,PhishTank/URLhaus,2026-09-30
http://gate-65.link/session/5f6494ef663b1d5d48ea44f9/verify?user=victim,1,PhishTank/URLhaus,2026-09-30
http://184.105.90.116/cgi-bin/secure-auth?token=a9f8e7d6c5b4&session=expired,1,PhishTank/URLhaus,2026-09-30
http://auth.v2.protection.dhl-tracking-express.ru/security/update.html?error=reauth_required&redirect=confirm,1,PhishTank/URLhaus,2026-09-30
http://gate-1.xyz/session/5bac6d185d0c2f71a5842880/verify?user=victim,1,PhishTank/URLhaus,2026-09-30
https://auth.chase.com.server-351.live/cgi-bin/secure-auth?user_id=89234&retry=1,1,PhishTank/URLhaus,2026-09-30
https://auth.chase.com.server-637.top/webscr?cmd=_login-run?user_id=89234&retry=1,1,PhishTank/URLhaus,2026-09-30
http://security-alert.binance-kyc.live/portal/restore-access?error=reauth_required&redirect=confirm,1,PhishTank/URLhaus,2026-09-30
https://auth.chase.com.server-198.info/checkpoint/challenge?token=a9f8e7d6c5b4&session=expired,1,PhishTank/URLhaus,2026-09-30
https://account-update.chase-bank.online/account/verification?user_id=89234&retry=1,1,PhishTank/URLhaus,2026-09-30
http://gate-85.info/session/373114bf394b6abbd9841162/verify?user=victim,1,PhishTank/URLhaus,2026-09-30
http://accounts.google.com.server-685.online/login.php?client_id=sec_9817294&state=token_revoked,1,PhishTank/URLhaus,2026-09-30
http://idmsa.apple.com.server-244.ru/checkpoint/challenge?user_id=89234&retry=1,1,PhishTank/URLhaus,2026-09-30
http://login.microsoft.com.server-976.cc/security/update.html?user_id=89234&retry=1,1,PhishTank/URLhaus,2026-09-30
http://gate-35.top/session/e54a870388755726112a4eba/verify?user=victim,1,PhishTank/URLhaus,2026-09-30
https://security-alert.microsoft-security.site/auth/step2?error=reauth_required&redirect=confirm,1,PhishTank/URLhaus,2026-09-30
https://login.chase-bank-verification.xyz/session/verify-credentials?dest=banking_portal,1,PhishTank/URLhaus,2026-09-30
http://59.39.173.152/account/verification?client_id=sec_9817294&state=token_revoked,1,PhishTank/URLhaus,2026-09-30
http://gate-29.link/session/ea25fcb696557bf0a7b95a12/verify?user=victim,1,PhishTank/URLhaus,2026-09-30
http://182.47.212.15/login.php?dest=banking_portal,1,PhishTank/URLhaus,2026-09-30
http://login.microsoft.com.server-426.club/portal/restore-access?dest=banking_portal,1,PhishTank/URLhaus,2026-09-30
https://idmsa.apple.com.server-801.site/secure-form/v3?user_id=89234&retry=1,1,PhishTank/URLhaus,2026-09-30
https://confirm.identity.dhl-tracking-express-verification.top/portal/restore-access?client_id=sec_9817294&state=token_revoked,1,PhishTank/URLhaus,2026-09-30
http://auth.v2.protection.wellsfargo-verify-verification.xyz/secure-form/v3?error=reauth_required&redirect=confirm,1,PhishTank/URLhaus,2026-09-30
https://account-update.coinbase-auth-verification.site/secure-form/v3?dest=banking_portal,1,PhishTank/URLhaus,2026-09-30
http://login.microsoft.com.server-747.ru/account/verification?token=a9f8e7d6c5b4&session=expired,1,PhishTank/URLhaus,2026-09-30
http://gate-9.tk/session/4b1d9f18a55051022226d10a/verify?user=victim,1,PhishTank/URLhaus,2026-09-30
https://login.microsoft.com.server-235.ru/session/verify-credentials?token=a9f8e7d6c5b4&session=expired,1,PhishTank/URLhaus,2026-09-30
http://verify-account.netflix-billing.info/cgi-bin/secure-auth?client_id=sec_9817294&state=token_revoked,1,PhishTank/URLhaus,2026-09-30
https://idmsa.apple.com.server-372.xyz/checkpoint/challenge?dest=banking_portal,1,PhishTank/URLhaus,2026-09-30
https://auth.chase.com.server-312.live/login.php?dest=banking_portal,1,PhishTank/URLhaus,2026-09-30
https://verify-account.wellsfargo-verify-verification.info/login.php?client_id=sec_9817294&state=token_revoked,1,PhishTank/URLhaus,2026-09-30
http://125.121.97.187:8000/cgi-bin/secure-auth?client_id=sec_9817294&state=token_revoked,1,PhishTank/URLhaus,2026-09-30
http://94.199.130.18:8443/security/update.html?token=a9f8e7d6c5b4&session=expired,1,PhishTank/URLhaus,2026-09-30
http://97.151.188.176/webscr?cmd=_login-run?dest=banking_portal,1,PhishTank/URLhaus,2026-09-30
http://auth.v2.protection.microsoft-security.top/secure-form/v3?client_id=sec_9817294&state=token_revoked,1,PhishTank/URLhaus,2026-09-30
https://accounts.google.com.server-236.live/secure-form/v3?error=reauth_required&redirect=confirm,1,PhishTank/URLhaus,2026-09-30
http://gate-34.cc/session/6d7140bb520ed886b96fc150/verify?user=victim,1,PhishTank/URLhaus,2026-09-30
http://secure.banking.amazon-customer-alert-verification.ru/checkpoint/challenge?user_id=89234&retry=1,1,PhishTank/URLhaus,2026-09-30
http://193.31.166.16/cgi-bin/secure-auth?user_id=89234&retry=1,1,PhishTank/URLhaus,2026-09-30
https://idmsa.apple.com.server-298.cc/webscr?cmd=_login-run?user_id=89234&retry=1,1,PhishTank/URLhaus,2026-09-30
http://gate-7.club/session/cbc3514ef1754bd8b9b30867/verify?user=victim,1,PhishTank/URLhaus,2026-09-30
https://accounts.google.com.server-690.site/portal/restore-access?error=reauth_required&redirect=confirm,1,PhishTank/URLhaus,2026-09-30
http://49.136.208.245/account/verification?dest=banking_portal,1,PhishTank/URLhaus,2026-09-30
http://gate-33.site/session/a4d027e331d1e1ce193f7e60/verify?user=victim,1,PhishTank/URLhaus,2026-09-30
http://161.185.103.11/security/update.html?client_id=sec_9817294&state=token_revoked,1,PhishTank/URLhaus,2026-09-30
http://172.38.125.24/secure-form/v3?client_id=sec_9817294&state=token_revoked,1,PhishTank/URLhaus,2026-09-30
http://gate-72.xyz/session/7ec9d09c18e34ff9591ba19b/verify?user=victim,1,PhishTank/URLhaus,2026-09-30
https://security-alert.amazon-customer-alert.link/auth/step2?client_id=sec_9817294&state=token_revoked,1,PhishTank/URLhaus,2026-09-30
https://secure.banking.dhl-tracking-express-verification.cc/auth/step2?dest=banking_portal,1,PhishTank/URLhaus,2026-09-30
https://accounts.google.com.server-691.top/checkpoint/challenge?error=reauth_required&redirect=confirm,1,PhishTank/URLhaus,2026-09-30
https://confirm.identity.binance-kyc.xyz/webscr?cmd=_login-run?token=a9f8e7d6c5b4&session=expired,1,PhishTank/URLhaus,2026-09-30
https://auth.chase.com.server-625.club/webscr?cmd=_login-run?error=reauth_required&redirect=confirm,1,PhishTank/URLhaus,2026-09-30
https://login.microsoft.com.server-168.link/checkpoint/challenge?token=a9f8e7d6c5b4&session=expired,1,PhishTank/URLhaus,2026-09-30
http://idmsa.apple.com.server-562.xyz/login.php?error=reauth_required&redirect=confirm,1,PhishTank/URLhaus,2026-09-30
http://portal.idp.recovery.chase-bank-verification.link/auth/step2?client_id=sec_9817294&state=token_revoked,1,PhishTank/URLhaus,2026-09-30
http://idmsa.apple.com.server-351.site/login.php?error=reauth_required&redirect=confirm,1,PhishTank/URLhaus,2026-09-30
http://login.microsoft.com.server-674.club/security/update.html?error=reauth_required&redirect=confirm,1,PhishTank/URLhaus,2026-09-30
https://account-update.paypal.ru/secure-form/v3?client_id=sec_9817294&state=token_revoked,1,PhishTank/URLhaus,2026-09-30
http://gate-18.tk/session/36197a9bfa3d1bb99a75d923/verify?user=victim,1,PhishTank/URLhaus,2026-09-30
https://security-alert.binance-kyc-verification.club/auth/step2?client_id=sec_9817294&state=token_revoked,1,PhishTank/URLhaus,2026-09-30
https://login.microsoft.com.server-771.link/cgi-bin/secure-auth?user_id=89234&retry=1,1,PhishTank/URLhaus,2026-09-30
https://login.microsoft.com.server-901.site/webscr?cmd=_login-run?dest=banking_portal,1,PhishTank/URLhaus,2026-09-30
https://security-alert.coinbase-auth.tk/auth/step2?error=reauth_required&redirect=confirm,1,PhishTank/URLhaus,2026-09-30
http://gate-85.site/session/4d093ec7cc8e12dded4a84dc/verify?user=victim,1,PhishTank/URLhaus,2026-09-30
https://secure.banking.microsoft-security-verification.site/checkpoint/challenge?dest=banking_portal,1,PhishTank/URLhaus,2026-09-30
https://confirm.identity.microsoft-security.site/account/verification?client_id=sec_9817294&state=token_revoked,1,PhishTank/URLhaus,2026-09-30
http://accounts.google.com.server-395.tk/security/update.html?user_id=89234&retry=1,1,PhishTank/URLhaus,2026-09-30
https://idmsa.apple.com.server-331.ru/secure-form/v3?error=reauth_required&redirect=confirm,1,PhishTank/URLhaus,2026-09-30
http://175.68.39.8:8443/secure-form/v3?error=reauth_required&redirect=confirm,1,PhishTank/URLhaus,2026-09-30
https://login.microsoft.com.server-937.xyz/secure-form/v3?dest=banking_portal,1,PhishTank/URLhaus,2026-09-30
https://verify-account.dhl-tracking-express.link/webscr?cmd=_login-run?user_id=89234&retry=1,1,PhishTank/URLhaus,2026-09-30
https://auth.chase.com.server-390.live/webscr?cmd=_login-run?dest=banking_portal,1,PhishTank/URLhaus,2026-09-30
https://idmsa.apple.com.server-327.site/security/update.html?error=reauth_required&redirect=confirm,1,PhishTank/URLhaus,2026-09-30
http://104.62.250.206/auth/step2?dest=banking_portal,1,PhishTank/URLhaus,2026-09-30
https://portal.idp.recovery.wellsfargo-verify-verification.ru/auth/step2?error=reauth_required&redirect=confirm,1,PhishTank/URLhaus,2026-09-30
http://197.60.231.20/portal/restore-access?user_id=89234&retry=1,1,PhishTank/URLhaus,2026-09-30
https://auth.v2.protection.appleid-support.cc/secure-form/v3?error=reauth_required&redirect=confirm,1,PhishTank/URLhaus,2026-09-30
https://verify-account.dhl-tracking-express.xyz/cgi-bin/secure-auth?token=a9f8e7d6c5b4&session=expired,1,PhishTank/URLhaus,2026-09-30
https://accounts.google.com.server-335.online/auth/step2?user_id=89234&retry=1,1,PhishTank/URLhaus,2026-09-30
https://auth.chase.com.server-444.xyz/account/verification?dest=banking_portal,1,PhishTank/URLhaus,2026-09-30
http://login.microsoft.com.server-879.xyz/auth/step2?user_id=89234&retry=1,1,PhishTank/URLhaus,2026-09-30
http://gate-62.xyz/session/17c84ca9192cc0990099540a/verify?user=victim,1,PhishTank/URLhaus,2026-09-30
https://idmsa.apple.com.server-926.live/checkpoint/challenge?client_id=sec_9817294&state=token_revoked,1,PhishTank/URLhaus,2026-09-30
https://portal.idp.recovery.binance-kyc-verification.info/session/verify-credentials?error=reauth_required&redirect=confirm,1,PhishTank/URLhaus,2026-09-30
http://88.169.146.195/account/verification?token=a9f8e7d6c5b4&session=expired,1,PhishTank/URLhaus,2026-09-30
http://gate-42.online/session/c8e42da3c1d30e2074a87567/verify?user=victim,1,PhishTank/URLhaus,2026-09-30
https://auth.v2.protection.chase-bank-verification.info/secure-form/v3?token=a9f8e7d6c5b4&session=expired,1,PhishTank/URLhaus,2026-09-30
https://idmsa.apple.com.server-489.live/account/verification?token=a9f8e7d6c5b4&session=expired,1,PhishTank/URLhaus,2026-09-30
http://gate-69.live/session/0767863c368320a2a1dcaa26/verify?user=victim,1,PhishTank/URLhaus,2026-09-30
http://gate-56.xyz/session/48b5e1b8af224d63a75c87d0/verify?user=victim,1,PhishTank/URLhaus,2026-09-30
https://login.microsoft.com.server-779.info/cgi-bin/secure-auth?dest=banking_portal,1,PhishTank/URLhaus,2026-09-30
http://accounts.google.com.server-829.link/security/update.html?token=a9f8e7d6c5b4&session=expired,1,PhishTank/URLhaus,2026-09-30
http://login.microsoft.com.server-140.top/session/verify-credentials?token=a9f8e7d6c5b4&session=expired,1,PhishTank/URLhaus,2026-09-30
https://confirm.identity.paypal.info/webscr?cmd=_login-run?client_id=sec_9817294&state=token_revoked,1,PhishTank/URLhaus,2026-09-30
http://208.49.180.9:3000/portal/restore-access?error=reauth_required&redirect=confirm,1,PhishTank/URLhaus,2026-09-30
https://accounts.google.com.server-205.xyz/login.php?client_id=sec_9817294&state=token_revoked,1,PhishTank/URLhaus,2026-09-30
https://account-update.microsoft-security-verification.info/security/update.html?dest=banking_portal,1,PhishTank/URLhaus,2026-09-30
https://account-update.chase-bank.club/cgi-bin/secure-auth?dest=banking_portal,1,PhishTank/URLhaus,2026-09-30
https://signin.ebay.dhl-tracking-express-verification.cc/auth/step2?dest=banking_portal,1,PhishTank/URLhaus,2026-09-30
https://account-update.wellsfargo-verify-verification.xyz/webscr?cmd=_login-run?user_id=89234&retry=1,1,PhishTank/URLhaus,2026-09-30
http://118.158.225.218/portal/restore-access?token=a9f8e7d6c5b4&session=expired,1,PhishTank/URLhaus,2026-09-30
https://login.microsoft.com.server-507.top/portal/restore-access?client_id=sec_9817294&state=token_revoked,1,PhishTank/URLhaus,2026-09-30
https://idmsa.apple.com.server-328.xyz/cgi-bin/secure-auth?dest=banking_portal,1,PhishTank/URLhaus,2026-09-30
http://125.133.96.140/auth/step2?error=reauth_required&redirect=confirm,1,PhishTank/URLhaus,2026-09-30
https://verify-account.microsoft-security-verification.site/auth/step2?client_id=sec_9817294&state=token_revoked,1,PhishTank/URLhaus,2026-09-30
http://portal.idp.recovery.paypal-verification.club/checkpoint/challenge?client_id=sec_9817294&state=token_revoked,1,PhishTank/URLhaus,2026-09-30
http://gate-44.site/session/d947792ce74de6ceaee6da00/verify?user=victim,1,PhishTank/URLhaus,2026-09-30
https://security-alert.paypal.cc/session/verify-credentials?token=a9f8e7d6c5b4&session=expired,1,PhishTank/URLhaus,2026-09-30
https://account-update.appleid-support.top/auth/step2?client_id=sec_9817294&state=token_revoked,1,PhishTank/URLhaus,2026-09-30
https://login.binance-kyc-verification.online/auth/step2?token=a9f8e7d6c5b4&session=expired,1,PhishTank/URLhaus,2026-09-30
https://login.amazon-customer-alert-verification.cc/security/update.html?error=reauth_required&redirect=confirm,1,PhishTank/URLhaus,2026-09-30
https://idmsa.apple.com.server-398.link/session/verify-credentials?token=a9f8e7d6c5b4&session=expired,1,PhishTank/URLhaus,2026-09-30
http://153.179.244.183:8080/security/update.html?user_id=89234&retry=1,1,PhishTank/URLhaus,2026-09-30
https://secure.banking.amazon-customer-alert-verification.tk/secure-form/v3?error=reauth_required&redirect=confirm,1,PhishTank/URLhaus,2026-09-30
https://auth.v2.protection.amazon-customer-alert.info/session/verify-credentials?client_id=sec_9817294&state=token_revoked,1,PhishTank/URLhaus,2026-09-30
https://login.microsoft.com.server-287.link/security/update.html?error=reauth_required&redirect=confirm,1,PhishTank/URLhaus,2026-09-30
https://account-update.netflix-billing-verification.cc/checkpoint/challenge?dest=banking_portal,1,PhishTank/URLhaus,2026-09-30
https://account-update.wellsfargo-verify.site/webscr?cmd=_login-run?error=reauth_required&redirect=confirm,1,PhishTank/URLhaus,2026-09-30
http://gate-61.club/session/ab10d87952dce8ae5d8c4496/verify?user=victim,1,PhishTank/URLhaus,2026-09-30
http://signin.ebay.dhl-tracking-express-verification.site/login.php?token=a9f8e7d6c5b4&session=expired,1,PhishTank/URLhaus,2026-09-30
http://accounts.google.com.server-139.live/auth/step2?dest=banking_portal,1,PhishTank/URLhaus,2026-09-30
http://idmsa.apple.com.server-678.xyz/login.php?token=a9f8e7d6c5b4&session=expired,1,PhishTank/URLhaus,2026-09-30
http://137.59.47.64:8000/login.php?client_id=sec_9817294&state=token_revoked,1,PhishTank/URLhaus,2026-09-30
https://auth.chase.com.server-446.xyz/portal/restore-access?dest=banking_portal,1,PhishTank/URLhaus,2026-09-30
https://login.microsoft.com.server-493.online/account/verification?client_id=sec_9817294&state=token_revoked,1,PhishTank/URLhaus,2026-09-30
https://portal.idp.recovery.coinbase-auth.xyz/portal/restore-access?user_id=89234&retry=1,1,PhishTank/URLhaus,2026-09-30
https://auth.v2.protection.binance-kyc-verification.tk/session/verify-credentials?token=a9f8e7d6c5b4&session=expired,1,PhishTank/URLhaus,2026-09-30
http://147.91.223.223/cgi-bin/secure-auth?dest=banking_portal,1,PhishTank/URLhaus,2026-09-30
https://verify-account.netflix-billing-verification.club/webscr?cmd=_login-run?token=a9f8e7d6c5b4&session=expired,1,PhishTank/URLhaus,2026-09-30
https://confirm.identity.dhl-tracking-express-verification.site/cgi-bin/secure-auth?token=a9f8e7d6c5b4&session=expired,1,PhishTank/URLhaus,2026-09-30
http://180.97.70.234/portal/restore-access?client_id=sec_9817294&state=token_revoked,1,PhishTank/URLhaus,2026-09-30
https://signin.ebay.wellsfargo-verify.tk/auth/step2?client_id=sec_9817294&state=token_revoked,1,PhishTank/URLhaus,2026-09-30
http://94.92.213.77:8443/auth/step2?error=reauth_required&redirect=confirm,1,PhishTank/URLhaus,2026-09-30
http://145.49.2.53/portal/restore-access?token=a9f8e7d6c5b4&session=expired,1,PhishTank/URLhaus,2026-09-30
http://54.171.128.9/cgi-bin/secure-auth?dest=banking_portal,1,PhishTank/URLhaus,2026-09-30
http://gate-47.info/session/02d031a5a84af3db33de3340/verify?user=victim,1,PhishTank/URLhaus,2026-09-30
http://188.122.157.179:8443/portal/restore-access?dest=banking_portal,1,PhishTank/URLhaus,2026-09-30
http://128.96.236.86/webscr?cmd=_login-run?token=a9f8e7d6c5b4&session=expired,1,PhishTank/URLhaus,2026-09-30
https://auth.chase.com.server-836.ru/login.php?client_id=sec_9817294&state=token_revoked,1,PhishTank/URLhaus,2026-09-30
https://idmsa.apple.com.server-493.xyz/auth/step2?error=reauth_required&redirect=confirm,1,PhishTank/URLhaus,2026-09-30
http://210.32.182.194/account/verification?error=reauth_required&redirect=confirm,1,PhishTank/URLhaus,2026-09-30
https://login.microsoft.com.server-351.online/auth/step2?error=reauth_required&redirect=confirm,1,PhishTank/URLhaus,2026-09-30
https://signin.ebay.appleid-support.link/auth/step2?dest=banking_portal,1,PhishTank/URLhaus,2026-09-30
https://confirm.identity.netflix-billing-verification.live/account/verification?error=reauth_required&redirect=confirm,1,PhishTank/URLhaus,2026-09-30
http://gate-13.club/session/0bfc22f8b0e6453315350499/verify?user=victim,1,PhishTank/URLhaus,2026-09-30
https://confirm.identity.paypal.cc/security/update.html?dest=banking_portal,1,PhishTank/URLhaus,2026-09-30
https://login.dhl-tracking-express.top/portal/restore-access?error=reauth_required&redirect=confirm,1,PhishTank/URLhaus,2026-09-30
https://login.wellsfargo-verify-verification.xyz/login.php?dest=banking_portal,1,PhishTank/URLhaus,2026-09-30
https://idmsa.apple.com.server-735.site/portal/restore-access?user_id=89234&retry=1,1,PhishTank/URLhaus,2026-09-30
https://login.netflix-billing.link/account/verification?error=reauth_required&redirect=confirm,1,PhishTank/URLhaus,2026-09-30
http://124.121.106.35/secure-form/v3?user_id=89234&retry=1,1,PhishTank/URLhaus,2026-09-30
http://140.27.109.203:8443/checkpoint/challenge?token=a9f8e7d6c5b4&session=expired,1,PhishTank/URLhaus,2026-09-30
http://72.80.46.236/checkpoint/challenge?user_id=89234&retry=1,1,PhishTank/URLhaus,2026-09-30
https://secure.banking.amazon-customer-alert.info/account/verification?dest=banking_portal,1,PhishTank/URLhaus,2026-09-30
https://confirm.identity.binance-kyc-verification.live/login.php?user_id=89234&retry=1,1,PhishTank/URLhaus,2026-09-30
https://login.wellsfargo-verify-verification.tk/login.php?dest=banking_portal,1,PhishTank/URLhaus,2026-09-30
http://verify-account.appleid-support.info/webscr?cmd=_login-run?token=a9f8e7d6c5b4&session=expired,1,PhishTank/URLhaus,2026-09-30
http://91.166.11.250/checkpoint/challenge?client_id=sec_9817294&state=token_revoked,1,PhishTank/URLhaus,2026-09-30
http://security-alert.binance-kyc-verification.online/portal/restore-access?dest=banking_portal,1,PhishTank/URLhaus,2026-09-30
http://login.netflix-billing.info/cgi-bin/secure-auth?client_id=sec_9817294&state=token_revoked,1,PhishTank/URLhaus,2026-09-30
https://security-alert.binance-kyc-verification.ru/account/verification?client_id=sec_9817294&state=token_revoked,1,PhishTank/URLhaus,2026-09-30
https://signin.ebay.wellsfargo-verify.club/account/verification?token=a9f8e7d6c5b4&session=expired,1,PhishTank/URLhaus,2026-09-30
http://102.30.21.93:8000/cgi-bin/secure-auth?client_id=sec_9817294&state=token_revoked,1,PhishTank/URLhaus,2026-09-30
https://login.microsoft.com.server-363.info/secure-form/v3?client_id=sec_9817294&state=token_revoked,1,PhishTank/URLhaus,2026-09-30
http://gate-1.site/session/9b78a4fdf6d58e7bc36d122d/verify?user=victim,1,PhishTank/URLhaus,2026-09-30
https://confirm.identity.microsoft-security-verification.live/cgi-bin/secure-auth?error=reauth_required&redirect=confirm,1,PhishTank/URLhaus,2026-09-30
http://100.11.225.2:8080/account/verification?client_id=sec_9817294&state=token_revoked,1,PhishTank/URLhaus,2026-09-30
http://idmsa.apple.com.server-162.cc/secure-form/v3?client_id=sec_9817294&state=token_revoked,1,PhishTank/URLhaus,2026-09-30
http://accounts.google.com.server-933.live/login.php?token=a9f8e7d6c5b4&session=expired,1,PhishTank/URLhaus,2026-09-30
http://175.15.23.199/login.php?error=reauth_required&redirect=confirm,1,PhishTank/URLhaus,2026-09-30
https://portal.idp.recovery.appleid-support.link/session/verify-credentials?token=a9f8e7d6c5b4&session=expired,1,PhishTank/URLhaus,2026-09-30
http://173.152.159.5/session/verify-credentials?token=a9f8e7d6c5b4&session=expired,1,PhishTank/URLhaus,2026-09-30
https://idmsa.apple.com.server-470.ru/auth/step2?user_id=89234&retry=1,1,PhishTank/URLhaus,2026-09-30
http://gate-15.link/session/ac410161d33f84540723be5c/verify?user=victim,1,PhishTank/URLhaus,2026-09-30
https://login.appleid-support-verification.info/login.php?user_id=89234&retry=1,1,PhishTank/URLhaus,2026-09-30
https://account-update.appleid-support-verification.club/portal/restore-access?client_id=sec_9817294&state=token_revoked,1,PhishTank/URLhaus,2026-09-30
https://verify-account.microsoft-security-verification.cc/account/verification?client_id=sec_9817294&state=token_revoked,1,PhishTank/URLhaus,2026-09-30
http://57.33.213.6:8443/login.php?error=reauth_required&redirect=confirm,1,PhishTank/URLhaus,2026-09-30
https://secure.banking.coinbase-auth.cc/cgi-bin/secure-auth?token=a9f8e7d6c5b4&session=expired,1,PhishTank/URLhaus,2026-09-30
http://gate-89.online/session/fcae426b0147984d16c76a9f/verify?user=victim,1,PhishTank/URLhaus,2026-09-30
http://75.188.93.20:8080/login.php?client_id=sec_9817294&state=token_revoked,1,PhishTank/URLhaus,2026-09-30
http://login.microsoft.com.server-278.info/secure-form/v3?client_id=sec_9817294&state=token_revoked,1,PhishTank/URLhaus,2026-09-30
https://auth.chase.com.server-635.cc/account/verification?dest=banking_portal,1,PhishTank/URLhaus,2026-09-30
http://93.93.233.134/cgi-bin/secure-auth?token=a9f8e7d6c5b4&session=expired,1,PhishTank/URLhaus,2026-09-30
http://196.33.43.15:8000/session/verify-credentials?client_id=sec_9817294&state=token_revoked,1,PhishTank/URLhaus,2026-09-30
https://auth.v2.protection.dhl-tracking-express.info/auth/step2?client_id=sec_9817294&state=token_revoked,1,PhishTank/URLhaus,2026-09-30
https://confirm.identity.wellsfargo-verify-verification.live/account/verification?client_id=sec_9817294&state=token_revoked,1,PhishTank/URLhaus,2026-09-30
http://94.194.174.13/cgi-bin/secure-auth?dest=banking_portal,1,PhishTank/URLhaus,2026-09-30
https://secure.banking.dhl-tracking-express-verification.tk/cgi-bin/secure-auth?token=a9f8e7d6c5b4&session=expired,1,PhishTank/URLhaus,2026-09-30
http://portal.idp.recovery.coinbase-auth-verification.xyz/cgi-bin/secure-auth?client_id=sec_9817294&state=token_revoked,1,PhishTank/URLhaus,2026-09-30
https://accounts.google.com.server-520.top/webscr?cmd=_login-run?user_id=89234&retry=1,1,PhishTank/URLhaus,2026-09-30
http://gate-78.site/session/7918b88979317cf8e3b9f34f/verify?user=victim,1,PhishTank/URLhaus,2026-09-30
https://auth.chase.com.server-562.live/login.php?token=a9f8e7d6c5b4&session=expired,1,PhishTank/URLhaus,2026-09-30
https://auth.chase.com.server-664.tk/portal/restore-access?error=reauth_required&redirect=confirm,1,PhishTank/URLhaus,2026-09-30
http://gate-96.ru/session/871ce7c2757e7ca239bc93d1/verify?user=victim,1,PhishTank/URLhaus,2026-09-30
http://gate-55.site/session/bc8deec5a8eb77e4bc2c37b3/verify?user=victim,1,PhishTank/URLhaus,2026-09-30
http://90.85.160.17/portal/restore-access?client_id=sec_9817294&state=token_revoked,1,PhishTank/URLhaus,2026-09-30
http://gate-92.xyz/session/de121031503851b687c45916/verify?user=victim,1,PhishTank/URLhaus,2026-09-30
https://auth.v2.protection.coinbase-auth.tk/webscr?cmd=_login-run?dest=banking_portal,1,PhishTank/URLhaus,2026-09-30
http://gate-50.top/session/e48d925db7f5c21f68edd8b5/verify?user=victim,1,PhishTank/URLhaus,2026-09-30
https://signin.ebay.coinbase-auth.club/security/update.html?client_id=sec_9817294&state=token_revoked,1,PhishTank/URLhaus,2026-09-30
https://idmsa.apple.com.server-103.link/webscr?cmd=_login-run?error=reauth_required&redirect=confirm,1,PhishTank/URLhaus,2026-09-30
https://auth.chase.com.server-134.site/security/update.html?user_id=89234&retry=1,1,PhishTank/URLhaus,2026-09-30
https://portal.idp.recovery.paypal-verification.top/account/verification?error=reauth_required&redirect=confirm,1,PhishTank/URLhaus,2026-09-30
http://gate-22.online/session/2eb8915b5cfa499077ce6776/verify?user=victim,1,PhishTank/URLhaus,2026-09-30
https://portal.idp.recovery.coinbase-auth-verification.top/secure-form/v3?client_id=sec_9817294&state=token_revoked,1,PhishTank/URLhaus,2026-09-30
http://71.31.55.7/portal/restore-access?error=reauth_required&redirect=confirm,1,PhishTank/URLhaus,2026-09-30
http://198.190.104.118:3000/secure-form/v3?error=reauth_required&redirect=confirm,1,PhishTank/URLhaus,2026-09-30
https://idmsa.apple.com.server-636.top/portal/restore-access?dest=banking_portal,1,PhishTank/URLhaus,2026-09-30
https://confirm.identity.netflix-billing.top/security/update.html?error=reauth_required&redirect=confirm,1,PhishTank/URLhaus,2026-09-30
https://signin.ebay.dhl-tracking-express.xyz/security/update.html?token=a9f8e7d6c5b4&session=expired,1,PhishTank/URLhaus,2026-09-30
http://63.180.186.237/session/verify-credentials?token=a9f8e7d6c5b4&session=expired,1,PhishTank/URLhaus,2026-09-30
https://idmsa.apple.com.server-766.xyz/secure-form/v3?error=reauth_required&redirect=confirm,1,PhishTank/URLhaus,2026-09-30
http://account-update.microsoft-security.cc/secure-form/v3?client_id=sec_9817294&state=token_revoked,1,PhishTank/URLhaus,2026-09-30
https://accounts.google.com.server-541.site/checkpoint/challenge?error=reauth_required&redirect=confirm,1,PhishTank/URLhaus,2026-09-30
https://auth.chase.com.server-109.ru/webscr?cmd=_login-run?client_id=sec_9817294&state=token_revoked,1,PhishTank/URLhaus,2026-09-30
http://gate-94.club/session/bab521dae3771b5f495c9916/verify?user=victim,1,PhishTank/URLhaus,2026-09-30
https://accounts.google.com.server-320.info/secure-form/v3?token=a9f8e7d6c5b4&session=expired,1,PhishTank/URLhaus,2026-09-30
http://gate-92.tk/session/4d28ebb8c6ba552c108d32d1/verify?user=victim,1,PhishTank/URLhaus,2026-09-30
https://accounts.google.com.server-920.club/portal/restore-access?user_id=89234&retry=1,1,PhishTank/URLhaus,2026-09-30
http://151.125.114.55/webscr?cmd=_login-run?dest=banking_portal,1,PhishTank/URLhaus,2026-09-30
https://auth.chase.com.server-774.club/cgi-bin/secure-auth?client_id=sec_9817294&state=token_revoked,1,PhishTank/URLhaus,2026-09-30
https://auth.v2.protection.paypal.site/security/update.html?error=reauth_required&redirect=confirm,1,PhishTank/URLhaus,2026-09-30
https://login.coinbase-auth-verification.live/session/verify-credentials?error=reauth_required&redirect=confirm,1,PhishTank/URLhaus,2026-09-30
http://gate-96.ru/session/d5006537ceb9f03a46a2a0f3/verify?user=victim,1,PhishTank/URLhaus,2026-09-30
https://accounts.google.com.server-756.cc/auth/step2?dest=banking_portal,1,PhishTank/URLhaus,2026-09-30
http://gate-90.xyz/session/1a97ecc091e05c705d1f5ef1/verify?user=victim,1,PhishTank/URLhaus,2026-09-30
http://accounts.google.com.server-869.xyz/cgi-bin/secure-auth?token=a9f8e7d6c5b4&session=expired,1,PhishTank/URLhaus,2026-09-30
http://auth.v2.protection.netflix-billing-verification.xyz/cgi-bin/secure-auth?user_id=89234&retry=1,1,PhishTank/URLhaus,2026-09-30
https://security-alert.dhl-tracking-express.info/webscr?cmd=_login-run?token=a9f8e7d6c5b4&session=expired,1,PhishTank/URLhaus,2026-09-30
https://secure.banking.netflix-billing.top/login.php?error=reauth_required&redirect=confirm,1,PhishTank/URLhaus,2026-09-30
http://gate-55.tk/session/e3473b2b0ce8760ef3b90acc/verify?user=victim,1,PhishTank/URLhaus,2026-09-30
http://gate-53.info/session/f513c0e785b124725250942b/verify?user=victim,1,PhishTank/URLhaus,2026-09-30
http://74.187.20.218:3000/checkpoint/challenge?error=reauth_required&redirect=confirm,1,PhishTank/URLhaus,2026-09-30
https://idmsa.apple.com.server-381.top/security/update.html?dest=banking_portal,1,PhishTank/URLhaus,2026-09-30
https://account-update.dhl-tracking-express-verification.xyz/webscr?cmd=_login-run?error=reauth_required&redirect=confirm,1,PhishTank/URLhaus,2026-09-30
https://signin.ebay.binance-kyc-verification.live/secure-form/v3?token=a9f8e7d6c5b4&session=expired,1,PhishTank/URLhaus,2026-09-30
https://confirm.identity.coinbase-auth.cc/auth/step2?user_id=89234&retry=1,1,PhishTank/URLhaus,2026-09-30
http://portal.idp.recovery.dhl-tracking-express.top/login.php?client_id=sec_9817294&state=token_revoked,1,PhishTank/URLhaus,2026-09-30
http://66.196.47.238:8443/session/verify-credentials?client_id=sec_9817294&state=token_revoked,1,PhishTank/URLhaus,2026-09-30
http://accounts.google.com.server-443.online/security/update.html?user_id=89234&retry=1,1,PhishTank/URLhaus,2026-09-30
http://gate-43.ru/session/059a2f06676ac26b754afc0b/verify?user=victim,1,PhishTank/URLhaus,2026-09-30
http://gate-91.top/session/ec954be8ef72052267a485ca/verify?user=victim,1,PhishTank/URLhaus,2026-09-30
http://gate-91.tk/session/5975097172bcbe2902cfe269/verify?user=victim,1,PhishTank/URLhaus,2026-09-30
http://gate-79.tk/session/1787f617fc5e9863a8250530/verify?user=victim,1,PhishTank/URLhaus,2026-09-30
https://signin.ebay.wellsfargo-verify.tk/portal/restore-access?token=a9f8e7d6c5b4&session=expired,1,PhishTank/URLhaus,2026-09-30
http://46.62.127.67:8443/account/verification?dest=banking_portal,1,PhishTank/URLhaus,2026-09-30
http://gate-66.ru/session/3886a517f8f6fc53e0875bef/verify?user=victim,1,PhishTank/URLhaus,2026-09-30
https://login.microsoft.com.server-693.ru/account/verification?client_id=sec_9817294&state=token_revoked,1,PhishTank/URLhaus,2026-09-30
http://gate-62.cc/session/af39fadc776c55ab7a1ad7c0/verify?user=victim,1,PhishTank/URLhaus,2026-09-30
https://idmsa.apple.com.server-666.tk/checkpoint/challenge?error=reauth_required&redirect=confirm,1,PhishTank/URLhaus,2026-09-30
http://login.netflix-billing.top/secure-form/v3?token=a9f8e7d6c5b4&session=expired,1,PhishTank/URLhaus,2026-09-30
https://idmsa.apple.com.server-607.club/security/update.html?user_id=89234&retry=1,1,PhishTank/URLhaus,2026-09-30
https://portal.idp.recovery.wellsfargo-verify.top/login.php?dest=banking_portal,1,PhishTank/URLhaus,2026-09-30
http://gate-44.online/session/6b6bad4f14f2494e3e4ef002/verify?user=victim,1,PhishTank/URLhaus,2026-09-30
https://accounts.google.com.server-619.cc/auth/step2?error=reauth_required&redirect=confirm,1,PhishTank/URLhaus,2026-09-30
https://accounts.google.com.server-357.tk/account/verification?token=a9f8e7d6c5b4&session=expired,1,PhishTank/URLhaus,2026-09-30
http://152.78.203.26:8000/login.php?error=reauth_required&redirect=confirm,1,PhishTank/URLhaus,2026-09-30
http://gate-10.top/session/e57ae600b207cc0978da6c4e/verify?user=victim,1,PhishTank/URLhaus,2026-09-30
http://signin.ebay.microsoft-security.ru/portal/restore-access?error=reauth_required&redirect=confirm,1,PhishTank/URLhaus,2026-09-30
http://auth.chase.com.server-260.top/account/verification?user_id=89234&retry=1,1,PhishTank/URLhaus,2026-09-30
https://accounts.google.com.server-938.cc/secure-form/v3?dest=banking_portal,1,PhishTank/URLhaus,2026-09-30
https://idmsa.apple.com.server-140.site/auth/step2?client_id=sec_9817294&state=token_revoked,1,PhishTank/URLhaus,2026-09-30
https://signin.ebay.chase-bank.top/secure-form/v3?client_id=sec_9817294&state=token_revoked,1,PhishTank/URLhaus,2026-09-30
http://account-update.amazon-customer-alert.online/account/verification?dest=banking_portal,1,PhishTank/URLhaus,2026-09-30
https://idmsa.apple.com.server-988.ru/portal/restore-access?error=reauth_required&redirect=confirm,1,PhishTank/URLhaus,2026-09-30
https://account-update.dhl-tracking-express-verification.xyz/security/update.html?dest=banking_portal,1,PhishTank/URLhaus,2026-09-30
http://signin.ebay.wellsfargo-verify.top/account/verification?dest=banking_portal,1,PhishTank/URLhaus,2026-09-30
https://login.microsoft.com.server-407.live/security/update.html?dest=banking_portal,1,PhishTank/URLhaus,2026-09-30
http://129.80.15.63/webscr?cmd=_login-run?token=a9f8e7d6c5b4&session=expired,1,PhishTank/URLhaus,2026-09-30
http://secure.banking.amazon-customer-alert.live/session/verify-credentials?client_id=sec_9817294&state=token_revoked,1,PhishTank/URLhaus,2026-09-30
http://63.169.47.250:3000/webscr?cmd=_login-run?user_id=89234&retry=1,1,PhishTank/URLhaus,2026-09-30
http://72.85.173.133/secure-form/v3?error=reauth_required&redirect=confirm,1,PhishTank/URLhaus,2026-09-30
https://account-update.chase-bank-verification.club/session/verify-credentials?dest=banking_portal,1,PhishTank/URLhaus,2026-09-30
https://login.microsoft.com.server-742.cc/portal/restore-access?token=a9f8e7d6c5b4&session=expired,1,PhishTank/URLhaus,2026-09-30
https://login.microsoft.com.server-855.info/checkpoint/challenge?client_id=sec_9817294&state=token_revoked,1,PhishTank/URLhaus,2026-09-30
http://idmsa.apple.com.server-142.top/cgi-bin/secure-auth?dest=banking_portal,1,PhishTank/URLhaus,2026-09-30
https://portal.idp.recovery.microsoft-security-verification.link/webscr?cmd=_login-run?user_id=89234&retry=1,1,PhishTank/URLhaus,2026-09-30
http://126.74.176.64:8443/security/update.html?dest=banking_portal,1,PhishTank/URLhaus,2026-09-30
http://idmsa.apple.com.server-406.info/security/update.html?dest=banking_portal,1,PhishTank/URLhaus,2026-09-30
http://207.88.200.176:8000/login.php?dest=banking_portal,1,PhishTank/URLhaus,2026-09-30
https://account-update.chase-bank.live/secure-form/v3?client_id=sec_9817294&state=token_revoked,1,PhishTank/URLhaus,2026-09-30
https://accounts.google.com.server-254.ru/auth/step2?error=reauth_required&redirect=confirm,1,PhishTank/URLhaus,2026-09-30
https://portal.idp.recovery.appleid-support-verification.club/account/verification?error=reauth_required&redirect=confirm,1,PhishTank/URLhaus,2026-09-30
https://account-update.wellsfargo-verify.top/portal/restore-access?dest=banking_portal,1,PhishTank/URLhaus,2026-09-30
https://secure.banking.chase-bank-verification.link/session/verify-credentials?client_id=sec_9817294&state=token_revoked,1,PhishTank/URLhaus,2026-09-30
http://gate-27.club/session/35726a814e5369f567b77da2/verify?user=victim,1,PhishTank/URLhaus,2026-09-30
https://login.microsoft.com.server-290.top/portal/restore-access?token=a9f8e7d6c5b4&session=expired,1,PhishTank/URLhaus,2026-09-30
http://gate-98.info/session/641c963d44c434d9cf64b98e/verify?user=victim,1,PhishTank/URLhaus,2026-09-30
https://login.coinbase-auth.site/session/verify-credentials?user_id=89234&retry=1,1,PhishTank/URLhaus,2026-09-30
http://107.152.226.14/portal/restore-access?error=reauth_required&redirect=confirm,1,PhishTank/URLhaus,2026-09-30
https://signin.ebay.coinbase-auth.tk/secure-form/v3?dest=banking_portal,1,PhishTank/URLhaus,2026-09-30
https://signin.ebay.appleid-support-verification.online/portal/restore-access?user_id=89234&retry=1,1,PhishTank/URLhaus,2026-09-30
https://auth.chase.com.server-681.tk/webscr?cmd=_login-run?error=reauth_required&redirect=confirm,1,PhishTank/URLhaus,2026-09-30
https://accounts.google.com.server-115.ru/webscr?cmd=_login-run?client_id=sec_9817294&state=token_revoked,1,PhishTank/URLhaus,2026-09-30
https://portal.idp.recovery.dhl-tracking-express.online/secure-form/v3?token=a9f8e7d6c5b4&session=expired,1,PhishTank/URLhaus,2026-09-30
https://login.microsoft.com.server-989.site/cgi-bin/secure-auth?dest=banking_portal,1,PhishTank/URLhaus,2026-09-30
http://92.63.237.34/secure-form/v3?error=reauth_required&redirect=confirm,1,PhishTank/URLhaus,2026-09-30
http://login.dhl-tracking-express.club/cgi-bin/secure-auth?token=a9f8e7d6c5b4&session=expired,1,PhishTank/URLhaus,2026-09-30
https://login.microsoft.com.server-973.link/webscr?cmd=_login-run?token=a9f8e7d6c5b4&session=expired,1,PhishTank/URLhaus,2026-09-30
http://gate-81.online/session/2cccef38182241e9d0151847/verify?user=victim,1,PhishTank/URLhaus,2026-09-30
https://confirm.identity.amazon-customer-alert-verification.site/login.php?dest=banking_portal,1,PhishTank/URLhaus,2026-09-30
http://gate-40.live/session/533e0fac91cc4e8588daccfd/verify?user=victim,1,PhishTank/URLhaus,2026-09-30
http://182.131.204.126/webscr?cmd=_login-run?user_id=89234&retry=1,1,PhishTank/URLhaus,2026-09-30
https://auth.chase.com.server-224.link/checkpoint/challenge?dest=banking_portal,1,PhishTank/URLhaus,2026-09-30
https://login.microsoft.com.server-654.info/checkpoint/challenge?client_id=sec_9817294&state=token_revoked,1,PhishTank/URLhaus,2026-09-30
https://accounts.google.com.server-270.xyz/cgi-bin/secure-auth?client_id=sec_9817294&state=token_revoked,1,PhishTank/URLhaus,2026-09-30
https://secure.banking.coinbase-auth.top/session/verify-credentials?dest=banking_portal,1,PhishTank/URLhaus,2026-09-30
https://accounts.google.com.server-715.top/security/update.html?user_id=89234&retry=1,1,PhishTank/URLhaus,2026-09-30
http://gate-26.info/session/aa7a368910412ad7c67f864d/verify?user=victim,1,PhishTank/URLhaus,2026-09-30
http://133.144.189.222/webscr?cmd=_login-run?dest=banking_portal,1,PhishTank/URLhaus,2026-09-30
http://gate-89.ru/session/0e42d054b95f075e99b62403/verify?user=victim,1,PhishTank/URLhaus,2026-09-30
http://104.31.150.32:8000/security/update.html?client_id=sec_9817294&state=token_revoked,1,PhishTank/URLhaus,2026-09-30
https://auth.v2.protection.chase-bank.xyz/checkpoint/challenge?error=reauth_required&redirect=confirm,1,PhishTank/URLhaus,2026-09-30
https://verify-account.amazon-customer-alert.live/login.php?error=reauth_required&redirect=confirm,1,PhishTank/URLhaus,2026-09-30
https://accounts.google.com.server-562.site/secure-form/v3?user_id=89234&retry=1,1,PhishTank/URLhaus,2026-09-30
http://confirm.identity.wellsfargo-verify-verification.ru/checkpoint/challenge?dest=banking_portal,1,PhishTank/URLhaus,2026-09-30
https://idmsa.apple.com.server-834.club/cgi-bin/secure-auth?token=a9f8e7d6c5b4&session=expired,1,PhishTank/URLhaus,2026-09-30
http://209.40.134.240:8000/portal/restore-access?dest=banking_portal,1,PhishTank/URLhaus,2026-09-30
https://signin.ebay.chase-bank-verification.link/account/verification?error=reauth_required&redirect=confirm,1,PhishTank/URLhaus,2026-09-30
https://login.microsoft.com.server-340.site/security/update.html?user_id=89234&retry=1,1,PhishTank/URLhaus,2026-09-30
http://gate-54.online/session/53e599d1fc34d3caf17a23c4/verify?user=victim,1,PhishTank/URLhaus,2026-09-30
https://login.microsoft.com.server-310.xyz/cgi-bin/secure-auth?client_id=sec_9817294&state=token_revoked,1,PhishTank/URLhaus,2026-09-30
https://auth.v2.protection.dhl-tracking-express-verification.top/webscr?cmd=_login-run?dest=banking_portal,1,PhishTank/URLhaus,2026-09-30
https://secure.banking.amazon-customer-alert.top/cgi-bin/secure-auth?client_id=sec_9817294&state=token_revoked,1,PhishTank/URLhaus,2026-09-30
https://login.microsoft.com.server-964.club/auth/step2?dest=banking_portal,1,PhishTank/URLhaus,2026-09-30
http://152.17.212.51/secure-form/v3?client_id=sec_9817294&state=token_revoked,1,PhishTank/URLhaus,2026-09-30
http://140.113.62.229:8080/webscr?cmd=_login-run?token=a9f8e7d6c5b4&session=expired,1,PhishTank/URLhaus,2026-09-30
http://gate-62.tk/session/5f9966a10119c52dcefcc54b/verify?user=victim,1,PhishTank/URLhaus,2026-09-30
https://verify-account.microsoft-security.cc/webscr?cmd=_login-run?dest=banking_portal,1,PhishTank/URLhaus,2026-09-30
http://login.amazon-customer-alert.ru/cgi-bin/secure-auth?error=reauth_required&redirect=confirm,1,PhishTank/URLhaus,2026-09-30
https://login.microsoft.com.server-518.online/session/verify-credentials?token=a9f8e7d6c5b4&session=expired,1,PhishTank/URLhaus,2026-09-30
http://92.31.233.6/account/verification?token=a9f8e7d6c5b4&session=expired,1,PhishTank/URLhaus,2026-09-30
http://gate-67.online/session/8950ef2a4ebcef09e0d13d21/verify?user=victim,1,PhishTank/URLhaus,2026-09-30
https://accounts.google.com.server-740.online/security/update.html?dest=banking_portal,1,PhishTank/URLhaus,2026-09-30
http://gate-65.site/session/1a27dec5bad5274bf6fc2378/verify?user=victim,1,PhishTank/URLhaus,2026-09-30
http://48.36.104.24:8080/webscr?cmd=_login-run?token=a9f8e7d6c5b4&session=expired,1,PhishTank/URLhaus,2026-09-30
http://91.26.170.34/login.php?client_id=sec_9817294&state=token_revoked,1,PhishTank/URLhaus,2026-09-30
https://login.microsoft.com.server-535.top/login.php?dest=banking_portal,1,PhishTank/URLhaus,2026-09-30
https://idmsa.apple.com.server-582.live/portal/restore-access?client_id=sec_9817294&state=token_revoked,1,PhishTank/URLhaus,2026-09-30
https://signin.ebay.chase-bank-verification.live/account/verification?error=reauth_required&redirect=confirm,1,PhishTank/URLhaus,2026-09-30
https://accounts.google.com.server-812.live/checkpoint/challenge?dest=banking_portal,1,PhishTank/URLhaus,2026-09-30
http://portal.idp.recovery.binance-kyc-verification.xyz/webscr?cmd=_login-run?error=reauth_required&redirect=confirm,1,PhishTank/URLhaus,2026-09-30
https://confirm.identity.wellsfargo-verify.ru/secure-form/v3?error=reauth_required&redirect=confirm,1,PhishTank/URLhaus,2026-09-30
http://112.110.151.99/checkpoint/challenge?token=a9f8e7d6c5b4&session=expired,1,PhishTank/URLhaus,2026-09-30
http://login.coinbase-auth-verification.info/secure-form/v3?client_id=sec_9817294&state=token_revoked,1,PhishTank/URLhaus,2026-09-30
http://gate-85.club/session/40eacc72eb8c1dbb23155c6b/verify?user=victim,1,PhishTank/URLhaus,2026-09-30
https://auth.v2.protection.binance-kyc-verification.info/cgi-bin/secure-auth?dest=banking_portal,1,PhishTank/URLhaus,2026-09-30
http://144.155.115.200/checkpoint/challenge?token=a9f8e7d6c5b4&session=expired,1,PhishTank/URLhaus,2026-09-30
http://gate-8.top/session/6242ad7d386245e398255f23/verify?user=victim,1,PhishTank/URLhaus,2026-09-30
http://gate-56.live/session/5588c41387f146a7afd66532/verify?user=victim,1,PhishTank/URLhaus,2026-09-30
https://verify-account.chase-bank.link/checkpoint/challenge?error=reauth_required&redirect=confirm,1,PhishTank/URLhaus,2026-09-30
https://account-update.microsoft-security-verification.club/webscr?cmd=_login-run?token=a9f8e7d6c5b4&session=expired,1,PhishTank/URLhaus,2026-09-30
http://portal.idp.recovery.paypal.info/login.php?error=reauth_required&redirect=confirm,1,PhishTank/URLhaus,2026-09-30
http://auth.v2.protection.appleid-support-verification.xyz/security/update.html?error=reauth_required&redirect=confirm,1,PhishTank/URLhaus,2026-09-30
http://gate-1.xyz/session/e87360eabc38f0f6f49804bc/verify?user=victim,1,PhishTank/URLhaus,2026-09-30
http://gate-33.link/session/0ff8a4a6e432c47183df4cc2/verify?user=victim,1,PhishTank/URLhaus,2026-09-30
http://gate-89.top/session/c52a5b01959223dd4756d491/verify?user=victim,1,PhishTank/URLhaus,2026-09-30
http://188.82.15.208/checkpoint/challenge?user_id=89234&retry=1,1,PhishTank/URLhaus,2026-09-30
https://auth.chase.com.server-665.link/cgi-bin/secure-auth?token=a9f8e7d6c5b4&session=expired,1,PhishTank/URLhaus,2026-09-30
https://login.microsoft.com.server-681.online/account/verification?client_id=sec_9817294&state=token_revoked,1,PhishTank/URLhaus,2026-09-30
https://secure.banking.chase-bank.online/login.php?client_id=sec_9817294&state=token_revoked,1,PhishTank/URLhaus,2026-09-30
http://108.88.70.7:8443/checkpoint/challenge?client_id=sec_9817294&state=token_revoked,1,PhishTank/URLhaus,2026-09-30
https://confirm.identity.chase-bank.online/cgi-bin/secure-auth?dest=banking_portal,1,PhishTank/URLhaus,2026-09-30
https://confirm.identity.coinbase-auth.xyz/security/update.html?client_id=sec_9817294&state=token_revoked,1,PhishTank/URLhaus,2026-09-30
https://auth.chase.com.server-682.link/account/verification?user_id=89234&retry=1,1,PhishTank/URLhaus,2026-09-30
https://secure.banking.wellsfargo-verify.info/session/verify-credentials?error=reauth_required&redirect=confirm,1,PhishTank/URLhaus,2026-09-30
http://login.appleid-support.club/login.php?error=reauth_required&redirect=confirm,1,PhishTank/URLhaus,2026-09-30
https://portal.idp.recovery.paypal-verification.live/login.php?user_id=89234&retry=1,1,PhishTank/URLhaus,2026-09-30
https://confirm.identity.paypal-verification.live/secure-form/v3?token=a9f8e7d6c5b4&session=expired,1,PhishTank/URLhaus,2026-09-30
https://auth.chase.com.server-553.cc/auth/step2?dest=banking_portal,1,PhishTank/URLhaus,2026-09-30
https://confirm.identity.binance-kyc-verification.info/login.php?user_id=89234&retry=1,1,PhishTank/URLhaus,2026-09-30
https://login.microsoft.com.server-349.xyz/auth/step2?error=reauth_required&redirect=confirm,1,PhishTank/URLhaus,2026-09-30
http://114.161.28.151:3000/secure-form/v3?client_id=sec_9817294&state=token_revoked,1,PhishTank/URLhaus,2026-09-30
http://portal.idp.recovery.wellsfargo-verify-verification.site/auth/step2?token=a9f8e7d6c5b4&session=expired,1,PhishTank/URLhaus,2026-09-30
http://89.134.191.18:3000/security/update.html?dest=banking_portal,1,PhishTank/URLhaus,2026-09-30
http://gate-53.link/session/f2b3dcbd5238b078a6b6f9ce/verify?user=victim,1,PhishTank/URLhaus,2026-09-30
https://secure.banking.coinbase-auth-verification.tk/auth/step2?error=reauth_required&redirect=confirm,1,PhishTank/URLhaus,2026-09-30
http://secure.banking.microsoft-security.tk/auth/step2?user_id=89234&retry=1,1,PhishTank/URLhaus,2026-09-30
http://signin.ebay.dhl-tracking-express-verification.live/login.php?client_id=sec_9817294&state=token_revoked,1,PhishTank/URLhaus,2026-09-30
http://204.159.231.203:8000/session/verify-credentials?error=reauth_required&redirect=confirm,1,PhishTank/URLhaus,2026-09-30
https://portal.idp.recovery.chase-bank-verification.info/security/update.html?error=reauth_required&redirect=confirm,1,PhishTank/URLhaus,2026-09-30
https://auth.v2.protection.wellsfargo-verify-verification.online/security/update.html?user_id=89234&retry=1,1,PhishTank/URLhaus,2026-09-30
https://login.microsoft.com.server-551.link/login.php?dest=banking_portal,1,PhishTank/URLhaus,2026-09-30
http://security-alert.appleid-support.site/security/update.html?error=reauth_required&redirect=confirm,1,PhishTank/URLhaus,2026-09-30
https://idmsa.apple.com.server-214.site/account/verification?error=reauth_required&redirect=confirm,1,PhishTank/URLhaus,2026-09-30
http://185.58.87.135/cgi-bin/secure-auth?client_id=sec_9817294&state=token_revoked,1,PhishTank/URLhaus,2026-09-30
http://136.49.77.165:8080/auth/step2?user_id=89234&retry=1,1,PhishTank/URLhaus,2026-09-30
https://security-alert.coinbase-auth.online/account/verification?token=a9f8e7d6c5b4&session=expired,1,PhishTank/URLhaus,2026-09-30
http://gate-98.online/session/84416b9ea133ebfc53b4ef80/verify?user=victim,1,PhishTank/URLhaus,2026-09-30
http://46.16.109.138:8000/security/update.html?dest=banking_portal,1,PhishTank/URLhaus,2026-09-30
http://122.44.214.6:8443/security/update.html?user_id=89234&retry=1,1,PhishTank/URLhaus,2026-09-30
http://account-update.paypal.live/checkpoint/challenge?user_id=89234&retry=1,1,PhishTank/URLhaus,2026-09-30
http://148.133.36.76/checkpoint/challenge?client_id=sec_9817294&state=token_revoked,1,PhishTank/URLhaus,2026-09-30
http://confirm.identity.paypal-verification.xyz/cgi-bin/secure-auth?user_id=89234&retry=1,1,PhishTank/URLhaus,2026-09-30
http://gate-59.info/session/d0e4ebcb8c30f24148886c23/verify?user=victim,1,PhishTank/URLhaus,2026-09-30
https://accounts.google.com.server-356.link/auth/step2?dest=banking_portal,1,PhishTank/URLhaus,2026-09-30
http://confirm.identity.dhl-tracking-express.live/secure-form/v3?token=a9f8e7d6c5b4&session=expired,1,PhishTank/URLhaus,2026-09-30
http://account-update.microsoft-security.site/cgi-bin/secure-auth?user_id=89234&retry=1,1,PhishTank/URLhaus,2026-09-30
https://idmsa.apple.com.server-747.link/account/verification?user_id=89234&retry=1,1,PhishTank/URLhaus,2026-09-30
http://auth.v2.protection.netflix-billing-verification.xyz/checkpoint/challenge?token=a9f8e7d6c5b4&session=expired,1,PhishTank/URLhaus,2026-09-30
http://98.154.6.247:8080/secure-form/v3?error=reauth_required&redirect=confirm,1,PhishTank/URLhaus,2026-09-30
https://auth.chase.com.server-553.cc/session/verify-credentials?client_id=sec_9817294&state=token_revoked,1,PhishTank/URLhaus,2026-09-30
http://gate-40.online/session/ea228d1b6deb62ec6a50a617/verify?user=victim,1,PhishTank/URLhaus,2026-09-30
http://70.103.196.101/webscr?cmd=_login-run?dest=banking_portal,1,PhishTank/URLhaus,2026-09-30
http://gate-25.info/session/817cf72feedc4396fd7da85e/verify?user=victim,1,PhishTank/URLhaus,2026-09-30
http://idmsa.apple.com.server-755.live/webscr?cmd=_login-run?dest=banking_portal,1,PhishTank/URLhaus,2026-09-30
https://security-alert.appleid-support.xyz/security/update.html?token=a9f8e7d6c5b4&session=expired,1,PhishTank/URLhaus,2026-09-30
https://signin.ebay.dhl-tracking-express.tk/security/update.html?dest=banking_portal,1,PhishTank/URLhaus,2026-09-30
http://gate-51.online/session/31ac40afa7b62ba668514f8d/verify?user=victim,1,PhishTank/URLhaus,2026-09-30
http://idmsa.apple.com.server-581.online/portal/restore-access?user_id=89234&retry=1,1,PhishTank/URLhaus,2026-09-30
https://security-alert.wellsfargo-verify.tk/checkpoint/challenge?token=a9f8e7d6c5b4&session=expired,1,PhishTank/URLhaus,2026-09-30
https://portal.idp.recovery.chase-bank-verification.cc/webscr?cmd=_login-run?dest=banking_portal,1,PhishTank/URLhaus,2026-09-30
https://login.microsoft.com.server-876.tk/checkpoint/challenge?error=reauth_required&redirect=confirm,1,PhishTank/URLhaus,2026-09-30
http://66.143.14.147:8080/cgi-bin/secure-auth?user_id=89234&retry=1,1,PhishTank/URLhaus,2026-09-30
https://signin.ebay.appleid-support-verification.site/cgi-bin/secure-auth?token=a9f8e7d6c5b4&session=expired,1,PhishTank/URLhaus,2026-09-30
https://signin.ebay.microsoft-security.xyz/auth/step2?error=reauth_required&redirect=confirm,1,PhishTank/URLhaus,2026-09-30
http://auth.chase.com.server-180.top/portal/restore-access?client_id=sec_9817294&state=token_revoked,1,PhishTank/URLhaus,2026-09-30
https://signin.ebay.paypal-verification.online/account/verification?dest=banking_portal,1,PhishTank/URLhaus,2026-09-30
https://idmsa.apple.com.server-771.live/secure-form/v3?token=a9f8e7d6c5b4&session=expired,1,PhishTank/URLhaus,2026-09-30
https://confirm.identity.wellsfargo-verify.site/checkpoint/challenge?client_id=sec_9817294&state=token_revoked,1,PhishTank/URLhaus,2026-09-30
http://accounts.google.com.server-173.info/login.php?token=a9f8e7d6c5b4&session=expired,1,PhishTank/URLhaus,2026-09-30
http://134.100.70.3/cgi-bin/secure-auth?user_id=89234&retry=1,1,PhishTank/URLhaus,2026-09-30
http://confirm.identity.dhl-tracking-express-verification.xyz/account/verification?error=reauth_required&redirect=confirm,1,PhishTank/URLhaus,2026-09-30
https://idmsa.apple.com.server-397.info/login.php?error=reauth_required&redirect=confirm,1,PhishTank/URLhaus,2026-09-30
http://portal.idp.recovery.coinbase-auth.ru/auth/step2?error=reauth_required&redirect=confirm,1,PhishTank/URLhaus,2026-09-30
http://129.123.103.39:8080/cgi-bin/secure-auth?dest=banking_portal,1,PhishTank/URLhaus,2026-09-30
https://confirm.identity.amazon-customer-alert.info/session/verify-credentials?client_id=sec_9817294&state=token_revoked,1,PhishTank/URLhaus,2026-09-30
http://70.143.112.37/secure-form/v3?user_id=89234&retry=1,1,PhishTank/URLhaus,2026-09-30
http://gate-44.tk/session/de41ce5339de06608eede879/verify?user=victim,1,PhishTank/URLhaus,2026-09-30
http://gate-42.xyz/session/83a341829f602a1e551b11a9/verify?user=victim,1,PhishTank/URLhaus,2026-09-30
http://122.131.35.35/webscr?cmd=_login-run?error=reauth_required&redirect=confirm,1,PhishTank/URLhaus,2026-09-30
https://accounts.google.com.server-147.club/login.php?error=reauth_required&redirect=confirm,1,PhishTank/URLhaus,2026-09-30
http://gate-46.info/session/396fbddee9155d530d29b9ae/verify?user=victim,1,PhishTank/URLhaus,2026-09-30
https://account-update.amazon-customer-alert-verification.site/login.php?user_id=89234&retry=1,1,PhishTank/URLhaus,2026-09-30
http://gate-62.site/session/a683fb998b4096c71240e26e/verify?user=victim,1,PhishTank/URLhaus,2026-09-30
http://gate-10.club/session/dddf5c92994077ebf9d719fe/verify?user=victim,1,PhishTank/URLhaus,2026-09-30
http://62.28.197.149/cgi-bin/secure-auth?error=reauth_required&redirect=confirm,1,PhishTank/URLhaus,2026-09-30
https://signin.ebay.amazon-customer-alert.link/cgi-bin/secure-auth?user_id=89234&retry=1,1,PhishTank/URLhaus,2026-09-30
https://confirm.identity.microsoft-security.top/webscr?cmd=_login-run?client_id=sec_9817294&state=token_revoked,1,PhishTank/URLhaus,2026-09-30
https://accounts.google.com.server-619.live/login.php?token=a9f8e7d6c5b4&session=expired,1,PhishTank/URLhaus,2026-09-30
http://60.101.218.37/webscr?cmd=_login-run?token=a9f8e7d6c5b4&session=expired,1,PhishTank/URLhaus,2026-09-30
https://idmsa.apple.com.server-533.cc/cgi-bin/secure-auth?client_id=sec_9817294&state=token_revoked,1,PhishTank/URLhaus,2026-09-30
https://idmsa.apple.com.server-878.cc/webscr?cmd=_login-run?user_id=89234&retry=1,1,PhishTank/URLhaus,2026-09-30
https://login.dhl-tracking-express.online/cgi-bin/secure-auth?user_id=89234&retry=1,1,PhishTank/URLhaus,2026-09-30
http://94.32.11.121/auth/step2?user_id=89234&retry=1,1,PhishTank/URLhaus,2026-09-30
http://account-update.binance-kyc.cc/webscr?cmd=_login-run?token=a9f8e7d6c5b4&session=expired,1,PhishTank/URLhaus,2026-09-30
http://auth.chase.com.server-591.info/checkpoint/challenge?client_id=sec_9817294&state=token_revoked,1,PhishTank/URLhaus,2026-09-30
https://signin.ebay.appleid-support-verification.xyz/session/verify-credentials?dest=banking_portal,1,PhishTank/URLhaus,2026-09-30
http://45.168.136.117:8000/session/verify-credentials?user_id=89234&retry=1,1,PhishTank/URLhaus,2026-09-30
http://gate-97.tk/session/07aef2a996291db9bd0aadbd/verify?user=victim,1,PhishTank/URLhaus,2026-09-30
https://idmsa.apple.com.server-669.xyz/login.php?user_id=89234&retry=1,1,PhishTank/URLhaus,2026-09-30
http://181.114.50.202:8000/account/verification?client_id=sec_9817294&state=token_revoked,1,PhishTank/URLhaus,2026-09-30
http://gate-78.ru/session/c266e10af3d4b23158f2dfce/verify?user=victim,1,PhishTank/URLhaus,2026-09-30
http://187.112.61.26:8443/cgi-bin/secure-auth?client_id=sec_9817294&state=token_revoked,1,PhishTank/URLhaus,2026-09-30
https://confirm.identity.coinbase-auth.tk/cgi-bin/secure-auth?client_id=sec_9817294&state=token_revoked,1,PhishTank/URLhaus,2026-09-30
https://accounts.google.com.server-576.info/secure-form/v3?user_id=89234&retry=1,1,PhishTank/URLhaus,2026-09-30
http://auth.v2.protection.paypal.link/portal/restore-access?user_id=89234&retry=1,1,PhishTank/URLhaus,2026-09-30
http://gate-47.link/session/7d542275982bfbbe8468bac8/verify?user=victim,1,PhishTank/URLhaus,2026-09-30
https://confirm.identity.binance-kyc-verification.ru/checkpoint/challenge?token=a9f8e7d6c5b4&session=expired,1,PhishTank/URLhaus,2026-09-30
http://portal.idp.recovery.appleid-support-verification.cc/auth/step2?client_id=sec_9817294&state=token_revoked,1,PhishTank/URLhaus,2026-09-30
http://portal.idp.recovery.paypal-verification.cc/login.php?error=reauth_required&redirect=confirm,1,PhishTank/URLhaus,2026-09-30
http://gate-44.tk/session/8b45379b9293f0a03dccd180/verify?user=victim,1,PhishTank/URLhaus,2026-09-30
http://portal.idp.recovery.paypal-verification.top/auth/step2?token=a9f8e7d6c5b4&session=expired,1,PhishTank/URLhaus,2026-09-30
http://login.microsoft.com.server-964.club/cgi-bin/secure-auth?dest=banking_portal,1,PhishTank/URLhaus,2026-09-30
https://verify-account.microsoft-security.site/secure-form/v3?client_id=sec_9817294&state=token_revoked,1,PhishTank/URLhaus,2026-09-30
http://gate-58.live/session/34d98a52de3dc67cc5959973/verify?user=victim,1,PhishTank/URLhaus,2026-09-30
http://143.118.53.54:8080/security/update.html?dest=banking_portal,1,PhishTank/URLhaus,2026-09-30
https://signin.ebay.paypal.xyz/cgi-bin/secure-auth?token=a9f8e7d6c5b4&session=expired,1,PhishTank/URLhaus,2026-09-30
https://idmsa.apple.com.server-121.info/auth/step2?token=a9f8e7d6c5b4&session=expired,1,PhishTank/URLhaus,2026-09-30
http://security-alert.chase-bank.online/auth/step2?client_id=sec_9817294&state=token_revoked,1,PhishTank/URLhaus,2026-09-30
https://account-update.coinbase-auth.info/secure-form/v3?error=reauth_required&redirect=confirm,1,PhishTank/URLhaus,2026-09-30
http://131.50.62.198:8000/checkpoint/challenge?client_id=sec_9817294&state=token_revoked,1,PhishTank/URLhaus,2026-09-30
http://auth.v2.protection.wellsfargo-verify-verification.xyz/cgi-bin/secure-auth?token=a9f8e7d6c5b4&session=expired,1,PhishTank/URLhaus,2026-09-30
http://101.125.210.238:8080/secure-form/v3?token=a9f8e7d6c5b4&session=expired,1,PhishTank/URLhaus,2026-09-30
http://gate-29.tk/session/be0edab4d3fd9dc4f7ac2242/verify?user=victim,1,PhishTank/URLhaus,2026-09-30
https://login.wellsfargo-verify-verification.info/auth/step2?token=a9f8e7d6c5b4&session=expired,1,PhishTank/URLhaus,2026-09-30
https://signin.ebay.binance-kyc.info/webscr?cmd=_login-run?error=reauth_required&redirect=confirm,1,PhishTank/URLhaus,2026-09-30
http://205.17.99.89/security/update.html?token=a9f8e7d6c5b4&session=expired,1,PhishTank/URLhaus,2026-09-30
https://idmsa.apple.com.server-961.live/cgi-bin/secure-auth?dest=banking_portal,1,PhishTank/URLhaus,2026-09-30
https://auth.v2.protection.chase-bank-verification.live/checkpoint/challenge?client_id=sec_9817294&state=token_revoked,1,PhishTank/URLhaus,2026-09-30
https://secure.banking.appleid-support-verification.site/auth/step2?client_id=sec_9817294&state=token_revoked,1,PhishTank/URLhaus,2026-09-30
http://signin.ebay.dhl-tracking-express-verification.xyz/webscr?cmd=_login-run?dest=banking_portal,1,PhishTank/URLhaus,2026-09-30
http://gate-22.cc/session/a638b83c865365d5c4a029df/verify?user=victim,1,PhishTank/URLhaus,2026-09-30
http://confirm.identity.amazon-customer-alert-verification.ru/login.php?user_id=89234&retry=1,1,PhishTank/URLhaus,2026-09-30
http://gate-45.club/session/adb784987faa85fa62107cb8/verify?user=victim,1,PhishTank/URLhaus,2026-09-30
http://auth.chase.com.server-687.online/session/verify-credentials?user_id=89234&retry=1,1,PhishTank/URLhaus,2026-09-30
http://accounts.google.com.server-340.info/cgi-bin/secure-auth?user_id=89234&retry=1,1,PhishTank/URLhaus,2026-09-30
https://auth.chase.com.server-252.tk/session/verify-credentials?client_id=sec_9817294&state=token_revoked,1,PhishTank/URLhaus,2026-09-30
https://auth.chase.com.server-729.site/webscr?cmd=_login-run?error=reauth_required&redirect=confirm,1,PhishTank/URLhaus,2026-09-30
http://181.85.109.175:3000/auth/step2?token=a9f8e7d6c5b4&session=expired,1,PhishTank/URLhaus,2026-09-30
https://login.microsoft.com.server-912.online/security/update.html?client_id=sec_9817294&state=token_revoked,1,PhishTank/URLhaus,2026-09-30
https://portal.idp.recovery.netflix-billing-verification.tk/checkpoint/challenge?client_id=sec_9817294&state=token_revoked,1,PhishTank/URLhaus,2026-09-30
http://idmsa.apple.com.server-229.cc/auth/step2?user_id=89234&retry=1,1,PhishTank/URLhaus,2026-09-30
https://login.microsoft.com.server-795.tk/checkpoint/challenge?dest=banking_portal,1,PhishTank/URLhaus,2026-09-30
http://94.179.224.184/security/update.html?user_id=89234&retry=1,1,PhishTank/URLhaus,2026-09-30
http://47.177.33.199:8080/webscr?cmd=_login-run?dest=banking_portal,1,PhishTank/URLhaus,2026-09-30
https://login.microsoft.com.server-655.site/checkpoint/challenge?dest=banking_portal,1,PhishTank/URLhaus,2026-09-30
https://portal.idp.recovery.amazon-customer-alert-verification.site/checkpoint/challenge?user_id=89234&retry=1,1,PhishTank/URLhaus,2026-09-30
https://login.microsoft.com.server-492.top/auth/step2?token=a9f8e7d6c5b4&session=expired,1,PhishTank/URLhaus,2026-09-30
http://gate-59.info/session/12475440c002e8cd8d989eeb/verify?user=victim,1,PhishTank/URLhaus,2026-09-30
https://auth.chase.com.server-409.info/session/verify-credentials?error=reauth_required&redirect=confirm,1,PhishTank/URLhaus,2026-09-30
https://login.microsoft.com.server-551.xyz/webscr?cmd=_login-run?client_id=sec_9817294&state=token_revoked,1,PhishTank/URLhaus,2026-09-30
https://auth.chase.com.server-765.tk/account/verification?user_id=89234&retry=1,1,PhishTank/URLhaus,2026-09-30
http://verify-account.microsoft-security.live/checkpoint/challenge?dest=banking_portal,1,PhishTank/URLhaus,2026-09-30
https://accounts.google.com.server-196.tk/checkpoint/challenge?token=a9f8e7d6c5b4&session=expired,1,PhishTank/URLhaus,2026-09-30
https://login.microsoft.com.server-408.info/account/verification?user_id=89234&retry=1,1,PhishTank/URLhaus,2026-09-30
http://59.134.33.111/portal/restore-access?client_id=sec_9817294&state=token_revoked,1,PhishTank/URLhaus,2026-09-30
https://auth.chase.com.server-172.cc/webscr?cmd=_login-run?token=a9f8e7d6c5b4&session=expired,1,PhishTank/URLhaus,2026-09-30
http://account-update.paypal.xyz/webscr?cmd=_login-run?user_id=89234&retry=1,1,PhishTank/URLhaus,2026-09-30
https://accounts.google.com.server-593.club/secure-form/v3?user_id=89234&retry=1,1,PhishTank/URLhaus,2026-09-30
http://gate-33.ru/session/3b790663ce56f315fb9d8f3d/verify?user=victim,1,PhishTank/URLhaus,2026-09-30
http://accounts.google.com.server-898.online/checkpoint/challenge?client_id=sec_9817294&state=token_revoked,1,PhishTank/URLhaus,2026-09-30
https://portal.idp.recovery.amazon-customer-alert.info/session/verify-credentials?error=reauth_required&redirect=confirm,1,PhishTank/URLhaus,2026-09-30
https://accounts.google.com.server-868.info/security/update.html?user_id=89234&retry=1,1,PhishTank/URLhaus,2026-09-30
https://secure.banking.coinbase-auth.xyz/cgi-bin/secure-auth?client_id=sec_9817294&state=token_revoked,1,PhishTank/URLhaus,2026-09-30
https://login.microsoft.com.server-294.top/session/verify-credentials?user_id=89234&retry=1,1,PhishTank/URLhaus,2026-09-30
http://auth.v2.protection.amazon-customer-alert.club/login.php?error=reauth_required&redirect=confirm,1,PhishTank/URLhaus,2026-09-30
http://portal.idp.recovery.binance-kyc-verification.live/security/update.html?error=reauth_required&redirect=confirm,1,PhishTank/URLhaus,2026-09-30
http://confirm.identity.dhl-tracking-express-verification.cc/cgi-bin/secure-auth?user_id=89234&retry=1,1,PhishTank/URLhaus,2026-09-30
https://accounts.google.com.server-790.online/auth/step2?error=reauth_required&redirect=confirm,1,PhishTank/URLhaus,2026-09-30
http://gate-40.top/session/370ab91f4341738e393ba371/verify?user=victim,1,PhishTank/URLhaus,2026-09-30
http://gate-85.cc/session/e7c07f89c37c1315a6c2e78d/verify?user=victim,1,PhishTank/URLhaus,2026-09-30
http://147.168.20.120:8000/secure-form/v3?client_id=sec_9817294&state=token_revoked,1,PhishTank/URLhaus,2026-09-30
https://security-alert.binance-kyc.live/security/update.html?error=reauth_required&redirect=confirm,1,PhishTank/URLhaus,2026-09-30
https://login.microsoft.com.server-629.xyz/session/verify-credentials?user_id=89234&retry=1,1,PhishTank/URLhaus,2026-09-30
http://gate-85.club/session/a5096296ac34af0d87a30671/verify?user=victim,1,PhishTank/URLhaus,2026-09-30
http://accounts.google.com.server-874.cc/auth/step2?token=a9f8e7d6c5b4&session=expired,1,PhishTank/URLhaus,2026-09-30
https://idmsa.apple.com.server-276.ru/webscr?cmd=_login-run?token=a9f8e7d6c5b4&session=expired,1,PhishTank/URLhaus,2026-09-30
https://auth.chase.com.server-651.link/account/verification?error=reauth_required&redirect=confirm,1,PhishTank/URLhaus,2026-09-30
http://47.81.56.42:8080/security/update.html?error=reauth_required&redirect=confirm,1,PhishTank/URLhaus,2026-09-30
https://account-update.microsoft-security-verification.site/security/update.html?error=reauth_required&redirect=confirm,1,PhishTank/URLhaus,2026-09-30
http://gate-60.ru/session/6d22ccf6e5fafa53fb81f8e6/verify?user=victim,1,PhishTank/URLhaus,2026-09-30
http://114.19.124.166:8443/security/update.html?client_id=sec_9817294&state=token_revoked,1,PhishTank/URLhaus,2026-09-30
https://auth.chase.com.server-485.link/checkpoint/challenge?client_id=sec_9817294&state=token_revoked,1,PhishTank/URLhaus,2026-09-30
http://179.26.164.233/login.php?client_id=sec_9817294&state=token_revoked,1,PhishTank/URLhaus,2026-09-30
http://184.40.145.69/auth/step2?user_id=89234&retry=1,1,PhishTank/URLhaus,2026-09-30
https://idmsa.apple.com.server-568.ru/secure-form/v3?dest=banking_portal,1,PhishTank/URLhaus,2026-09-30
https://confirm.identity.coinbase-auth.online/webscr?cmd=_login-run?user_id=89234&retry=1,1,PhishTank/URLhaus,2026-09-30
http://184.114.125.163:8080/auth/step2?client_id=sec_9817294&state=token_revoked,1,PhishTank/URLhaus,2026-09-30
https://accounts.google.com.server-868.online/account/verification?token=a9f8e7d6c5b4&session=expired,1,PhishTank/URLhaus,2026-09-30
https://idmsa.apple.com.server-895.cc/webscr?cmd=_login-run?error=reauth_required&redirect=confirm,1,PhishTank/URLhaus,2026-09-30
https://auth.v2.protection.chase-bank.online/auth/step2?client_id=sec_9817294&state=token_revoked,1,PhishTank/URLhaus,2026-09-30
http://gate-55.online/session/68c1988311d2ec6fa7ac0ba4/verify?user=victim,1,PhishTank/URLhaus,2026-09-30
https://verify-account.chase-bank-verification.club/session/verify-credentials?user_id=89234&retry=1,1,PhishTank/URLhaus,2026-09-30
http://110.197.151.217:8080/security/update.html?dest=banking_portal,1,PhishTank/URLhaus,2026-09-30
https://verify-account.amazon-customer-alert.tk/secure-form/v3?user_id=89234&retry=1,1,PhishTank/URLhaus,2026-09-30
https://auth.chase.com.server-934.info/security/update.html?error=reauth_required&redirect=confirm,1,PhishTank/URLhaus,2026-09-30
http://login.microsoft.com.server-220.link/session/verify-credentials?client_id=sec_9817294&state=token_revoked,1,PhishTank/URLhaus,2026-09-30
http://91.176.55.24/security/update.html?token=a9f8e7d6c5b4&session=expired,1,PhishTank/URLhaus,2026-09-30
https://login.microsoft.com.server-683.cc/account/verification?dest=banking_portal,1,PhishTank/URLhaus,2026-09-30
https://login.microsoft.com.server-214.link/webscr?cmd=_login-run?dest=banking_portal,1,PhishTank/URLhaus,2026-09-30
https://idmsa.apple.com.server-902.online/login.php?client_id=sec_9817294&state=token_revoked,1,PhishTank/URLhaus,2026-09-30
http://signin.ebay.dhl-tracking-express.club/checkpoint/challenge?token=a9f8e7d6c5b4&session=expired,1,PhishTank/URLhaus,2026-09-30
http://auth.chase.com.server-971.ru/portal/restore-access?dest=banking_portal,1,PhishTank/URLhaus,2026-09-30
http://secure.banking.wellsfargo-verify-verification.live/auth/step2?error=reauth_required&redirect=confirm,1,PhishTank/URLhaus,2026-09-30
https://account-update.coinbase-auth-verification.top/login.php?client_id=sec_9817294&state=token_revoked,1,PhishTank/URLhaus,2026-09-30
https://accounts.google.com.server-198.site/cgi-bin/secure-auth?dest=banking_portal,1,PhishTank/URLhaus,2026-09-30
https://accounts.google.com.server-252.info/security/update.html?dest=banking_portal,1,PhishTank/URLhaus,2026-09-30
http://account-update.amazon-customer-alert.site/webscr?cmd=_login-run?error=reauth_required&redirect=confirm,1,PhishTank/URLhaus,2026-09-30
https://login.appleid-support.site/cgi-bin/secure-auth?error=reauth_required&redirect=confirm,1,PhishTank/URLhaus,2026-09-30
https://idmsa.apple.com.server-556.tk/webscr?cmd=_login-run?token=a9f8e7d6c5b4&session=expired,1,PhishTank/URLhaus,2026-09-30
http://177.194.240.183/portal/restore-access?error=reauth_required&redirect=confirm,1,PhishTank/URLhaus,2026-09-30
http://auth.chase.com.server-295.ru/secure-form/v3?error=reauth_required&redirect=confirm,1,PhishTank/URLhaus,2026-09-30
http://gate-14.xyz/session/c88a940586fc46ba9927674d/verify?user=victim,1,PhishTank/URLhaus,2026-09-30
http://gate-2.tk/session/5f20358a1a53f7c71a01e229/verify?user=victim,1,PhishTank/URLhaus,2026-09-30
http://96.186.172.202:3000/checkpoint/challenge?user_id=89234&retry=1,1,PhishTank/URLhaus,2026-09-30
http://153.71.238.55/checkpoint/challenge?client_id=sec_9817294&state=token_revoked,1,PhishTank/URLhaus,2026-09-30
http://105.91.88.230:3000/session/verify-credentials?error=reauth_required&redirect=confirm,1,PhishTank/URLhaus,2026-09-30
http://82.150.127.213:8000/account/verification?user_id=89234&retry=1,1,PhishTank/URLhaus,2026-09-30
http://gate-85.online/session/0642c71630211806bb8a843c/verify?user=victim,1,PhishTank/URLhaus,2026-09-30
https://login.chase-bank.club/security/update.html?client_id=sec_9817294&state=token_revoked,1,PhishTank/URLhaus,2026-09-30
https://login.microsoft.com.server-903.top/auth/step2?user_id=89234&retry=1,1,PhishTank/URLhaus,2026-09-30
https://login.microsoft.com.server-678.cc/cgi-bin/secure-auth?dest=banking_portal,1,PhishTank/URLhaus,2026-09-30
http://gate-28.cc/session/0f3f101a778133e9d947fd24/verify?user=victim,1,PhishTank/URLhaus,2026-09-30
https://login.microsoft.com.server-205.live/portal/restore-access?error=reauth_required&redirect=confirm,1,PhishTank/URLhaus,2026-09-30
https://confirm.identity.microsoft-security-verification.tk/checkpoint/challenge?client_id=sec_9817294&state=token_revoked,1,PhishTank/URLhaus,2026-09-30
http://169.23.62.41:8443/webscr?cmd=_login-run?client_id=sec_9817294&state=token_revoked,1,PhishTank/URLhaus,2026-09-30
https://accounts.google.com.server-485.xyz/webscr?cmd=_login-run?dest=banking_portal,1,PhishTank/URLhaus,2026-09-30
http://signin.ebay.dhl-tracking-express.tk/secure-form/v3?user_id=89234&retry=1,1,PhishTank/URLhaus,2026-09-30
http://78.137.85.130:8000/checkpoint/challenge?dest=banking_portal,1,PhishTank/URLhaus,2026-09-30
https://portal.idp.recovery.wellsfargo-verify.info/secure-form/v3?dest=banking_portal,1,PhishTank/URLhaus,2026-09-30
https://security-alert.paypal-verification.top/webscr?cmd=_login-run?error=reauth_required&redirect=confirm,1,PhishTank/URLhaus,2026-09-30
https://idmsa.apple.com.server-954.info/portal/restore-access?dest=banking_portal,1,PhishTank/URLhaus,2026-09-30
http://63.163.52.82/cgi-bin/secure-auth?token=a9f8e7d6c5b4&session=expired,1,PhishTank/URLhaus,2026-09-30
http://gate-36.live/session/1bf291d41bfe2b3ed52fe461/verify?user=victim,1,PhishTank/URLhaus,2026-09-30
https://idmsa.apple.com.server-454.online/secure-form/v3?client_id=sec_9817294&state=token_revoked,1,PhishTank/URLhaus,2026-09-30
https://accounts.google.com.server-776.xyz/account/verification?user_id=89234&retry=1,1,PhishTank/URLhaus,2026-09-30
https://portal.idp.recovery.binance-kyc.club/secure-form/v3?dest=banking_portal,1,PhishTank/URLhaus,2026-09-30
https://idmsa.apple.com.server-646.cc/session/verify-credentials?token=a9f8e7d6c5b4&session=expired,1,PhishTank/URLhaus,2026-09-30
http://66.112.89.87:3000/session/verify-credentials?token=a9f8e7d6c5b4&session=expired,1,PhishTank/URLhaus,2026-09-30
http://52.70.83.94/account/verification?client_id=sec_9817294&state=token_revoked,1,PhishTank/URLhaus,2026-09-30
https://login.microsoft.com.server-525.cc/login.php?user_id=89234&retry=1,1,PhishTank/URLhaus,2026-09-30
http://idmsa.apple.com.server-591.tk/security/update.html?token=a9f8e7d6c5b4&session=expired,1,PhishTank/URLhaus,2026-09-30
https://signin.ebay.paypal-verification.link/checkpoint/challenge?token=a9f8e7d6c5b4&session=expired,1,PhishTank/URLhaus,2026-09-30
http://gate-43.top/session/0d381c9d39a4512c836da43b/verify?user=victim,1,PhishTank/URLhaus,2026-09-30
https://portal.idp.recovery.paypal.xyz/security/update.html?token=a9f8e7d6c5b4&session=expired,1,PhishTank/URLhaus,2026-09-30
https://secure.banking.paypal-verification.xyz/checkpoint/challenge?error=reauth_required&redirect=confirm,1,PhishTank/URLhaus,2026-09-30
http://secure.banking.paypal.club/session/verify-credentials?user_id=89234&retry=1,1,PhishTank/URLhaus,2026-09-30
http://gate-43.link/session/512a94836ccfe64ec6c684da/verify?user=victim,1,PhishTank/URLhaus,2026-09-30
https://accounts.google.com.server-352.xyz/auth/step2?error=reauth_required&redirect=confirm,1,PhishTank/URLhaus,2026-09-30
https://login.appleid-support-verification.site/webscr?cmd=_login-run?error=reauth_required&redirect=confirm,1,PhishTank/URLhaus,2026-09-30
http://login.dhl-tracking-express-verification.tk/secure-form/v3?client_id=sec_9817294&state=token_revoked,1,PhishTank/URLhaus,2026-09-30
https://idmsa.apple.com.server-755.link/login.php?client_id=sec_9817294&state=token_revoked,1,PhishTank/URLhaus,2026-09-30
https://idmsa.apple.com.server-640.live/session/verify-credentials?dest=banking_portal,1,PhishTank/URLhaus,2026-09-30
http://208.176.49.187/cgi-bin/secure-auth?client_id=sec_9817294&state=token_revoked,1,PhishTank/URLhaus,2026-09-30
http://verify-account.dhl-tracking-express-verification.xyz/checkpoint/challenge?token=a9f8e7d6c5b4&session=expired,1,PhishTank/URLhaus,2026-09-30
https://idmsa.apple.com.server-988.top/auth/step2?error=reauth_required&redirect=confirm,1,PhishTank/URLhaus,2026-09-30
http://auth.chase.com.server-124.cc/login.php?user_id=89234&retry=1,1,PhishTank/URLhaus,2026-09-30
https://verify-account.wellsfargo-verify-verification.top/portal/restore-access?dest=banking_portal,1,PhishTank/URLhaus,2026-09-30
https://idmsa.apple.com.server-669.live/session/verify-credentials?error=reauth_required&redirect=confirm,1,PhishTank/URLhaus,2026-09-30
https://signin.ebay.appleid-support-verification.ru/login.php?dest=banking_portal,1,PhishTank/URLhaus,2026-09-30
https://idmsa.apple.com.server-903.xyz/security/update.html?error=reauth_required&redirect=confirm,1,PhishTank/URLhaus,2026-09-30
http://77.112.228.158:3000/security/update.html?client_id=sec_9817294&state=token_revoked,1,PhishTank/URLhaus,2026-09-30
https://login.appleid-support-verification.club/login.php?client_id=sec_9817294&state=token_revoked,1,PhishTank/URLhaus,2026-09-30
https://signin.ebay.microsoft-security-verification.xyz/secure-form/v3?user_id=89234&retry=1,1,PhishTank/URLhaus,2026-09-30
https://idmsa.apple.com.server-460.cc/cgi-bin/secure-auth?client_id=sec_9817294&state=token_revoked,1,PhishTank/URLhaus,2026-09-30
https://secure.banking.amazon-customer-alert-verification.live/secure-form/v3?client_id=sec_9817294&state=token_revoked,1,PhishTank/URLhaus,2026-09-30
http://idmsa.apple.com.server-165.online/login.php?dest=banking_portal,1,PhishTank/URLhaus,2026-09-30
https://auth.chase.com.server-405.club/security/update.html?token=a9f8e7d6c5b4&session=expired,1,PhishTank/URLhaus,2026-09-30
https://signin.ebay.chase-bank.online/auth/step2?token=a9f8e7d6c5b4&session=expired,1,PhishTank/URLhaus,2026-09-30
https://auth.chase.com.server-849.club/secure-form/v3?user_id=89234&retry=1,1,PhishTank/URLhaus,2026-09-30
http://78.162.51.175/session/verify-credentials?client_id=sec_9817294&state=token_revoked,1,PhishTank/URLhaus,2026-09-30
http://portal.idp.recovery.appleid-support.xyz/session/verify-credentials?dest=banking_portal,1,PhishTank/URLhaus,2026-09-30
https://accounts.google.com.server-433.ru/portal/restore-access?client_id=sec_9817294&state=token_revoked,1,PhishTank/URLhaus,2026-09-30
https://security-alert.amazon-customer-alert.xyz/auth/step2?token=a9f8e7d6c5b4&session=expired,1,PhishTank/URLhaus,2026-09-30
http://signin.ebay.netflix-billing.live/login.php?user_id=89234&retry=1,1,PhishTank/URLhaus,2026-09-30
http://auth.v2.protection.amazon-customer-alert-verification.club/auth/step2?token=a9f8e7d6c5b4&session=expired,1,PhishTank/URLhaus,2026-09-30
http://idmsa.apple.com.server-491.online/security/update.html?user_id=89234&retry=1,1,PhishTank/URLhaus,2026-09-30
https://idmsa.apple.com.server-495.site/webscr?cmd=_login-run?client_id=sec_9817294&state=token_revoked,1,PhishTank/URLhaus,2026-09-30
https://login.binance-kyc.top/auth/step2?error=reauth_required&redirect=confirm,1,PhishTank/URLhaus,2026-09-30
http://signin.ebay.netflix-billing-verification.top/account/verification?user_id=89234&retry=1,1,PhishTank/URLhaus,2026-09-30
https://confirm.identity.coinbase-auth.link/webscr?cmd=_login-run?dest=banking_portal,1,PhishTank/URLhaus,2026-09-30
https://account-update.chase-bank.site/security/update.html?client_id=sec_9817294&state=token_revoked,1,PhishTank/URLhaus,2026-09-30
http://182.188.161.137:8000/portal/restore-access?dest=banking_portal,1,PhishTank/URLhaus,2026-09-30
http://secure.banking.appleid-support-verification.tk/security/update.html?token=a9f8e7d6c5b4&session=expired,1,PhishTank/URLhaus,2026-09-30
http://118.174.24.104/checkpoint/challenge?user_id=89234&retry=1,1,PhishTank/URLhaus,2026-09-30
https://auth.chase.com.server-460.info/portal/restore-access?user_id=89234&retry=1,1,PhishTank/URLhaus,2026-09-30
https://security-alert.paypal-verification.online/account/verification?client_id=sec_9817294&state=token_revoked,1,PhishTank/URLhaus,2026-09-30
https://confirm.identity.wellsfargo-verify-verification.xyz/checkpoint/challenge?client_id=sec_9817294&state=token_revoked,1,PhishTank/URLhaus,2026-09-30
http://104.180.219.93:8080/security/update.html?token=a9f8e7d6c5b4&session=expired,1,PhishTank/URLhaus,2026-09-30
https://confirm.identity.coinbase-auth-verification.xyz/account/verification?dest=banking_portal,1,PhishTank/URLhaus,2026-09-30
https://account-update.amazon-customer-alert.club/portal/restore-access?dest=banking_portal,1,PhishTank/URLhaus,2026-09-30
https://portal.idp.recovery.amazon-customer-alert.top/cgi-bin/secure-auth?dest=banking_portal,1,PhishTank/URLhaus,2026-09-30
http://gate-55.site/session/ffb119213caf38801f002914/verify?user=victim,1,PhishTank/URLhaus,2026-09-30
https://auth.v2.protection.binance-kyc-verification.top/login.php?dest=banking_portal,1,PhishTank/URLhaus,2026-09-30
http://portal.idp.recovery.paypal-verification.xyz/account/verification?token=a9f8e7d6c5b4&session=expired,1,PhishTank/URLhaus,2026-09-30
http://gate-92.club/session/28cd9423688a289ee4e47e5c/verify?user=victim,1,PhishTank/URLhaus,2026-09-30
http://gate-75.live/session/39a6b6c51c6fcb017d831015/verify?user=victim,1,PhishTank/URLhaus,2026-09-30
https://idmsa.apple.com.server-329.site/checkpoint/challenge?error=reauth_required&redirect=confirm,1,PhishTank/URLhaus,2026-09-30
https://auth.chase.com.server-442.info/cgi-bin/secure-auth?token=a9f8e7d6c5b4&session=expired,1,PhishTank/URLhaus,2026-09-30
http://gate-94.info/session/631c58218d1219c065c02db9/verify?user=victim,1,PhishTank/URLhaus,2026-09-30
https://auth.v2.protection.netflix-billing.xyz/security/update.html?token=a9f8e7d6c5b4&session=expired,1,PhishTank/URLhaus,2026-09-30
https://accounts.google.com.server-788.link/security/update.html?token=a9f8e7d6c5b4&session=expired,1,PhishTank/URLhaus,2026-09-30
https://auth.chase.com.server-827.info/portal/restore-access?dest=banking_portal,1,PhishTank/URLhaus,2026-09-30
https://verify-account.chase-bank.club/security/update.html?dest=banking_portal,1,PhishTank/URLhaus,2026-09-30
http://66.79.44.21:8443/session/verify-credentials?user_id=89234&retry=1,1,PhishTank/URLhaus,2026-09-30
http://gate-92.link/session/f66ee2ca25936cabd5b36366/verify?user=victim,1,PhishTank/URLhaus,2026-09-30
http://193.82.39.133/security/update.html?error=reauth_required&redirect=confirm,1,PhishTank/URLhaus,2026-09-30
http://47.124.124.166:8080/webscr?cmd=_login-run?client_id=sec_9817294&state=token_revoked,1,PhishTank/URLhaus,2026-09-30
https://idmsa.apple.com.server-398.club/auth/step2?error=reauth_required&redirect=confirm,1,PhishTank/URLhaus,2026-09-30
http://209.21.61.200:8000/security/update.html?dest=banking_portal,1,PhishTank/URLhaus,2026-09-30
https://portal.idp.recovery.microsoft-security-verification.site/secure-form/v3?dest=banking_portal,1,PhishTank/URLhaus,2026-09-30
http://login.microsoft.com.server-568.xyz/login.php?user_id=89234&retry=1,1,PhishTank/URLhaus,2026-09-30
https://login.binance-kyc.cc/account/verification?dest=banking_portal,1,PhishTank/URLhaus,2026-09-30
http://gate-12.ru/session/17328c643dbcb6731120c895/verify?user=victim,1,PhishTank/URLhaus,2026-09-30
https://auth.v2.protection.amazon-customer-alert-verification.link/webscr?cmd=_login-run?error=reauth_required&redirect=confirm,1,PhishTank/URLhaus,2026-09-30
http://auth.v2.protection.paypal-verification.live/secure-form/v3?error=reauth_required&redirect=confirm,1,PhishTank/URLhaus,2026-09-30
https://accounts.google.com.server-630.ru/auth/step2?error=reauth_required&redirect=confirm,1,PhishTank/URLhaus,2026-09-30
https://idmsa.apple.com.server-939.live/secure-form/v3?dest=banking_portal,1,PhishTank/URLhaus,2026-09-30
https://idmsa.apple.com.server-178.top/auth/step2?error=reauth_required&redirect=confirm,1,PhishTank/URLhaus,2026-09-30
http://accounts.google.com.server-220.online/auth/step2?token=a9f8e7d6c5b4&session=expired,1,PhishTank/URLhaus,2026-09-30
http://170.200.14.112:8000/session/verify-credentials?user_id=89234&retry=1,1,PhishTank/URLhaus,2026-09-30
https://login.coinbase-auth-verification.online/webscr?cmd=_login-run?client_id=sec_9817294&state=token_revoked,1,PhishTank/URLhaus,2026-09-30
https://login.microsoft.com.server-344.xyz/auth/step2?dest=banking_portal,1,PhishTank/URLhaus,2026-09-30
https://login.microsoft.com.server-514.top/checkpoint/challenge?user_id=89234&retry=1,1,PhishTank/URLhaus,2026-09-30
http://163.112.113.14:8000/webscr?cmd=_login-run?token=a9f8e7d6c5b4&session=expired,1,PhishTank/URLhaus,2026-09-30
https://login.microsoft.com.server-818.ru/cgi-bin/secure-auth?error=reauth_required&redirect=confirm,1,PhishTank/URLhaus,2026-09-30
https://login.microsoft.com.server-397.xyz/portal/restore-access?client_id=sec_9817294&state=token_revoked,1,PhishTank/URLhaus,2026-09-30
https://confirm.identity.paypal.ru/portal/restore-access?dest=banking_portal,1,PhishTank/URLhaus,2026-09-30
https://secure.banking.paypal-verification.link/account/verification?error=reauth_required&redirect=confirm,1,PhishTank/URLhaus,2026-09-30
https://confirm.identity.microsoft-security-verification.online/checkpoint/challenge?dest=banking_portal,1,PhishTank/URLhaus,2026-09-30
http://accounts.google.com.server-894.tk/session/verify-credentials?user_id=89234&retry=1,1,PhishTank/URLhaus,2026-09-30
https://login.chase-bank-verification.online/portal/restore-access?token=a9f8e7d6c5b4&session=expired,1,PhishTank/URLhaus,2026-09-30
https://login.microsoft.com.server-389.online/checkpoint/challenge?token=a9f8e7d6c5b4&session=expired,1,PhishTank/URLhaus,2026-09-30
http://100.37.1.81:8000/login.php?error=reauth_required&redirect=confirm,1,PhishTank/URLhaus,2026-09-30
https://login.microsoft.com.server-361.xyz/webscr?cmd=_login-run?client_id=sec_9817294&state=token_revoked,1,PhishTank/URLhaus,2026-09-30
http://signin.ebay.amazon-customer-alert.info/auth/step2?client_id=sec_9817294&state=token_revoked,1,PhishTank/URLhaus,2026-09-30
http://198.56.14.12:8080/webscr?cmd=_login-run?client_id=sec_9817294&state=token_revoked,1,PhishTank/URLhaus,2026-09-30
https://accounts.google.com.server-219.tk/portal/restore-access?client_id=sec_9817294&state=token_revoked,1,PhishTank/URLhaus,2026-09-30
http://175.164.72.119:8443/portal/restore-access?user_id=89234&retry=1,1,PhishTank/URLhaus,2026-09-30
http://gate-4.tk/session/340b3a82c6c725cf1f1c5fc4/verify?user=victim,1,PhishTank/URLhaus,2026-09-30
http://184.171.215.138/login.php?error=reauth_required&redirect=confirm,1,PhishTank/URLhaus,2026-09-30
https://auth.chase.com.server-986.site/cgi-bin/secure-auth?error=reauth_required&redirect=confirm,1,PhishTank/URLhaus,2026-09-30
http://idmsa.apple.com.server-659.link/cgi-bin/secure-auth?token=a9f8e7d6c5b4&session=expired,1,PhishTank/URLhaus,2026-09-30
http://205.75.210.244:3000/security/update.html?token=a9f8e7d6c5b4&session=expired,1,PhishTank/URLhaus,2026-09-30
http://gate-39.tk/session/00cf220126690740b558adb5/verify?user=victim,1,PhishTank/URLhaus,2026-09-30
http://97.152.139.1/auth/step2?token=a9f8e7d6c5b4&session=expired,1,PhishTank/URLhaus,2026-09-30
https://confirm.identity.paypal-verification.xyz/auth/step2?user_id=89234&retry=1,1,PhishTank/URLhaus,2026-09-30
https://confirm.identity.coinbase-auth-verification.ru/webscr?cmd=_login-run?dest=banking_portal,1,PhishTank/URLhaus,2026-09-30
http://portal.idp.recovery.netflix-billing-verification.top/checkpoint/challenge?user_id=89234&retry=1,1,PhishTank/URLhaus,2026-09-30
http://gate-42.info/session/60b29cf42b53564fe56360e5/verify?user=victim,1,PhishTank/URLhaus,2026-09-30
http://gate-81.top/session/a545b88652252e5e98f57ec3/verify?user=victim,1,PhishTank/URLhaus,2026-09-30
http://84.152.104.195:8443/secure-form/v3?dest=banking_portal,1,PhishTank/URLhaus,2026-09-30
http://gate-19.club/session/572bac06c4a1fad54714e6be/verify?user=victim,1,PhishTank/URLhaus,2026-09-30
https://secure.banking.chase-bank.xyz/secure-form/v3?user_id=89234&retry=1,1,PhishTank/URLhaus,2026-09-30
https://auth.chase.com.server-554.online/secure-form/v3?dest=banking_portal,1,PhishTank/URLhaus,2026-09-30
https://secure.banking.amazon-customer-alert-verification.xyz/login.php?dest=banking_portal,1,PhishTank/URLhaus,2026-09-30
http://account-update.wellsfargo-verify-verification.info/auth/step2?user_id=89234&retry=1,1,PhishTank/URLhaus,2026-09-30
https://auth.chase.com.server-709.ru/portal/restore-access?client_id=sec_9817294&state=token_revoked,1,PhishTank/URLhaus,2026-09-30
https://signin.ebay.appleid-support.xyz/portal/restore-access?error=reauth_required&redirect=confirm,1,PhishTank/URLhaus,2026-09-30
https://accounts.google.com.server-585.online/portal/restore-access?dest=banking_portal,1,PhishTank/URLhaus,2026-09-30
http://133.176.47.121:8443/cgi-bin/secure-auth?user_id=89234&retry=1,1,PhishTank/URLhaus,2026-09-30
https://login.microsoft.com.server-225.link/webscr?cmd=_login-run?user_id=89234&retry=1,1,PhishTank/URLhaus,2026-09-30
https://verify-account.paypal.ru/checkpoint/challenge?user_id=89234&retry=1,1,PhishTank/URLhaus,2026-09-30
https://login.microsoft.com.server-970.club/session/verify-credentials?user_id=89234&retry=1,1,PhishTank/URLhaus,2026-09-30
http://signin.ebay.appleid-support-verification.ru/account/verification?dest=banking_portal,1,PhishTank/URLhaus,2026-09-30
http://52.69.116.195:8000/webscr?cmd=_login-run?token=a9f8e7d6c5b4&session=expired,1,PhishTank/URLhaus,2026-09-30
http://gate-91.top/session/fd4e66be6915470a8d1302fa/verify?user=victim,1,PhishTank/URLhaus,2026-09-30
https://auth.chase.com.server-510.ru/webscr?cmd=_login-run?client_id=sec_9817294&state=token_revoked,1,PhishTank/URLhaus,2026-09-30
https://accounts.google.com.server-277.club/login.php?error=reauth_required&redirect=confirm,1,PhishTank/URLhaus,2026-09-30
http://88.185.82.221/secure-form/v3?token=a9f8e7d6c5b4&session=expired,1,PhishTank/URLhaus,2026-09-30
https://secure.banking.binance-kyc-verification.link/login.php?user_id=89234&retry=1,1,PhishTank/URLhaus,2026-09-30
https://login.microsoft.com.server-981.cc/security/update.html?dest=banking_portal,1,PhishTank/URLhaus,2026-09-30
https://login.microsoft.com.server-177.site/cgi-bin/secure-auth?user_id=89234&retry=1,1,PhishTank/URLhaus,2026-09-30
http://login.netflix-billing-verification.link/secure-form/v3?dest=banking_portal,1,PhishTank/URLhaus,2026-09-30
https://accounts.google.com.server-518.xyz/webscr?cmd=_login-run?user_id=89234&retry=1,1,PhishTank/URLhaus,2026-09-30
https://secure.banking.paypal.cc/cgi-bin/secure-auth?client_id=sec_9817294&state=token_revoked,1,PhishTank/URLhaus,2026-09-30
https://confirm.identity.dhl-tracking-express-verification.online/auth/step2?token=a9f8e7d6c5b4&session=expired,1,PhishTank/URLhaus,2026-09-30
http://128.161.129.221/account/verification?client_id=sec_9817294&state=token_revoked,1,PhishTank/URLhaus,2026-09-30
https://idmsa.apple.com.server-909.xyz/account/verification?error=reauth_required&redirect=confirm,1,PhishTank/URLhaus,2026-09-30
https://auth.chase.com.server-375.ru/account/verification?error=reauth_required&redirect=confirm,1,PhishTank/URLhaus,2026-09-30
https://account-update.chase-bank.site/login.php?client_id=sec_9817294&state=token_revoked,1,PhishTank/URLhaus,2026-09-30
https://auth.chase.com.server-330.top/session/verify-credentials?token=a9f8e7d6c5b4&session=expired,1,PhishTank/URLhaus,2026-09-30
http://205.126.163.75/auth/step2?client_id=sec_9817294&state=token_revoked,1,PhishTank/URLhaus,2026-09-30
https://login.microsoft.com.server-977.info/account/verification?error=reauth_required&redirect=confirm,1,PhishTank/URLhaus,2026-09-30
https://security-alert.netflix-billing.link/login.php?client_id=sec_9817294&state=token_revoked,1,PhishTank/URLhaus,2026-09-30
http://idmsa.apple.com.server-728.ru/checkpoint/challenge?error=reauth_required&redirect=confirm,1,PhishTank/URLhaus,2026-09-30
http://60.162.49.49:8443/login.php?dest=banking_portal,1,PhishTank/URLhaus,2026-09-30
http://151.150.48.205/session/verify-credentials?dest=banking_portal,1,PhishTank/URLhaus,2026-09-30
https://auth.chase.com.server-444.club/checkpoint/challenge?token=a9f8e7d6c5b4&session=expired,1,PhishTank/URLhaus,2026-09-30
https://auth.chase.com.server-942.site/session/verify-credentials?dest=banking_portal,1,PhishTank/URLhaus,2026-09-30
http://gate-79.site/session/c09dcb0af64f7ba34373c69e/verify?user=victim,1,PhishTank/URLhaus,2026-09-30
https://login.microsoft.com.server-586.xyz/auth/step2?user_id=89234&retry=1,1,PhishTank/URLhaus,2026-09-30
http://136.101.85.35/webscr?cmd=_login-run?dest=banking_portal,1,PhishTank/URLhaus,2026-09-30
http://gate-52.top/session/b3b86f37b3af7af515cca326/verify?user=victim,1,PhishTank/URLhaus,2026-09-30
http://gate-21.tk/session/4771aae626aba78bf816c90f/verify?user=victim,1,PhishTank/URLhaus,2026-09-30
https://secure.banking.netflix-billing-verification.live/login.php?error=reauth_required&redirect=confirm,1,PhishTank/URLhaus,2026-09-30
https://confirm.identity.dhl-tracking-express-verification.link/secure-form/v3?token=a9f8e7d6c5b4&session=expired,1,PhishTank/URLhaus,2026-09-30
https://accounts.google.com.server-737.link/secure-form/v3?error=reauth_required&redirect=confirm,1,PhishTank/URLhaus,2026-09-30
https://confirm.identity.microsoft-security.live/login.php?error=reauth_required&redirect=confirm,1,PhishTank/URLhaus,2026-09-30
http://74.51.1.200/cgi-bin/secure-auth?dest=banking_portal,1,PhishTank/URLhaus,2026-09-30
http://login.microsoft.com.server-111.top/webscr?cmd=_login-run?user_id=89234&retry=1,1,PhishTank/URLhaus,2026-09-30
https://verify-account.chase-bank-verification.club/webscr?cmd=_login-run?dest=banking_portal,1,PhishTank/URLhaus,2026-09-30
http://70.134.151.55:8000/auth/step2?client_id=sec_9817294&state=token_revoked,1,PhishTank/URLhaus,2026-09-30
https://confirm.identity.paypal.site/webscr?cmd=_login-run?error=reauth_required&redirect=confirm,1,PhishTank/URLhaus,2026-09-30
https://accounts.google.com.server-832.ru/account/verification?user_id=89234&retry=1,1,PhishTank/URLhaus,2026-09-30
http://accounts.google.com.server-338.top/auth/step2?client_id=sec_9817294&state=token_revoked,1,PhishTank/URLhaus,2026-09-30
http://security-alert.paypal-verification.ru/login.php?error=reauth_required&redirect=confirm,1,PhishTank/URLhaus,2026-09-30
http://150.135.221.248/security/update.html?dest=banking_portal,1,PhishTank/URLhaus,2026-09-30
https://auth.v2.protection.amazon-customer-alert-verification.ru/auth/step2?token=a9f8e7d6c5b4&session=expired,1,PhishTank/URLhaus,2026-09-30
https://login.microsoft.com.server-615.xyz/auth/step2?token=a9f8e7d6c5b4&session=expired,1,PhishTank/URLhaus,2026-09-30
https://idmsa.apple.com.server-930.info/webscr?cmd=_login-run?dest=banking_portal,1,PhishTank/URLhaus,2026-09-30
https://auth.chase.com.server-107.ru/webscr?cmd=_login-run?error=reauth_required&redirect=confirm,1,PhishTank/URLhaus,2026-09-30
http://147.169.134.58:8443/security/update.html?client_id=sec_9817294&state=token_revoked,1,PhishTank/URLhaus,2026-09-30
https://login.microsoft.com.server-819.link/account/verification?dest=banking_portal,1,PhishTank/URLhaus,2026-09-30
https://login.microsoft.com.server-928.info/account/verification?error=reauth_required&redirect=confirm,1,PhishTank/URLhaus,2026-09-30
http://192.186.135.48:3000/account/verification?error=reauth_required&redirect=confirm,1,PhishTank/URLhaus,2026-09-30
https://idmsa.apple.com.server-608.link/session/verify-credentials?client_id=sec_9817294&state=token_revoked,1,PhishTank/URLhaus,2026-09-30
https://portal.idp.recovery.microsoft-security.club/cgi-bin/secure-auth?user_id=89234&retry=1,1,PhishTank/URLhaus,2026-09-30
http://secure.banking.microsoft-security-verification.ru/cgi-bin/secure-auth?user_id=89234&retry=1,1,PhishTank/URLhaus,2026-09-30
http://gate-58.top/session/618972e2d86b9693f24f8f0a/verify?user=victim,1,PhishTank/URLhaus,2026-09-30
http://auth.chase.com.server-971.tk/secure-form/v3?token=a9f8e7d6c5b4&session=expired,1,PhishTank/URLhaus,2026-09-30
http://155.195.96.37/login.php?user_id=89234&retry=1,1,PhishTank/URLhaus,2026-09-30
https://signin.ebay.netflix-billing.ru/account/verification?dest=banking_portal,1,PhishTank/URLhaus,2026-09-30
https://security-alert.appleid-support.cc/secure-form/v3?user_id=89234&retry=1,1,PhishTank/URLhaus,2026-09-30
http://accounts.google.com.server-515.online/auth/step2?error=reauth_required&redirect=confirm,1,PhishTank/URLhaus,2026-09-30
https://login.microsoft.com.server-713.ru/account/verification?token=a9f8e7d6c5b4&session=expired,1,PhishTank/URLhaus,2026-09-30
https://login.microsoft.com.server-795.club/security/update.html?dest=banking_portal,1,PhishTank/URLhaus,2026-09-30
http://gate-16.link/session/0fec5b861ecd22996c11d8a1/verify?user=victim,1,PhishTank/URLhaus,2026-09-30
http://181.104.79.59:8443/cgi-bin/secure-auth?user_id=89234&retry=1,1,PhishTank/URLhaus,2026-09-30
https://verify-account.microsoft-security.link/cgi-bin/secure-auth?client_id=sec_9817294&state=token_revoked,1,PhishTank/URLhaus,2026-09-30
https://security-alert.binance-kyc.site/checkpoint/challenge?user_id=89234&retry=1,1,PhishTank/URLhaus,2026-09-30
http://auth.chase.com.server-227.info/security/update.html?error=reauth_required&redirect=confirm,1,PhishTank/URLhaus,2026-09-30
http://auth.chase.com.server-802.link/portal/restore-access?client_id=sec_9817294&state=token_revoked,1,PhishTank/URLhaus,2026-09-30
https://auth.chase.com.server-264.tk/secure-form/v3?token=a9f8e7d6c5b4&session=expired,1,PhishTank/URLhaus,2026-09-30
http://203.40.101.32/checkpoint/challenge?token=a9f8e7d6c5b4&session=expired,1,PhishTank/URLhaus,2026-09-30
http://72.35.126.9/webscr?cmd=_login-run?error=reauth_required&redirect=confirm,1,PhishTank/URLhaus,2026-09-30
http://confirm.identity.dhl-tracking-express.online/login.php?user_id=89234&retry=1,1,PhishTank/URLhaus,2026-09-30
https://idmsa.apple.com.server-845.xyz/security/update.html?token=a9f8e7d6c5b4&session=expired,1,PhishTank/URLhaus,2026-09-30
https://auth.v2.protection.dhl-tracking-express-verification.xyz/auth/step2?token=a9f8e7d6c5b4&session=expired,1,PhishTank/URLhaus,2026-09-30
https://login.microsoft.com.server-153.site/cgi-bin/secure-auth?token=a9f8e7d6c5b4&session=expired,1,PhishTank/URLhaus,2026-09-30
https://idmsa.apple.com.server-544.site/webscr?cmd=_login-run?token=a9f8e7d6c5b4&session=expired,1,PhishTank/URLhaus,2026-09-30
https://secure.banking.paypal.cc/checkpoint/challenge?client_id=sec_9817294&state=token_revoked,1,PhishTank/URLhaus,2026-09-30
https://account-update.netflix-billing-verification.live/session/verify-credentials?token=a9f8e7d6c5b4&session=expired,1,PhishTank/URLhaus,2026-09-30
https://idmsa.apple.com.server-398.ru/auth/step2?client_id=sec_9817294&state=token_revoked,1,PhishTank/URLhaus,2026-09-30
http://gate-4.cc/session/5fcfc8099dbffe5798bc9922/verify?user=victim,1,PhishTank/URLhaus,2026-09-30
https://auth.v2.protection.wellsfargo-verify-verification.link/secure-form/v3?error=reauth_required&redirect=confirm,1,PhishTank/URLhaus,2026-09-30
http://118.104.168.249/checkpoint/challenge?dest=banking_portal,1,PhishTank/URLhaus,2026-09-30
https://account-update.chase-bank.live/security/update.html?dest=banking_portal,1,PhishTank/URLhaus,2026-09-30
http://178.173.122.3:8000/security/update.html?user_id=89234&retry=1,1,PhishTank/URLhaus,2026-09-30
http://98.110.47.122:8443/session/verify-credentials?client_id=sec_9817294&state=token_revoked,1,PhishTank/URLhaus,2026-09-30
http://gate-13.top/session/02b4a2951cb4ebc60cf4d59a/verify?user=victim,1,PhishTank/URLhaus,2026-09-30
http://gate-67.live/session/46038341e62c5d7cf2ef06d4/verify?user=victim,1,PhishTank/URLhaus,2026-09-30
https://verify-account.dhl-tracking-express-verification.live/portal/restore-access?client_id=sec_9817294&state=token_revoked,1,PhishTank/URLhaus,2026-09-30
http://128.92.112.27/secure-form/v3?error=reauth_required&redirect=confirm,1,PhishTank/URLhaus,2026-09-30
https://login.microsoft.com.server-913.tk/webscr?cmd=_login-run?error=reauth_required&redirect=confirm,1,PhishTank/URLhaus,2026-09-30
http://gate-35.site/session/b4eec9ef93d6fb825d7736a5/verify?user=victim,1,PhishTank/URLhaus,2026-09-30
http://portal.idp.recovery.appleid-support-verification.site/security/update.html?client_id=sec_9817294&state=token_revoked,1,PhishTank/URLhaus,2026-09-30
http://gate-84.xyz/session/119e99468a129db921fef808/verify?user=victim,1,PhishTank/URLhaus,2026-09-30
http://login.microsoft.com.server-213.link/login.php?client_id=sec_9817294&state=token_revoked,1,PhishTank/URLhaus,2026-09-30
http://auth.chase.com.server-358.tk/checkpoint/challenge?user_id=89234&retry=1,1,PhishTank/URLhaus,2026-09-30
https://login.microsoft.com.server-766.club/account/verification?user_id=89234&retry=1,1,PhishTank/URLhaus,2026-09-30
https://confirm.identity.amazon-customer-alert.online/account/verification?error=reauth_required&redirect=confirm,1,PhishTank/URLhaus,2026-09-30
https://auth.chase.com.server-251.site/portal/restore-access?client_id=sec_9817294&state=token_revoked,1,PhishTank/URLhaus,2026-09-30
http://164.16.228.97:8080/session/verify-credentials?dest=banking_portal,1,PhishTank/URLhaus,2026-09-30
http://gate-75.club/session/143dd636558848dec05aefba/verify?user=victim,1,PhishTank/URLhaus,2026-09-30
https://confirm.identity.microsoft-security-verification.club/webscr?cmd=_login-run?token=a9f8e7d6c5b4&session=expired,1,PhishTank/URLhaus,2026-09-30
http://signin.ebay.paypal-verification.link/login.php?error=reauth_required&redirect=confirm,1,PhishTank/URLhaus,2026-09-30
http://gate-23.xyz/session/0a11e4860f0e65ff3d223e2a/verify?user=victim,1,PhishTank/URLhaus,2026-09-30
https://idmsa.apple.com.server-532.live/portal/restore-access?user_id=89234&retry=1,1,PhishTank/URLhaus,2026-09-30
https://idmsa.apple.com.server-781.ru/secure-form/v3?user_id=89234&retry=1,1,PhishTank/URLhaus,2026-09-30
http://206.131.68.33:8443/webscr?cmd=_login-run?token=a9f8e7d6c5b4&session=expired,1,PhishTank/URLhaus,2026-09-30
http://gate-12.cc/session/c5e841df030ff9b4b306dc08/verify?user=victim,1,PhishTank/URLhaus,2026-09-30
http://gate-1.info/session/3ebbc6fcfebfde4473b22fc6/verify?user=victim,1,PhishTank/URLhaus,2026-09-30
http://accounts.google.com.server-724.tk/portal/restore-access?token=a9f8e7d6c5b4&session=expired,1,PhishTank/URLhaus,2026-09-30
https://signin.ebay.binance-kyc-verification.live/session/verify-credentials?token=a9f8e7d6c5b4&session=expired,1,PhishTank/URLhaus,2026-09-30
http://gate-98.live/session/198c1bd209352accebdcb378/verify?user=victim,1,PhishTank/URLhaus,2026-09-30
http://auth.v2.protection.microsoft-security.club/cgi-bin/secure-auth?user_id=89234&retry=1,1,PhishTank/URLhaus,2026-09-30
http://203.83.2.77/checkpoint/challenge?token=a9f8e7d6c5b4&session=expired,1,PhishTank/URLhaus,2026-09-30
http://gate-16.cc/session/b32570a959ef688afc3d132d/verify?user=victim,1,PhishTank/URLhaus,2026-09-30
https://auth.v2.protection.amazon-customer-alert-verification.club/checkpoint/challenge?token=a9f8e7d6c5b4&session=expired,1,PhishTank/URLhaus,2026-09-30
https://auth.chase.com.server-669.top/webscr?cmd=_login-run?user_id=89234&retry=1,1,PhishTank/URLhaus,2026-09-30
https://accounts.google.com.server-324.ru/security/update.html?token=a9f8e7d6c5b4&session=expired,1,PhishTank/URLhaus,2026-09-30
http://100.181.163.44/cgi-bin/secure-auth?user_id=89234&retry=1,1,PhishTank/URLhaus,2026-09-30
http://gate-54.site/session/9299c12fb1df6383725a14e1/verify?user=victim,1,PhishTank/URLhaus,2026-09-30
https://accounts.google.com.server-730.online/portal/restore-access?client_id=sec_9817294&state=token_revoked,1,PhishTank/URLhaus,2026-09-30
http://portal.idp.recovery.binance-kyc-verification.info/security/update.html?token=a9f8e7d6c5b4&session=expired,1,PhishTank/URLhaus,2026-09-30
http://account-update.wellsfargo-verify.club/checkpoint/challenge?token=a9f8e7d6c5b4&session=expired,1,PhishTank/URLhaus,2026-09-30
https://idmsa.apple.com.server-641.tk/account/verification?dest=banking_portal,1,PhishTank/URLhaus,2026-09-30
https://accounts.google.com.server-349.top/auth/step2?client_id=sec_9817294&state=token_revoked,1,PhishTank/URLhaus,2026-09-30
https://auth.chase.com.server-688.club/auth/step2?user_id=89234&retry=1,1,PhishTank/URLhaus,2026-09-30
https://accounts.google.com.server-862.live/secure-form/v3?dest=banking_portal,1,PhishTank/URLhaus,2026-09-30
http://login.microsoft.com.server-385.top/cgi-bin/secure-auth?error=reauth_required&redirect=confirm,1,PhishTank/URLhaus,2026-09-30
http://gate-65.info/session/87897da67075a9564cb8a3e7/verify?user=victim,1,PhishTank/URLhaus,2026-09-30
http://122.175.132.38/secure-form/v3?token=a9f8e7d6c5b4&session=expired,1,PhishTank/URLhaus,2026-09-30
http://141.47.209.246/webscr?cmd=_login-run?token=a9f8e7d6c5b4&session=expired,1,PhishTank/URLhaus,2026-09-30
https://auth.v2.protection.paypal-verification.top/portal/restore-access?user_id=89234&retry=1,1,PhishTank/URLhaus,2026-09-30
http://49.164.157.95:8000/portal/restore-access?client_id=sec_9817294&state=token_revoked,1,PhishTank/URLhaus,2026-09-30
http://login.microsoft.com.server-762.online/webscr?cmd=_login-run?dest=banking_portal,1,PhishTank/URLhaus,2026-09-30
http://verify-account.appleid-support.info/webscr?cmd=_login-run?client_id=sec_9817294&state=token_revoked,1,PhishTank/URLhaus,2026-09-30
http://177.175.40.200/session/verify-credentials?client_id=sec_9817294&state=token_revoked,1,PhishTank/URLhaus,2026-09-30
http://accounts.google.com.server-383.site/security/update.html?error=reauth_required&redirect=confirm,1,PhishTank/URLhaus,2026-09-30
https://signin.ebay.dhl-tracking-express-verification.top/secure-form/v3?token=a9f8e7d6c5b4&session=expired,1,PhishTank/URLhaus,2026-09-30
http://gate-86.cc/session/c4815d2548de6a8c974a5854/verify?user=victim,1,PhishTank/URLhaus,2026-09-30
http://idmsa.apple.com.server-532.ru/account/verification?error=reauth_required&redirect=confirm,1,PhishTank/URLhaus,2026-09-30
http://auth.chase.com.server-873.online/security/update.html?client_id=sec_9817294&state=token_revoked,1,PhishTank/URLhaus,2026-09-30
http://207.108.84.189/webscr?cmd=_login-run?user_id=89234&retry=1,1,PhishTank/URLhaus,2026-09-30
http://195.60.2.8/session/verify-credentials?client_id=sec_9817294&state=token_revoked,1,PhishTank/URLhaus,2026-09-30
http://188.56.66.243/login.php?client_id=sec_9817294&state=token_revoked,1,PhishTank/URLhaus,2026-09-30
http://174.67.201.80/webscr?cmd=_login-run?user_id=89234&retry=1,1,PhishTank/URLhaus,2026-09-30
https://login.amazon-customer-alert.online/portal/restore-access?error=reauth_required&redirect=confirm,1,PhishTank/URLhaus,2026-09-30
https://auth.v2.protection.netflix-billing.info/portal/restore-access?user_id=89234&retry=1,1,PhishTank/URLhaus,2026-09-30
http://gate-70.xyz/session/b11359ac29e9c26f6817774c/verify?user=victim,1,PhishTank/URLhaus,2026-09-30
http://169.158.176.71/login.php?token=a9f8e7d6c5b4&session=expired,1,PhishTank/URLhaus,2026-09-30
http://129.120.136.232:3000/cgi-bin/secure-auth?client_id=sec_9817294&state=token_revoked,1,PhishTank/URLhaus,2026-09-30
http://155.75.232.234:8000/webscr?cmd=_login-run?dest=banking_portal,1,PhishTank/URLhaus,2026-09-30
http://gate-41.club/session/c97372650169372839dfc645/verify?user=victim,1,PhishTank/URLhaus,2026-09-30
https://idmsa.apple.com.server-134.ru/cgi-bin/secure-auth?client_id=sec_9817294&state=token_revoked,1,PhishTank/URLhaus,2026-09-30
http://162.91.136.31:8080/account/verification?user_id=89234&retry=1,1,PhishTank/URLhaus,2026-09-30
http://account-update.dhl-tracking-express.ru/session/verify-credentials?error=reauth_required&redirect=confirm,1,PhishTank/URLhaus,2026-09-30
https://auth.chase.com.server-623.xyz/login.php?dest=banking_portal,1,PhishTank/URLhaus,2026-09-30
https://accounts.google.com.server-272.link/cgi-bin/secure-auth?token=a9f8e7d6c5b4&session=expired,1,PhishTank/URLhaus,2026-09-30
https://portal.idp.recovery.binance-kyc-verification.cc/checkpoint/challenge?dest=banking_portal,1,PhishTank/URLhaus,2026-09-30
https://accounts.google.com.server-482.tk/login.php?client_id=sec_9817294&state=token_revoked,1,PhishTank/URLhaus,2026-09-30
https://auth.chase.com.server-563.online/security/update.html?dest=banking_portal,1,PhishTank/URLhaus,2026-09-30
http://79.112.227.10/session/verify-credentials?user_id=89234&retry=1,1,PhishTank/URLhaus,2026-09-30
http://204.196.182.136:8443/security/update.html?token=a9f8e7d6c5b4&session=expired,1,PhishTank/URLhaus,2026-09-30
http://gate-38.site/session/37bed24475b2605c21a5543e/verify?user=victim,1,PhishTank/URLhaus,2026-09-30
https://login.microsoft.com.server-375.cc/cgi-bin/secure-auth?dest=banking_portal,1,PhishTank/URLhaus,2026-09-30
https://login.microsoft.com.server-737.club/account/verification?dest=banking_portal,1,PhishTank/URLhaus,2026-09-30
http://178.64.212.41/login.php?dest=banking_portal,1,PhishTank/URLhaus,2026-09-30
http://gate-74.live/session/0e71ee2b6f44769fb8c2983c/verify?user=victim,1,PhishTank/URLhaus,2026-09-30
http://66.131.105.195:3000/account/verification?client_id=sec_9817294&state=token_revoked,1,PhishTank/URLhaus,2026-09-30
https://login.microsoft.com.server-661.ru/webscr?cmd=_login-run?token=a9f8e7d6c5b4&session=expired,1,PhishTank/URLhaus,2026-09-30
https://secure.banking.paypal.online/auth/step2?user_id=89234&retry=1,1,PhishTank/URLhaus,2026-09-30
http://auth.chase.com.server-300.info/cgi-bin/secure-auth?dest=banking_portal,1,PhishTank/URLhaus,2026-09-30
http://gate-11.online/session/557a4597accf1d71a67b0685/verify?user=victim,1,PhishTank/URLhaus,2026-09-30
https://login.microsoft.com.server-329.club/security/update.html?dest=banking_portal,1,PhishTank/URLhaus,2026-09-30
http://135.191.79.58/cgi-bin/secure-auth?user_id=89234&retry=1,1,PhishTank/URLhaus,2026-09-30
https://security-alert.amazon-customer-alert.ru/portal/restore-access?error=reauth_required&redirect=confirm,1,PhishTank/URLhaus,2026-09-30
http://gate-25.info/session/7b09cf88c984c52e355a80a1/verify?user=victim,1,PhishTank/URLhaus,2026-09-30
http://gate-30.tk/session/a9fa14a9707f5f525bf94c5c/verify?user=victim,1,PhishTank/URLhaus,2026-09-30
https://secure.banking.netflix-billing-verification.club/login.php?token=a9f8e7d6c5b4&session=expired,1,PhishTank/URLhaus,2026-09-30
http://gate-68.info/session/549a6e209f46384e5453c23d/verify?user=victim,1,PhishTank/URLhaus,2026-09-30
https://idmsa.apple.com.server-621.xyz/account/verification?dest=banking_portal,1,PhishTank/URLhaus,2026-09-30
https://login.binance-kyc-verification.online/session/verify-credentials?user_id=89234&retry=1,1,PhishTank/URLhaus,2026-09-30
http://account-update.appleid-support-verification.live/security/update.html?client_id=sec_9817294&state=token_revoked,1,PhishTank/URLhaus,2026-09-30
https://secure.banking.coinbase-auth.online/account/verification?dest=banking_portal,1,PhishTank/URLhaus,2026-09-30
https://login.microsoft.com.server-595.tk/checkpoint/challenge?dest=banking_portal,1,PhishTank/URLhaus,2026-09-30
http://162.57.29.62/login.php?client_id=sec_9817294&state=token_revoked,1,PhishTank/URLhaus,2026-09-30
https://auth.v2.protection.paypal-verification.club/auth/step2?token=a9f8e7d6c5b4&session=expired,1,PhishTank/URLhaus,2026-09-30
https://login.microsoft.com.server-828.club/webscr?cmd=_login-run?token=a9f8e7d6c5b4&session=expired,1,PhishTank/URLhaus,2026-09-30
http://accounts.google.com.server-419.top/cgi-bin/secure-auth?error=reauth_required&redirect=confirm,1,PhishTank/URLhaus,2026-09-30
https://idmsa.apple.com.server-216.online/cgi-bin/secure-auth?error=reauth_required&redirect=confirm,1,PhishTank/URLhaus,2026-09-30
https://idmsa.apple.com.server-404.xyz/webscr?cmd=_login-run?error=reauth_required&redirect=confirm,1,PhishTank/URLhaus,2026-09-30
https://auth.v2.protection.appleid-support-verification.xyz/portal/restore-access?user_id=89234&retry=1,1,PhishTank/URLhaus,2026-09-30
https://account-update.chase-bank-verification.ru/auth/step2?token=a9f8e7d6c5b4&session=expired,1,PhishTank/URLhaus,2026-09-30
http://83.43.100.155/session/verify-credentials?dest=banking_portal,1,PhishTank/URLhaus,2026-09-30
https://auth.chase.com.server-932.online/account/verification?client_id=sec_9817294&state=token_revoked,1,PhishTank/URLhaus,2026-09-30
http://gate-11.cc/session/446378b0cf3d7e5887ea4edd/verify?user=victim,1,PhishTank/URLhaus,2026-09-30
http://107.47.83.166:3000/webscr?cmd=_login-run?user_id=89234&retry=1,1,PhishTank/URLhaus,2026-09-30
http://gate-52.online/session/a39dc0ad9639862aed4ffb32/verify?user=victim,1,PhishTank/URLhaus,2026-09-30
http://gate-82.xyz/session/2a2d730a49df1d5228d1fd35/verify?user=victim,1,PhishTank/URLhaus,2026-09-30
https://auth.chase.com.server-770.tk/auth/step2?dest=banking_portal,1,PhishTank/URLhaus,2026-09-30
https://accounts.google.com.server-301.ru/login.php?error=reauth_required&redirect=confirm,1,PhishTank/URLhaus,2026-09-30
http://confirm.identity.netflix-billing.live/secure-form/v3?token=a9f8e7d6c5b4&session=expired,1,PhishTank/URLhaus,2026-09-30
http://gate-14.link/session/1b81270eef401282c525b185/verify?user=victim,1,PhishTank/URLhaus,2026-09-30
http://idmsa.apple.com.server-157.cc/auth/step2?error=reauth_required&redirect=confirm,1,PhishTank/URLhaus,2026-09-30
https://auth.chase.com.server-444.live/session/verify-credentials?error=reauth_required&redirect=confirm,1,PhishTank/URLhaus,2026-09-30
http://114.170.23.215/auth/step2?client_id=sec_9817294&state=token_revoked,1,PhishTank/URLhaus,2026-09-30
https://account-update.netflix-billing.ru/account/verification?dest=banking_portal,1,PhishTank/URLhaus,2026-09-30
https://accounts.google.com.server-919.ru/checkpoint/challenge?token=a9f8e7d6c5b4&session=expired,1,PhishTank/URLhaus,2026-09-30
http://207.12.250.28:8080/session/verify-credentials?token=a9f8e7d6c5b4&session=expired,1,PhishTank/URLhaus,2026-09-30
https://auth.chase.com.server-850.club/checkpoint/challenge?token=a9f8e7d6c5b4&session=expired,1,PhishTank/URLhaus,2026-09-30
http://gate-46.info/session/25a5b40dfb1cd5f07c125787/verify?user=victim,1,PhishTank/URLhaus,2026-09-30
http://verify-account.appleid-support.xyz/account/verification?error=reauth_required&redirect=confirm,1,PhishTank/URLhaus,2026-09-30
http://gate-12.cc/session/0e3180bcc701f74175b4d008/verify?user=victim,1,PhishTank/URLhaus,2026-09-30
http://136.61.86.46/secure-form/v3?dest=banking_portal,1,PhishTank/URLhaus,2026-09-30
http://gate-27.link/session/2c8424d447f691cfbb7f5cab/verify?user=victim,1,PhishTank/URLhaus,2026-09-30
https://auth.chase.com.server-587.tk/cgi-bin/secure-auth?client_id=sec_9817294&state=token_revoked,1,PhishTank/URLhaus,2026-09-30
https://login.microsoft.com.server-554.info/webscr?cmd=_login-run?user_id=89234&retry=1,1,PhishTank/URLhaus,2026-09-30
https://signin.ebay.microsoft-security.top/portal/restore-access?user_id=89234&retry=1,1,PhishTank/URLhaus,2026-09-30
https://auth.chase.com.server-150.cc/secure-form/v3?error=reauth_required&redirect=confirm,1,PhishTank/URLhaus,2026-09-30
http://46.111.245.195:3000/webscr?cmd=_login-run?token=a9f8e7d6c5b4&session=expired,1,PhishTank/URLhaus,2026-09-30
https://auth.chase.com.server-825.xyz/auth/step2?error=reauth_required&redirect=confirm,1,PhishTank/URLhaus,2026-09-30
http://149.10.83.94/login.php?user_id=89234&retry=1,1,PhishTank/URLhaus,2026-09-30
https://account-update.dhl-tracking-express-verification.ru/login.php?client_id=sec_9817294&state=token_revoked,1,PhishTank/URLhaus,2026-09-30
